Workbook

Sheet Ranking (DPRD)
A1: Squaring the Matrix: First Attempt
B2: Persentase Kerusakan Gedung | C2: Lokasi Gedung | D2: Usia Bangunan | E2: Jumlah Siswa | F2: Total Baris | G2: Eigen Vector
A3: Persentase Kerusakan Gedung | B3: {=MMULT('AHP (DPRD)'!B2:E5,'AHP (DPRD)'!B2:E5)} -> 4 | C3: 3.7142857 | D3: 17 | E3: 39 | F3: =SUM(B3:E3) -> 63.714286 | G3: =F3/$F$7 -> 0.38326441
A4: Lokasi Gedung | B4: 4.625 | C4: 4 | D4: 19.75 | E4: 50 | F4: =SUM(B4:E4) -> 78.375 | G4: =F4/$F$7 -> 0.47145389
A5: Usia Bangunan | B5: 1.1428571 | C5: 1.1071429 | D5: 4 | E5: 11 | F5: =SUM(B5:E5) -> 17.25 | G5: =F5/$F$7 -> 0.10376497
A6: Jumlah Siswa | B6: 0.45535714 | C6: 0.44642857 | D6: 2 | E6: 4 | F6: =SUM(B6:E6) -> 6.9017857 | G6: =F6/$F$7 -> 0.04151673
A7: Total | F7: =SUM(F3:F6) -> 166.24107 | G7: =SUM(G3:G6) -> 1
A9: Squaring the Matrix: Second Attempt
B10: Persentase Kerusakan Gedung | C10: Lokasi Gedung | D10: Usia Bangunan | E10: Jumlah Siswa | F10: Total Baris | G10: Eigen Vector
A11: Persentase Kerusakan Gedung | B11: {=MMULT(B3:E6,B3:E6)} -> 70.366071 | C11: 65.946429 | D11: 287.35714 | E11: 684.71429 | F11: =SUM(B11:E11) -> 1108.3839 | G11: =F11/$F$15 -> 0.39124639
A12: Lokasi Gedung | B12: 82.339286 | C12: 77.366071 | D12: 336.625 | E12: 797.625 | F12: =SUM(B12:E12) -> 1293.9554 | G12: =F12/$F$15 -> 0.4567509
A13: Usia Bangunan | B13: 19.272321 | C13: 18.012755 | D13: 79.294643 | E13: 187.92857 | F13: =SUM(B13:E13) -> 304.50829 | G13: =F13/$F$15 -> 0.10748782
A14: Jumlah Siswa | B14: 7.9933036 | C14: 7.4770408 | D14: 32.558036 | E14: 78.080357 | F14: =SUM(B14:E14) -> 126.10874 | G14: =F14/$F$15 -> 0.044514889
A15: Total | F15: =SUM(F11:F14) -> 2832.9563 | G15: =SUM(G11:G14) -> 1
A17: First EV - Second EV
A18: Kategori | B18: Value | D18: Pertimbangan
A19: Persentase Kerusakan Gedung | B19: =G3-G11 -> -0.0079819819 | D19: Karena semua nilai First EV - Second EV seluruhnya sudah cukup kecil (mendekati 0), maka kita bisa gunakan EV terakhir sebagai bobot prioritas
A20: Lokasi Gedung | B20: =G4-G12 -> 0.014702987
A21: Usia Bangunan | B21: =G5-G13 -> -0.0037228461
A22: Jumlah Siswa | B22: =G6-G14 -> -0.0029981593
A24: Kriteria | B24: Rank | C24: Priority
A25: Persentase Kerusakan Gedung | B25: =_xlfn.RANK.EQ(C25,$C$25:$C$28,0) -> 2 | C25: =G11 -> 0.39124639
A26: Lokasi Gedung | B26: =_xlfn.RANK.EQ(C26,$C$25:$C$28,0) -> 1 | C26: =G12 -> 0.4567509
A27: Usia Bangunan | B27: =_xlfn.RANK.EQ(C27,$C$25:$C$28,0) -> 3 | C27: =G13 -> 0.10748782
A28: Jumlah Siswa | B28: =_xlfn.RANK.EQ(C28,$C$25:$C$28,0) -> 4 | C28: =G14 -> 0.044514889

Sheet Ranking (Jefri)
A1: Squaring the Matrix: First Attempt
B2: Persentase Kerusakan Gedung | C2: Lokasi Gedung | D2: Usia Bangunan | E2: Jumlah Siswa | F2: Total Baris | G2: Eigen Vector
A3: Persentase Kerusakan Gedung | B3: {=MMULT('AHP (Jefri)'!B2:E5,'AHP (Jefri)'!B2:E5)} -> 4 | C3: 28 | D3: 3.8888889 | E3: 51 | F3: =SUM(B3:E3) -> 86.888889 | G3: =F3/$F$7 -> 0.43703428
A4: Lokasi Gedung | B4: 0.69444444 | C4: 4 | D4: 0.68055556 | E4: 8.125 | F4: =SUM(B4:E4) -> 13.5 | G4: =F4/$F$7 -> 0.067902385
A5: Usia Bangunan | B5: 4.125 | C5: 29 | D5: 4 | E5: 54 | F5: =SUM(B5:E5) -> 91.125 | G5: =F5/$F$7 -> 0.4583411
A6: Jumlah Siswa | B6: 0.375 | C6: 2.5555556 | D6: 0.37037037 | E6: 4 | F6: =SUM(B6:E6) -> 7.3009259 | G6: =F6/$F$7 -> 0.036722243
A7: Total | F7: =SUM(F3:F6) -> 198.81481 | G7: =SUM(G3:G6) -> 1
A9: Squaring the Matrix: Second Attempt
B10: Persentase Kerusakan Gedung | C10: Lokasi Gedung | D10: Usia Bangunan | E10: Jumlah Siswa | F10: Total Baris | G10: Eigen Vector
A11: Persentase Kerusakan Gedung | B11: {=MMULT(B3:E6,B3:E6)} -> 70.611111 | C11: 467.11111 | D11: 69.055556 | E11: 845.5 | F11: =SUM(B11:E11) -> 1452.2778 | G11: =F11/$F$15 -> 0.43655776
A12: Lokasi Gedung | B12: 11.409722 | C12: 75.944444 | D12: 11.154321 | E12: 137.16667 | F12: =SUM(B12:E12) -> 235.67515 | G12: =F12/$F$15 -> 0.070844448
A13: Usia Bangunan | B13: 73.388889 | C13: 485.5 | D13: 71.777778 | E13: 878 | F13: =SUM(B13:E13) -> 1508.6667 | G13: =F13/$F$15 -> 0.45350838
A14: Jumlah Siswa | B14: 6.3024691 | C14: 41.685185 | D14: 6.1604938 | E14: 75.888889 | F14: =SUM(B14:E14) -> 130.03704 | G14: =F14/$F$15 -> 0.039089408
A15: Total | F15: =SUM(F11:F14) -> 3326.6566 | G15: =SUM(G11:G14) -> 1
A17: First EV - Second EV
A18: Kategori | B18: Value | D18: Pertimbangan
A19: Persentase Kerusakan Gedung | B19: =G3-G11 -> 0.00047651462 | D19: Karena semua nilai First EV - Second EV seluruhnya sudah cukup kecil (mendekati 0), maka kita bisa gunakan EV terakhir sebagai bobot prioritas
A20: Lokasi Gedung | B20: =G4-G12 -> -0.0029420639
A21: Usia Bangunan | B21: =G5-G13 -> 0.0048327139
A22: Jumlah Siswa | B22: =G6-G14 -> -0.0023671646
A24: Kriteria | B24: Rank | C24: Priority
A25: Persentase Kerusakan Gedung | B25: =_xlfn.RANK.EQ(C25,$C$25:$C$28,0) -> 2 | C25: =G11 -> 0.43655776
A26: Lokasi Gedung | B26: =_xlfn.RANK.EQ(C26,$C$25:$C$28,0) -> 3 | C26: =G12 -> 0.070844448
A27: Usia Bangunan | B27: =_xlfn.RANK.EQ(C27,$C$25:$C$28,0) -> 1 | C27: =G13 -> 0.45350838
A28: Jumlah Siswa | B28: =_xlfn.RANK.EQ(C28,$C$25:$C$28,0) -> 4 | C28: =G14 -> 0.039089408

Sheet Ranking (Jhon)
A1: Squaring the Matrix: First Attempt
B2: Persentase Kerusakan Gedung | C2: Lokasi Gedung | D2: Usia Bangunan | E2: Jumlah Siswa | F2: Total Baris | G2: Eigen Vector
A3: Persentase Kerusakan Gedung | B3: {=MMULT('AHP (Jhon)'!B2:E5,'AHP (Jhon)'!B2:E5)} -> 4 | C3: 2.75 | D3: 9.2857143 | E3: 43.5 | F3: =SUM(B3:E3) -> 59.535714 | G3: =F3/$F$7 -> 0.32772669
A4: Lokasi Gedung | B4: 6.3333333 | C4: 4 | D4: 15.285714 | E4: 64 | F4: =SUM(B4:E4) -> 89.619048 | G4: =F4/$F$7 -> 0.49332663
A5: Usia Bangunan | B5: 1.9444444 | C5: 1.4444444 | D5: 4 | E5: 19.25 | F5: =SUM(B5:E5) -> 26.638889 | G5: =F5/$F$7 -> 0.14663929
A6: Jumlah Siswa | B6: 0.49206349 | C6: 0.31349206 | D6: 1.0634921 | E6: 4 | F6: =SUM(B6:E6) -> 5.8690476 | G6: =F6/$F$7 -> 0.03230739
A7: Total | F7: =SUM(F3:F6) -> 181.6627 | G7: =SUM(G3:G6) -> 1
A9: Squaring the Matrix: Second Attempt
B10: Persentase Kerusakan Gedung | C10: Lokasi Gedung | D10: Usia Bangunan | E10: Jumlah Siswa | F10: Total Baris | G10: Eigen Vector
A11: Persentase Kerusakan Gedung | B11: {=MMULT(B3:E6,B3:E6)} -> 72.876984 | C11: 49.049603 | D11: 162.58333 | E11: 702.75 | F11: =SUM(B11:E11) -> 987.25992 | G11: =F11/$F$15 -> 0.32058534
A12: Lokasi Gedung | B12: 111.88095 | C12: 75.559524 | D12: 249.15873 | E12: 1081.75 | F12: =SUM(B12:E12) -> 1518.3492 | G12: =F12/$F$15 -> 0.4930419
A13: Usia Bangunan | B13: 34.175926 | C13: 22.9375 | D13: 76.607143 | E13: 331.02778 | F13: =SUM(B13:E13) -> 464.74835 | G13: =F13/$F$15 -> 0.15091417
A14: Jumlah Siswa | B14: 7.9898589 | C14: 5.3972663 | D14: 17.869048 | E14: 77.940476 | F14: =SUM(B14:E14) -> 109.19665 | G14: =F14/$F$15 -> 0.035458591
A15: Total | F15: =SUM(F11:F14) -> 3079.5541 | G15: =SUM(G11:G14) -> 1
A17: First EV - Second EV
A18: Kategori | B18: Value | D18: Pertimbangan
A19: Persentase Kerusakan Gedung | B19: =G3-G11 -> 0.007141342 | D19: Karena semua nilai First EV - Second EV seluruhnya sudah cukup kecil (mendekati 0), maka kita bisa gunakan EV terakhir sebagai bobot prioritas
A20: Lokasi Gedung | B20: =G4-G12 -> 0.00028473753
A21: Usia Bangunan | B21: =G5-G13 -> -0.0042748787
A22: Jumlah Siswa | B22: =G6-G14 -> -0.0031512008
A24: Kriteria | B24: Rank | C24: Priority
A25: Persentase Kerusakan Gedung | B25: =_xlfn.RANK.EQ(C25,$C$25:$C$28,0) -> 2 | C25: =G11 -> 0.32058534
A26: Lokasi Gedung | B26: =_xlfn.RANK.EQ(C26,$C$25:$C$28,0) -> 1 | C26: =G12 -> 0.4930419
A27: Usia Bangunan | B27: =_xlfn.RANK.EQ(C27,$C$25:$C$28,0) -> 3 | C27: =G13 -> 0.15091417
A28: Jumlah Siswa | B28: =_xlfn.RANK.EQ(C28,$C$25:$C$28,0) -> 4 | C28: =G14 -> 0.035458591

Sheet AHP (Jhon)
B1: Persentase Kerusakan Gedung | C1: Lokasi Gedung | D1: Usia Bangunan | E1: Jumlah Siswa
A2: Persentase Kerusakan Gedung | B2: 1 | C2: =1/2 -> 0.5 | D2: 3 | E2: 9
A3: Lokasi Gedung | B3: =1/C2 -> 2 | C3: 1 | D3: 4 | E3: 9
A4: Usia Bangunan | B4: =1/D2 -> 0.33333333 | C4: =1/D3 -> 0.25 | D4: 1 | E4: 7
A5: Jumlah Siswa | B5: =1/E2 -> 0.11111111 | C5: =1/E3 -> 0.11111111 | D5: =1/E4 -> 0.14285714 | E5: 1
A6: Total | B6: =SUM(B2:B5) -> 3.4444444 | C6: =SUM(C2:C5) -> 1.8611111 | D6: =SUM(D2:D5) -> 8.1428571 | E6: =SUM(E2:E5) -> 26
B9: Persentase Kerusakan Gedung | C9: Lokasi Gedung | D9: Usia Bangunan | E9: Jumlah Siswa | F9: Prioritas
A10: Persentase Kerusakan Gedung | B10: =B2/$B$6 -> 0.29032258 | C10: =C2/$C$6 -> 0.26865672 | D10: =D2/$D$6 -> 0.36842105 | E10: =E2/$E$6 -> 0.34615385 | F10: =AVERAGE(B10:E10) -> 0.31838855
A11: Lokasi Gedung | B11: =B3/$B$6 -> 0.58064516 | C11: =C3/$C$6 -> 0.53731343 | D11: =D3/$D$6 -> 0.49122807 | E11: =E3/$E$6 -> 0.34615385 | F11: =AVERAGE(B11:E11) -> 0.48883513
A12: Usia Bangunan | B12: =B4/$B$6 -> 0.096774194 | C12: =C4/$C$6 -> 0.13432836 | D12: =D4/$D$6 -> 0.12280702 | E12: =E4/$E$6 -> 0.26923077 | F12: =AVERAGE(B12:E12) -> 0.15578508
A13: Jumlah Siswa | B13: =B5/$B$6 -> 0.032258065 | C13: =C5/$C$6 -> 0.059701493 | D13: =D5/$D$6 -> 0.01754386 | E13: =E5/$E$6 -> 0.038461538 | F13: =AVERAGE(B13:E13) -> 0.036991239
A14: Total | B14: =SUM(B10:B13) -> 1 | C14: =SUM(C10:C13) -> 1 | D14: =SUM(D10:D13) -> 1 | E14: =SUM(E10:E13) -> 1 | F14: =SUM(F10:F13) -> 1
A17: Parameter | B17: Value | C17: Conclusion
A18: Max Eigen Value | B18: =MMULT(B6:E6,F10:F13) -> 4.2367561 | C18: =IF(B22<=0.1,"Konsistensi Baik/Acceptable","Konsistensi Buruk") -> Konsistensi Baik/Acceptable
A19: Jumlah Kategori yang Ada | B19: 4
A20: CI | B20: =(B18-B19)/(B19-1) -> 0.078918685
A21: RI | B21: =INDEX(B26:K26, MATCH(B19, B25:K25, 0)) -> 0.9
A22: CR = CI/RI | B22: =B20/B21 -> 0.087687427
A24: Tabel Random Consistency Ratio (RI)
A25: Jumlah Kategori | B25: 1 | C25: 2 | D25: 3 | E25: 4 | F25: 5 | G25: 6 | H25: 7 | I25: 8 | J25: 9 | K25: 10
A26: RI | B26: 0 | C26: 0 | D26: 0.58 | E26: 0.9 | F26: 1.12 | G26: 1.24 | H26: 1.32 | I26: 1.41 | J26: 1.45 | K26: 1.49

Sheet AHP (Jefri)
B1: Persentase Kerusakan Gedung | C1: Lokasi Gedung | D1: Usia Bangunan | E1: Jumlah Siswa
A2: Persentase Kerusakan Gedung | B2: 1 | C2: 8 | D2: 1 | E2: 9
A3: Lokasi Gedung | B3: =1/C2 -> 0.125 | C3: 1 | D3: =1/9 -> 0.11111111 | E3: 3
A4: Usia Bangunan | B4: =1/D2 -> 1 | C4: =1/D3 -> 9 | D4: 1 | E4: 9
A5: Jumlah Siswa | B5: =1/E2 -> 0.11111111 | C5: =1/E3 -> 0.33333333 | D5: =1/E4 -> 0.11111111 | E5: 1
A6: Total | B6: =SUM(B2:B5) -> 2.2361111 | C6: =SUM(C2:C5) -> 18.333333 | D6: =SUM(D2:D5) -> 2.2222222 | E6: =SUM(E2:E5) -> 22
B9: Persentase Kerusakan Gedung | C9: Lokasi Gedung | D9: Usia Bangunan | E9: Jumlah Siswa | F9: Prioritas
A10: Persentase Kerusakan Gedung | B10: =B2/$B$6 -> 0.44720497 | C10: =C2/$C$6 -> 0.43636364 | D10: =D2/$D$6 -> 0.45 | E10: =E2/$E$6 -> 0.40909091 | F10: =AVERAGE(B10:E10) -> 0.43566488
A11: Lokasi Gedung | B11: =B3/$B$6 -> 0.055900621 | C11: =C3/$C$6 -> 0.054545455 | D11: =D3/$D$6 -> 0.05 | E11: =E3/$E$6 -> 0.13636364 | F11: =AVERAGE(B11:E11) -> 0.074202428
A12: Usia Bangunan | B12: =B4/$B$6 -> 0.44720497 | C12: =C4/$C$6 -> 0.49090909 | D12: =D4/$D$6 -> 0.45 | E12: =E4/$E$6 -> 0.40909091 | F12: =AVERAGE(B12:E12) -> 0.44930124
A13: Jumlah Siswa | B13: =B5/$B$6 -> 0.049689441 | C13: =C5/$C$6 -> 0.018181818 | D13: =D5/$D$6 -> 0.05 | E13: =E5/$E$6 -> 0.045454545 | F13: =AVERAGE(B13:E13) -> 0.040831451
A14: Total | B14: =SUM(B10:B13) -> 1 | C14: =SUM(C10:C13) -> 1 | D14: =SUM(D10:D13) -> 1 | E14: =SUM(E10:E13) -> 1 | F14: =SUM(F10:F13) -> 1
A17: Parameter | B17: Value | C17: Conclusion
A18: Max Eigen Value | B18: =MMULT(B6:E6,F10:F13) -> 4.2313121 | C18: =IF(B22<=0.1,"Konsistensi Baik/Acceptable","Konsistensi Buruk") -> Konsistensi Baik/Acceptable
A19: Jumlah Kategori yang Ada | B19: 4
A20: CI | B20: =(B18-B19)/(B19-1) -> 0.077104018
A21: RI | B21: =INDEX(B26:K26, MATCH(B19, B25:K25, 0)) -> 0.9
A22: CR = CI/RI | B22: =B20/B21 -> 0.085671131
A24: Tabel Random Consistency Ratio (RI)
A25: Jumlah Kategori | B25: 1 | C25: 2 | D25: 3 | E25: 4 | F25: 5 | G25: 6 | H25: 7 | I25: 8 | J25: 9 | K25: 10
A26: RI | B26: 0 | C26: 0 | D26: 0.58 | E26: 0.9 | F26: 1.12 | G26: 1.24 | H26: 1.32 | I26: 1.41 | J26: 1.45 | K26: 1.49

Sheet AHP (DPRD)
B1: Persentase Kerusakan Gedung | C1: Lokasi Gedung | D1: Usia Bangunan | E1: Jumlah Siswa
A2: Persentase Kerusakan Gedung | B2: 1 | C2: 1 | D2: 4 | E2: 8
A3: Lokasi Gedung | B3: =1/C2 -> 1 | C3: 1 | D3: 7 | E3: 7
A4: Usia Bangunan | B4: =1/D2 -> 0.25 | C4: =1/D3 -> 0.14285714 | D4: 1 | E4: 4
A5: Jumlah Siswa | B5: =1/E2 -> 0.125 | C5: =1/E3 -> 0.14285714 | D5: =1/E4 -> 0.25 | E5: 1
A6: Total | B6: =SUM(B2:B5) -> 2.375 | C6: =SUM(C2:C5) -> 2.2857143 | D6: =SUM(D2:D5) -> 12.25 | E6: =SUM(E2:E5) -> 20
B9: Persentase Kerusakan Gedung | C9: Lokasi Gedung | D9: Usia Bangunan | E9: Jumlah Siswa | F9: Prioritas
A10: Persentase Kerusakan Gedung | B10: =B2/$B$6 -> 0.42105263 | C10: =C2/$C$6 -> 0.4375 | D10: =D2/$D$6 -> 0.32653061 | E10: =E2/$E$6 -> 0.4 | F10: =AVERAGE(B10:E10) -> 0.39627081
A11: Lokasi Gedung | B11: =B3/$B$6 -> 0.42105263 | C11: =C3/$C$6 -> 0.4375 | D11: =D3/$D$6 -> 0.57142857 | E11: =E3/$E$6 -> 0.35 | F11: =AVERAGE(B11:E11) -> 0.4449953
A12: Usia Bangunan | B12: =B4/$B$6 -> 0.10526316 | C12: =C4/$C$6 -> 0.0625 | D12: =D4/$D$6 -> 0.081632653 | E12: =E4/$E$6 -> 0.2 | F12: =AVERAGE(B12:E12) -> 0.11234895
A13: Jumlah Siswa | B13: =B5/$B$6 -> 0.052631579 | C13: =C5/$C$6 -> 0.0625 | D13: =D5/$D$6 -> 0.020408163 | E13: =E5/$E$6 -> 0.05 | F13: =AVERAGE(B13:E13) -> 0.046384936
A14: Total | B14: =SUM(B10:B13) -> 1 | C14: =SUM(C10:C13) -> 1 | D14: =SUM(D10:D13) -> 1 | E14: =SUM(E10:E13) -> 1 | F14: =SUM(F10:F13) -> 1
A17: Parameter | B17: Value | C17: Conclusion
A18: Max Eigen Value | B18: =MMULT(B6:E6,F10:F13) -> 4.2622487 | C18: =IF(B22<=0.1,"Konsistensi Baik/Acceptable","Konsistensi Buruk") -> Konsistensi Baik/Acceptable
A19: Jumlah Kategori yang Ada | B19: 4
A20: CI | B20: =(B18-B19)/(B19-1) -> 0.087416225
A21: RI | B21: =INDEX(B26:K26, MATCH(B19, B25:K25, 0)) -> 0.9
A22: CR = CI/RI | B22: =B20/B21 -> 0.097129139
A24: Tabel Random Consistency Ratio (RI)
A25: Jumlah Kategori | B25: 1 | C25: 2 | D25: 3 | E25: 4 | F25: 5 | G25: 6 | H25: 7 | I25: 8 | J25: 9 | K25: 10
A26: RI | B26: 0 | C26: 0 | D26: 0.58 | E26: 0.9 | F26: 1.12 | G26: 1.24 | H26: 1.32 | I26: 1.41 | J26: 1.45 | K26: 1.49

Sheet Pairw Comp Matrix
A1: PENGAWAS SEKOLAH DASAR KAPUAS BARAT (JHON)
B3: PERSENTASE KERUSAKAN GEDUNG | C3: LOKASI GEDUNG | D3: USIA BANGUNAN | E3: JUMLAH SISWA
A4: PERSENTASE KERUSAKAN GEDUNG | B4: 1 | C4: =1/2 -> 0.5 | D4: 3 | E4: 9
A5: LOKASI GEDUNG | B5: =1/C4 -> 2 | C5: 1 | D5: 4 | E5: 9
A6: USIA BANGUNAN | B6: =1/D4 -> 0.33333333 | C6: =1/D5 -> 0.25 | D6: 1 | E6: 7
A7: JUMLAH SISWA | B7: =1/E4 -> 0.11111111 | C7: =1/E5 -> 0.11111111 | D7: =1/E6 -> 0.14285714 | E7: 1
A9: KEPALA BIDANG PENGAWASAN SEKOLAH DASAR DISDIK KAPUAS (JEFRI)
B11: PERSENTASE KERUSAKAN GEDUNG | C11: LOKASI GEDUNG | D11: USIA BANGUNAN | E11: JUMLAH SISWA
A12: PERSENTASE KERUSAKAN GEDUNG | B12: 1 | C12: 8 | D12: 1 | E12: 9
A13: LOKASI GEDUNG | B13: =1/C12 -> 0.125 | C13: 1 | D13: =1/9 -> 0.11111111 | E13: 3
A14: USIA BANGUNAN | B14: =1/D12 -> 1 | C14: =1/D13 -> 9 | D14: 1 | E14: 9
A15: JUMLAH SISWA | B15: =1/E12 -> 0.11111111 | C15: =1/E13 -> 0.33333333 | D15: =1/E14 -> 0.11111111 | E15: 1
A17: KOMISI IV DPRD KAB. KAPUAS
B19: PERSENTASE KERUSAKAN GEDUNG | C19: LOKASI GEDUNG | D19: USIA BANGUNAN | E19: JUMLAH SISWA
A20: PERSENTASE KERUSAKAN GEDUNG | B20: 1 | C20: 1 | D20: 4 | E20: 8
A21: LOKASI GEDUNG | B21: =1/C20 -> 1 | C21: 1 | D21: 7 | E21: 7
A22: USIA BANGUNAN | B22: =1/D20 -> 0.25 | C22: =1/D21 -> 0.14285714 | D22: 1 | E22: 4
A23: JUMLAH SISWA | B23: =1/E20 -> 0.125 | C23: =1/E21 -> 0.14285714 | D23: =1/E22 -> 0.25 | E23: 1

Sheet PERBANDINGAN KRITERIA
B1: PERBANDINGAN KRITERIA | V1: PERBANDINGAN KRITERIA | AP1: PERBANDINGAN KRITERIA
B2: PENGAWAS SEKOLAH DASAR KAPUAS BARAT (JHON) | V2: KEPALA BIDANG PENGAWASAN SEKOLAH DASAR DISDIK KAPUAS (JEFRI) | AP2: KOMISI IV DPRD KAB. KAPUAS | BJ2: PANDUAN PENGISIAN | BN2: CONDONG KE A | BV2: NETRAL | BW2: CONDONG KE B
B3: KRITERIA UTAMA | C3: KRITERIA NILAI | T3: KRITERIA PEMBANDING | V3: KRITERIA UTAMA | W3: KRITERIA NILAI | AN3: KRITERIA PEMBANDING | AP3: KRITERIA UTAMA | AQ3: KRITERIA NILAI | BH3: KRITERIA PEMBANDING | BJ3: TINGKAT KEPENTINGAN | BK3: DEFINISI | BM3: PILIHAN A | BN3: 9 | BO3: 8 | BP3: 7 | BQ3: 6 | BR3: 5 | BS3: 4 | BT3: 3 | BU3: 2 | BV3: 1 | BW3: 2 | BX3: 3 | BY3: 4 | BZ3: 5 | CA3: 6 | CB3: 7 | CC3: 8 | CD3: 9 | CE3: PILIHAN B
C4: 9 | D4: 8 | E4: 7 | F4: 6 | G4: 5 | H4: 4 | I4: 3 | J4: 2 | K4: 1 | L4: 2 | M4: 3 | N4: 4 | O4: 5 | P4: 6 | Q4: 7 | R4: 8 | S4: 9 | W4: 9 | X4: 8 | Y4: 7 | Z4: 6 | AA4: 5 | AB4: 4 | AC4: 3 | AD4: 2 | AE4: 1 | AF4: 2 | AG4: 3 | AH4: 4 | AI4: 5 | AJ4: 6 | AK4: 7 | AL4: 8 | AM4: 9 | AQ4: 9 | AR4: 8 | AS4: 7 | AT4: 6 | AU4: 5 | AV4: 4 | AW4: 3 | AX4: 2 | AY4: 1 | AZ4: 2 | BA4: 3 | BB4: 4 | BC4: 5 | BD4: 6 | BE4: 7 | BF4: 8 | BG4: 9 | BJ4: 1 | BK4: KEDUA ELEMEN SAMA PENTING
B5: PERSENTASE KERUSAKAN GEDUNG | C5: 9 | D5: 8 | E5: 7 | F5: 6 | G5: 5 | H5: 4 | I5: 3 | J5: 2 | K5: 1 | L5: 2 | M5: 3 | N5: 4 | O5: 5 | P5: 6 | Q5: 7 | R5: 8 | S5: 9 | T5: LOKASI GFEDUNG | V5: PERSENTASE KERUSAKAN GEDUNG | W5: 9 | X5: 8 | Y5: 7 | Z5: 6 | AA5: 5 | AB5: 4 | AC5: 3 | AD5: 2 | AE5: 1 | AF5: 2 | AG5: 3 | AH5: 4 | AI5: 5 | AJ5: 6 | AK5: 7 | AL5: 8 | AM5: 9 | AN5: LOKASI GFEDUNG | AP5: PERSENTASE KERUSAKAN GEDUNG | AQ5: 9 | AR5: 8 | AS5: 7 | AT5: 6 | AU5: 5 | AV5: 4 | AW5: 3 | AX5: 2 | AY5: 1 | AZ5: 2 | BA5: 3 | BB5: 4 | BC5: 5 | BD5: 6 | BE5: 7 | BF5: 8 | BG5: 9 | BH5: LOKASI GFEDUNG | BJ5: 3 | BK5: ELEMEN YANG SATU SEDIKIT LEBIH PENTING DARI YANG LAIN
B6: PERSENTASE KERUSAKAN GEDUNG | C6: 9 | D6: 8 | E6: 7 | F6: 6 | G6: 5 | H6: 4 | I6: 3 | J6: 2 | K6: 1 | L6: 2 | M6: 3 | N6: 4 | O6: 5 | P6: 6 | Q6: 7 | R6: 8 | S6: 9 | T6: USIA BANGUNAN | V6: PERSENTASE KERUSAKAN GEDUNG | W6: 9 | X6: 8 | Y6: 7 | Z6: 6 | AA6: 5 | AB6: 4 | AC6: 3 | AD6: 2 | AE6: 1 | AF6: 2 | AG6: 3 | AH6: 4 | AI6: 5 | AJ6: 6 | AK6: 7 | AL6: 8 | AM6: 9 | AN6: USIA BANGUNAN | AP6: PERSENTASE KERUSAKAN GEDUNG | AQ6: 9 | AR6: 8 | AS6: 7 | AT6: 6 | AU6: 5 | AV6: 4 | AW6: 3 | AX6: 2 | AY6: 1 | AZ6: 2 | BA6: 3 | BB6: 4 | BC6: 5 | BD6: 6 | BE6: 7 | BF6: 8 | BG6: 9 | BH6: USIA BANGUNAN | BJ6: 5 | BK6: ELEMEN YANG SATU LEBIH PENTING DARI YANG LAIN
B7: PERSENTASE KERUSAKAN GEDUNG | C7: 9 | D7: 8 | E7: 7 | F7: 6 | G7: 5 | H7: 4 | I7: 3 | J7: 2 | K7: 1 | L7: 2 | M7: 3 | N7: 4 | O7: 5 | P7: 6 | Q7: 7 | R7: 8 | S7: 9 | T7: JUMLAH SISWA | V7: PERSENTASE KERUSAKAN GEDUNG | W7: 9 | X7: 8 | Y7: 7 | Z7: 6 | AA7: 5 | AB7: 4 | AC7: 3 | AD7: 2 | AE7: 1 | AF7: 2 | AG7: 3 | AH7: 4 | AI7: 5 | AJ7: 6 | AK7: 7 | AL7: 8 | AM7: 9 | AN7: JUMLAH SISWA | AP7: PERSENTASE KERUSAKAN GEDUNG | AQ7: 9 | AR7: 8 | AS7: 7 | AT7: 6 | AU7: 5 | AV7: 4 | AW7: 3 | AX7: 2 | AY7: 1 | AZ7: 2 | BA7: 3 | BB7: 4 | BC7: 5 | BD7: 6 | BE7: 7 | BF7: 8 | BG7: 9 | BH7: JUMLAH SISWA | BJ7: 7 | BK7: ELEMEN YANG SATU SANGAT PENTING DARI YANG LAIN
B8: LOKASI GEDUNG | C8: 9 | D8: 8 | E8: 7 | F8: 6 | G8: 5 | H8: 4 | I8: 3 | J8: 2 | K8: 1 | L8: 2 | M8: 3 | N8: 4 | O8: 5 | P8: 6 | Q8: 7 | R8: 8 | S8: 9 | T8: USIA BANGUNAN | V8: LOKASI GEDUNG | W8: 9 | X8: 8 | Y8: 7 | Z8: 6 | AA8: 5 | AB8: 4 | AC8: 3 | AD8: 2 | AE8: 1 | AF8: 2 | AG8: 3 | AH8: 4 | AI8: 5 | AJ8: 6 | AK8: 7 | AL8: 8 | AM8: 9 | AN8: USIA BANGUNAN | AP8: LOKASI GEDUNG | AQ8: 9 | AR8: 8 | AS8: 7 | AT8: 6 | AU8: 5 | AV8: 4 | AW8: 3 | AX8: 2 | AY8: 1 | AZ8: 2 | BA8: 3 | BB8: 4 | BC8: 5 | BD8: 6 | BE8: 7 | BF8: 8 | BG8: 9 | BH8: USIA BANGUNAN | BJ8: 9 | BK8: ELEMEN YANG SATU MUTLAK LEBIH PENTING DARI YANG LAIN
B9: LOKASI GEDUNG | C9: 9 | D9: 8 | E9: 7 | F9: 6 | G9: 5 | H9: 4 | I9: 3 | J9: 2 | K9: 1 | L9: 2 | M9: 3 | N9: 4 | O9: 5 | P9: 6 | Q9: 7 | R9: 8 | S9: 9 | T9: JUMLAH SISWA | V9: LOKASI GEDUNG | W9: 9 | X9: 8 | Y9: 7 | Z9: 6 | AA9: 5 | AB9: 4 | AC9: 3 | AD9: 2 | AE9: 1 | AF9: 2 | AG9: 3 | AH9: 4 | AI9: 5 | AJ9: 6 | AK9: 7 | AL9: 8 | AM9: 9 | AN9: JUMLAH SISWA | AP9: LOKASI GEDUNG | AQ9: 9 | AR9: 8 | AS9: 7 | AT9: 6 | AU9: 5 | AV9: 4 | AW9: 3 | AX9: 2 | AY9: 1 | AZ9: 2 | BA9: 3 | BB9: 4 | BC9: 5 | BD9: 6 | BE9: 7 | BF9: 8 | BG9: 9 | BH9: JUMLAH SISWA | BJ9: 2,4,6,8 | BK9: NILAI KOMPROMI (NILAI TENGAH ANTARA DUA PERBANDINGAN)
B10: USIA BANGUNAN | C10: 9 | D10: 8 | E10: 7 | F10: 6 | G10: 5 | H10: 4 | I10: 3 | J10: 2 | K10: 1 | L10: 2 | M10: 3 | N10: 4 | O10: 5 | P10: 6 | Q10: 7 | R10: 8 | S10: 9 | T10: JUMLAH SISWA | V10: USIA BANGUNAN | W10: 9 | X10: 8 | Y10: 7 | Z10: 6 | AA10: 5 | AB10: 4 | AC10: 3 | AD10: 2 | AE10: 1 | AF10: 2 | AG10: 3 | AH10: 4 | AI10: 5 | AJ10: 6 | AK10: 7 | AL10: 8 | AM10: 9 | AN10: JUMLAH SISWA | AP10: USIA BANGUNAN | AQ10: 9 | AR10: 8 | AS10: 7 | AT10: 6 | AU10: 5 | AV10: 4 | AW10: 3 | AX10: 2 | AY10: 1 | AZ10: 2 | BA10: 3 | BB10: 4 | BC10: 5 | BD10: 6 | BE10: 7 | BF10: 8 | BG10: 9 | BH10: JUMLAH SISWA

Sheet PERSENTASE KERUSAKAN GEDUNG
B1: PERSENTASE KERUSAKAN GEDUNG | V1: PERSENTASE KERUSAKAN GEDUNG | AP1: PERSENTASE KERUSAKAN GEDUNG
B2: PENGAWAS SEKOLAH DASAR KAPUAS BARAT (JHON) | V2: KEPALA BIDANG PENGAWASAN SEKOLAH DASAR DISDIK KAPUAS (JEFRI) | AP2: KOMISI IV DPRD KAB. KAPUAS
B3: SEKOLAH UTAMA | C3: KRITERIA NILAI | T3: SEKOLAH PEMBANDING | V3: SEKOLAH UTAMA | W3: KRITERIA NILAI | AN3: SEKOLAH PEMBANDING | AP3: SEKOLAH UTAMA | AQ3: KRITERIA NILAI | BH3: SEKOLAH PEMBANDING
C4: 9 | D4: 8 | E4: 7 | F4: 6 | G4: 5 | H4: 4 | I4: 3 | J4: 2 | K4: 1 | L4: 2 | M4: 3 | N4: 4 | O4: 5 | P4: 6 | Q4: 7 | R4: 8 | S4: 9 | W4: 9 | X4: 8 | Y4: 7 | Z4: 6 | AA4: 5 | AB4: 4 | AC4: 3 | AD4: 2 | AE4: 1 | AF4: 2 | AG4: 3 | AH4: 4 | AI4: 5 | AJ4: 6 | AK4: 7 | AL4: 8 | AM4: 9 | AQ4: 9 | AR4: 8 | AS4: 7 | AT4: 6 | AU4: 5 | AV4: 4 | AW4: 3 | AX4: 2 | AY4: 1 | AZ4: 2 | BA4: 3 | BB4: 4 | BC4: 5 | BD4: 6 | BE4: 7 | BF4: 8 | BG4: 9
B5: SDN-2 ANJIR KALAMPAN | C5: 9 | D5: 8 | E5: 7 | F5: 6 | G5: 5 | H5: 4 | I5: 3 | J5: 2 | K5: 1 | L5: 2 | M5: 3 | N5: 4 | O5: 5 | P5: 6 | Q5: 7 | R5: 8 | S5: 9 | T5: SDN-3 ANJIR KALAMPAN | V5: SDN-2 ANJIR KALAMPAN | W5: 9 | X5: 8 | Y5: 7 | Z5: 6 | AA5: 5 | AB5: 4 | AC5: 3 | AD5: 2 | AE5: 1 | AF5: 2 | AG5: 3 | AH5: 4 | AI5: 5 | AJ5: 6 | AK5: 7 | AL5: 8 | AM5: 9 | AN5: SDN-3 ANJIR KALAMPAN | AP5: SDN-2 ANJIR KALAMPAN | AQ5: 9 | AR5: 8 | AS5: 7 | AT5: 6 | AU5: 5 | AV5: 4 | AW5: 3 | AX5: 2 | AY5: 1 | AZ5: 2 | BA5: 3 | BB5: 4 | BC5: 5 | BD5: 6 | BE5: 7 | BF5: 8 | BG5: 9 | BH5: SDN-3 ANJIR KALAMPAN
B6: SDN-2 ANJIR KALAMPAN | C6: 9 | D6: 8 | E6: 7 | F6: 6 | G6: 5 | H6: 4 | I6: 3 | J6: 2 | K6: 1 | L6: 2 | M6: 3 | N6: 4 | O6: 5 | P6: 6 | Q6: 7 | R6: 8 | S6: 9 | T6: SDN-1 SAKA MANGKAHAI | V6: SDN-2 ANJIR KALAMPAN | W6: 9 | X6: 8 | Y6: 7 | Z6: 6 | AA6: 5 | AB6: 4 | AC6: 3 | AD6: 2 | AE6: 1 | AF6: 2 | AG6: 3 | AH6: 4 | AI6: 5 | AJ6: 6 | AK6: 7 | AL6: 8 | AM6: 9 | AN6: SDN-1 SAKA MANGKAHAI | AP6: SDN-2 ANJIR KALAMPAN | AQ6: 9 | AR6: 8 | AS6: 7 | AT6: 6 | AU6: 5 | AV6: 4 | AW6: 3 | AX6: 2 | AY6: 1 | AZ6: 2 | BA6: 3 | BB6: 4 | BC6: 5 | BD6: 6 | BE6: 7 | BF6: 8 | BG6: 9 | BH6: SDN-1 SAKA MANGKAHAI | BJ6: PANDUAN PENGISIAN | BN6: CONDONG KE A | BV6: NETRAL | BW6: CONDONG KE B
B7: SDN-2 ANJIR KALAMPAN | C7: 9 | D7: 8 | E7: 7 | F7: 6 | G7: 5 | H7: 4 | I7: 3 | J7: 2 | K7: 1 | L7: 2 | M7: 3 | N7: 4 | O7: 5 | P7: 6 | Q7: 7 | R7: 8 | S7: 9 | T7: SDN-2 SAKA MANGKAHAI | V7: SDN-2 ANJIR KALAMPAN | W7: 9 | X7: 8 | Y7: 7 | Z7: 6 | AA7: 5 | AB7: 4 | AC7: 3 | AD7: 2 | AE7: 1 | AF7: 2 | AG7: 3 | AH7: 4 | AI7: 5 | AJ7: 6 | AK7: 7 | AL7: 8 | AM7: 9 | AN7: SDN-2 SAKA MANGKAHAI | AP7: SDN-2 ANJIR KALAMPAN | AQ7: 9 | AR7: 8 | AS7: 7 | AT7: 6 | AU7: 5 | AV7: 4 | AW7: 3 | AX7: 2 | AY7: 1 | AZ7: 2 | BA7: 3 | BB7: 4 | BC7: 5 | BD7: 6 | BE7: 7 | BF7: 8 | BG7: 9 | BH7: SDN-2 SAKA MANGKAHAI | BJ7: TINGKAT KEPENTINGAN | BK7: DEFINISI | BM7: PILIHAN A | BN7: 9 | BO7: 8 | BP7: 7 | BQ7: 6 | BR7: 5 | BS7: 4 | BT7: 3 | BU7: 2 | BV7: 1 | BW7: 2 | BX7: 3 | BY7: 4 | BZ7: 5 | CA7: 6 | CB7: 7 | CC7: 8 | CD7: 9 | CE7: PILIHAN B
B8: SDN-2 ANJIR KALAMPAN | C8: 9 | D8: 8 | E8: 7 | F8: 6 | G8: 5 | H8: 4 | I8: 3 | J8: 2 | K8: 1 | L8: 2 | M8: 3 | N8: 4 | O8: 5 | P8: 6 | Q8: 7 | R8: 8 | S8: 9 | T8: SDN-2 MANDOMAI | V8: SDN-2 ANJIR KALAMPAN | W8: 9 | X8: 8 | Y8: 7 | Z8: 6 | AA8: 5 | AB8: 4 | AC8: 3 | AD8: 2 | AE8: 1 | AF8: 2 | AG8: 3 | AH8: 4 | AI8: 5 | AJ8: 6 | AK8: 7 | AL8: 8 | AM8: 9 | AN8: SDN-2 MANDOMAI | AP8: SDN-2 ANJIR KALAMPAN | AQ8: 9 | AR8: 8 | AS8: 7 | AT8: 6 | AU8: 5 | AV8: 4 | AW8: 3 | AX8: 2 | AY8: 1 | AZ8: 2 | BA8: 3 | BB8: 4 | BC8: 5 | BD8: 6 | BE8: 7 | BF8: 8 | BG8: 9 | BH8: SDN-2 MANDOMAI | BJ8: 1 | BK8: KEDUA ELEMEN SAMA PENTING
B9: SDN-2 ANJIR KALAMPAN | C9: 9 | D9: 8 | E9: 7 | F9: 6 | G9: 5 | H9: 4 | I9: 3 | J9: 2 | K9: 1 | L9: 2 | M9: 3 | N9: 4 | O9: 5 | P9: 6 | Q9: 7 | R9: 8 | S9: 9 | T9: SDN-3 MANDOMAI | V9: SDN-2 ANJIR KALAMPAN | W9: 9 | X9: 8 | Y9: 7 | Z9: 6 | AA9: 5 | AB9: 4 | AC9: 3 | AD9: 2 | AE9: 1 | AF9: 2 | AG9: 3 | AH9: 4 | AI9: 5 | AJ9: 6 | AK9: 7 | AL9: 8 | AM9: 9 | AN9: SDN-3 MANDOMAI | AP9: SDN-2 ANJIR KALAMPAN | AQ9: 9 | AR9: 8 | AS9: 7 | AT9: 6 | AU9: 5 | AV9: 4 | AW9: 3 | AX9: 2 | AY9: 1 | AZ9: 2 | BA9: 3 | BB9: 4 | BC9: 5 | BD9: 6 | BE9: 7 | BF9: 8 | BG9: 9 | BH9: SDN-3 MANDOMAI | BJ9: 3 | BK9: ELEMEN YANG SATU SEDIKIT LEBIH PENTING DARI YANG LAIN
B10: SDN-2 ANJIR KALAMPAN | C10: 9 | D10: 8 | E10: 7 | F10: 6 | G10: 5 | H10: 4 | I10: 3 | J10: 2 | K10: 1 | L10: 2 | M10: 3 | N10: 4 | O10: 5 | P10: 6 | Q10: 7 | R10: 8 | S10: 9 | T10: SDN-4 MANDOMAI | V10: SDN-2 ANJIR KALAMPAN | W10: 9 | X10: 8 | Y10: 7 | Z10: 6 | AA10: 5 | AB10: 4 | AC10: 3 | AD10: 2 | AE10: 1 | AF10: 2 | AG10: 3 | AH10: 4 | AI10: 5 | AJ10: 6 | AK10: 7 | AL10: 8 | AM10: 9 | AN10: SDN-4 MANDOMAI | AP10: SDN-2 ANJIR KALAMPAN | AQ10: 9 | AR10: 8 | AS10: 7 | AT10: 6 | AU10: 5 | AV10: 4 | AW10: 3 | AX10: 2 | AY10: 1 | AZ10: 2 | BA10: 3 | BB10: 4 | BC10: 5 | BD10: 6 | BE10: 7 | BF10: 8 | BG10: 9 | BH10: SDN-4 MANDOMAI | BJ10: 5 | BK10: ELEMEN YANG SATU LEBIH PENTING DARI YANG LAIN
B11: SDN-2 ANJIR KALAMPAN | C11: 9 | D11: 8 | E11: 7 | F11: 6 | G11: 5 | H11: 4 | I11: 3 | J11: 2 | K11: 1 | L11: 2 | M11: 3 | N11: 4 | O11: 5 | P11: 6 | Q11: 7 | R11: 8 | S11: 9 | T11: SDN-1 PANTAI | V11: SDN-2 ANJIR KALAMPAN | W11: 9 | X11: 8 | Y11: 7 | Z11: 6 | AA11: 5 | AB11: 4 | AC11: 3 | AD11: 2 | AE11: 1 | AF11: 2 | AG11: 3 | AH11: 4 | AI11: 5 | AJ11: 6 | AK11: 7 | AL11: 8 | AM11: 9 | AN11: SDN-1 PANTAI | AP11: SDN-2 ANJIR KALAMPAN | AQ11: 9 | AR11: 8 | AS11: 7 | AT11: 6 | AU11: 5 | AV11: 4 | AW11: 3 | AX11: 2 | AY11: 1 | AZ11: 2 | BA11: 3 | BB11: 4 | BC11: 5 | BD11: 6 | BE11: 7 | BF11: 8 | BG11: 9 | BH11: SDN-1 PANTAI | BJ11: 7 | BK11: ELEMEN YANG SATU SANGAT PENTING DARI YANG LAIN
B12: SDN-2 ANJIR KALAMPAN | C12: 9 | D12: 8 | E12: 7 | F12: 6 | G12: 5 | H12: 4 | I12: 3 | J12: 2 | K12: 1 | L12: 2 | M12: 3 | N12: 4 | O12: 5 | P12: 6 | Q12: 7 | R12: 8 | S12: 9 | T12: SDN-2 PANTAI | V12: SDN-2 ANJIR KALAMPAN | W12: 9 | X12: 8 | Y12: 7 | Z12: 6 | AA12: 5 | AB12: 4 | AC12: 3 | AD12: 2 | AE12: 1 | AF12: 2 | AG12: 3 | AH12: 4 | AI12: 5 | AJ12: 6 | AK12: 7 | AL12: 8 | AM12: 9 | AN12: SDN-2 PANTAI | AP12: SDN-2 ANJIR KALAMPAN | AQ12: 9 | AR12: 8 | AS12: 7 | AT12: 6 | AU12: 5 | AV12: 4 | AW12: 3 | AX12: 2 | AY12: 1 | AZ12: 2 | BA12: 3 | BB12: 4 | BC12: 5 | BD12: 6 | BE12: 7 | BF12: 8 | BG12: 9 | BH12: SDN-2 PANTAI | BJ12: 9 | BK12: ELEMEN YANG SATU MUTLAK LEBIH PENTING DARI YANG LAIN
B13: SDN-2 ANJIR KALAMPAN | C13: 9 | D13: 8 | E13: 7 | F13: 6 | G13: 5 | H13: 4 | I13: 3 | J13: 2 | K13: 1 | L13: 2 | M13: 3 | N13: 4 | O13: 5 | P13: 6 | Q13: 7 | R13: 8 | S13: 9 | T13: SDN-1 BASUTA RAYA | V13: SDN-2 ANJIR KALAMPAN | W13: 9 | X13: 8 | Y13: 7 | Z13: 6 | AA13: 5 | AB13: 4 | AC13: 3 | AD13: 2 | AE13: 1 | AF13: 2 | AG13: 3 | AH13: 4 | AI13: 5 | AJ13: 6 | AK13: 7 | AL13: 8 | AM13: 9 | AN13: SDN-1 BASUTA RAYA | AP13: SDN-2 ANJIR KALAMPAN | AQ13: 9 | AR13: 8 | AS13: 7 | AT13: 6 | AU13: 5 | AV13: 4 | AW13: 3 | AX13: 2 | AY13: 1 | AZ13: 2 | BA13: 3 | BB13: 4 | BC13: 5 | BD13: 6 | BE13: 7 | BF13: 8 | BG13: 9 | BH13: SDN-1 BASUTA RAYA | BJ13: 2,4,6,8 | BK13: NILAI KOMPROMI (NILAI TENGAH ANTARA DUA PERBANDINGAN)
B14: SDN-2 ANJIR KALAMPAN | C14: 9 | D14: 8 | E14: 7 | F14: 6 | G14: 5 | H14: 4 | I14: 3 | J14: 2 | K14: 1 | L14: 2 | M14: 3 | N14: 4 | O14: 5 | P14: 6 | Q14: 7 | R14: 8 | S14: 9 | T14: SDN-1 SEI PITUNG | V14: SDN-2 ANJIR KALAMPAN | W14: 9 | X14: 8 | Y14: 7 | Z14: 6 | AA14: 5 | AB14: 4 | AC14: 3 | AD14: 2 | AE14: 1 | AF14: 2 | AG14: 3 | AH14: 4 | AI14: 5 | AJ14: 6 | AK14: 7 | AL14: 8 | AM14: 9 | AN14: SDN-1 SEI PITUNG | AP14: SDN-2 ANJIR KALAMPAN | AQ14: 9 | AR14: 8 | AS14: 7 | AT14: 6 | AU14: 5 | AV14: 4 | AW14: 3 | AX14: 2 | AY14: 1 | AZ14: 2 | BA14: 3 | BB14: 4 | BC14: 5 | BD14: 6 | BE14: 7 | BF14: 8 | BG14: 9 | BH14: SDN-1 SEI PITUNG
B15: SDN-2 ANJIR KALAMPAN | C15: 9 | D15: 8 | E15: 7 | F15: 6 | G15: 5 | H15: 4 | I15: 3 | J15: 2 | K15: 1 | L15: 2 | M15: 3 | N15: 4 | O15: 5 | P15: 6 | Q15: 7 | R15: 8 | S15: 9 | T15: SDN-1 PENDA KATAPI | V15: SDN-2 ANJIR KALAMPAN | W15: 9 | X15: 8 | Y15: 7 | Z15: 6 | AA15: 5 | AB15: 4 | AC15: 3 | AD15: 2 | AE15: 1 | AF15: 2 | AG15: 3 | AH15: 4 | AI15: 5 | AJ15: 6 | AK15: 7 | AL15: 8 | AM15: 9 | AN15: SDN-1 PENDA KATAPI | AP15: SDN-2 ANJIR KALAMPAN | AQ15: 9 | AR15: 8 | AS15: 7 | AT15: 6 | AU15: 5 | AV15: 4 | AW15: 3 | AX15: 2 | AY15: 1 | AZ15: 2 | BA15: 3 | BB15: 4 | BC15: 5 | BD15: 6 | BE15: 7 | BF15: 8 | BG15: 9 | BH15: SDN-1 PENDA KATAPI
B16: SDN-2 ANJIR KALAMPAN | C16: 9 | D16: 8 | E16: 7 | F16: 6 | G16: 5 | H16: 4 | I16: 3 | J16: 2 | K16: 1 | L16: 2 | M16: 3 | N16: 4 | O16: 5 | P16: 6 | Q16: 7 | R16: 8 | S16: 9 | T16: SDN-1 SEI KAYU | V16: SDN-2 ANJIR KALAMPAN | W16: 9 | X16: 8 | Y16: 7 | Z16: 6 | AA16: 5 | AB16: 4 | AC16: 3 | AD16: 2 | AE16: 1 | AF16: 2 | AG16: 3 | AH16: 4 | AI16: 5 | AJ16: 6 | AK16: 7 | AL16: 8 | AM16: 9 | AN16: SDN-1 SEI KAYU | AP16: SDN-2 ANJIR KALAMPAN | AQ16: 9 | AR16: 8 | AS16: 7 | AT16: 6 | AU16: 5 | AV16: 4 | AW16: 3 | AX16: 2 | AY16: 1 | AZ16: 2 | BA16: 3 | BB16: 4 | BC16: 5 | BD16: 6 | BE16: 7 | BF16: 8 | BG16: 9 | BH16: SDN-1 SEI KAYU
B17: SDN-2 ANJIR KALAMPAN | C17: 9 | D17: 8 | E17: 7 | F17: 6 | G17: 5 | H17: 4 | I17: 3 | J17: 2 | K17: 1 | L17: 2 | M17: 3 | N17: 4 | O17: 5 | P17: 6 | Q17: 7 | R17: 8 | S17: 9 | T17: SDN-2 SEI KAYU | V17: SDN-2 ANJIR KALAMPAN | W17: 9 | X17: 8 | Y17: 7 | Z17: 6 | AA17: 5 | AB17: 4 | AC17: 3 | AD17: 2 | AE17: 1 | AF17: 2 | AG17: 3 | AH17: 4 | AI17: 5 | AJ17: 6 | AK17: 7 | AL17: 8 | AM17: 9 | AN17: SDN-2 SEI KAYU | AP17: SDN-2 ANJIR KALAMPAN | AQ17: 9 | AR17: 8 | AS17: 7 | AT17: 6 | AU17: 5 | AV17: 4 | AW17: 3 | AX17: 2 | AY17: 1 | AZ17: 2 | BA17: 3 | BB17: 4 | BC17: 5 | BD17: 6 | BE17: 7 | BF17: 8 | BG17: 9 | BH17: SDN-2 SEI KAYU
B18: SDN-2 ANJIR KALAMPAN | C18: 9 | D18: 8 | E18: 7 | F18: 6 | G18: 5 | H18: 4 | I18: 3 | J18: 2 | K18: 1 | L18: 2 | M18: 3 | N18: 4 | O18: 5 | P18: 6 | Q18: 7 | R18: 8 | S18: 9 | T18: SDN-1 SEI DUSUN | V18: SDN-2 ANJIR KALAMPAN | W18: 9 | X18: 8 | Y18: 7 | Z18: 6 | AA18: 5 | AB18: 4 | AC18: 3 | AD18: 2 | AE18: 1 | AF18: 2 | AG18: 3 | AH18: 4 | AI18: 5 | AJ18: 6 | AK18: 7 | AL18: 8 | AM18: 9 | AN18: SDN-1 SEI DUSUN | AP18: SDN-2 ANJIR KALAMPAN | AQ18: 9 | AR18: 8 | AS18: 7 | AT18: 6 | AU18: 5 | AV18: 4 | AW18: 3 | AX18: 2 | AY18: 1 | AZ18: 2 | BA18: 3 | BB18: 4 | BC18: 5 | BD18: 6 | BE18: 7 | BF18: 8 | BG18: 9 | BH18: SDN-1 SEI DUSUN
B19: SDN-3 ANJIR KALAMPAN | C19: 9 | D19: 8 | E19: 7 | F19: 6 | G19: 5 | H19: 4 | I19: 3 | J19: 2 | K19: 1 | L19: 2 | M19: 3 | N19: 4 | O19: 5 | P19: 6 | Q19: 7 | R19: 8 | S19: 9 | T19: SDN-1 SAKA MANGKAHAI | V19: SDN-3 ANJIR KALAMPAN | W19: 9 | X19: 8 | Y19: 7 | Z19: 6 | AA19: 5 | AB19: 4 | AC19: 3 | AD19: 2 | AE19: 1 | AF19: 2 | AG19: 3 | AH19: 4 | AI19: 5 | AJ19: 6 | AK19: 7 | AL19: 8 | AM19: 9 | AN19: SDN-1 SAKA MANGKAHAI | AP19: SDN-3 ANJIR KALAMPAN | AQ19: 9 | AR19: 8 | AS19: 7 | AT19: 6 | AU19: 5 | AV19: 4 | AW19: 3 | AX19: 2 | AY19: 1 | AZ19: 2 | BA19: 3 | BB19: 4 | BC19: 5 | BD19: 6 | BE19: 7 | BF19: 8 | BG19: 9 | BH19: SDN-1 SAKA MANGKAHAI
B20: SDN-3 ANJIR KALAMPAN | C20: 9 | D20: 8 | E20: 7 | F20: 6 | G20: 5 | H20: 4 | I20: 3 | J20: 2 | K20: 1 | L20: 2 | M20: 3 | N20: 4 | O20: 5 | P20: 6 | Q20: 7 | R20: 8 | S20: 9 | T20: SDN-2 SAKA MANGKAHAI | V20: SDN-3 ANJIR KALAMPAN | W20: 9 | X20: 8 | Y20: 7 | Z20: 6 | AA20: 5 | AB20: 4 | AC20: 3 | AD20: 2 | AE20: 1 | AF20: 2 | AG20: 3 | AH20: 4 | AI20: 5 | AJ20: 6 | AK20: 7 | AL20: 8 | AM20: 9 | AN20: SDN-2 SAKA MANGKAHAI | AP20: SDN-3 ANJIR KALAMPAN | AQ20: 9 | AR20: 8 | AS20: 7 | AT20: 6 | AU20: 5 | AV20: 4 | AW20: 3 | AX20: 2 | AY20: 1 | AZ20: 2 | BA20: 3 | BB20: 4 | BC20: 5 | BD20: 6 | BE20: 7 | BF20: 8 | BG20: 9 | BH20: SDN-2 SAKA MANGKAHAI
B21: SDN-3 ANJIR KALAMPAN | C21: 9 | D21: 8 | E21: 7 | F21: 6 | G21: 5 | H21: 4 | I21: 3 | J21: 2 | K21: 1 | L21: 2 | M21: 3 | N21: 4 | O21: 5 | P21: 6 | Q21: 7 | R21: 8 | S21: 9 | T21: SDN-2 MANDOMAI | V21: SDN-3 ANJIR KALAMPAN | W21: 9 | X21: 8 | Y21: 7 | Z21: 6 | AA21: 5 | AB21: 4 | AC21: 3 | AD21: 2 | AE21: 1 | AF21: 2 | AG21: 3 | AH21: 4 | AI21: 5 | AJ21: 6 | AK21: 7 | AL21: 8 | AM21: 9 | AN21: SDN-2 MANDOMAI | AP21: SDN-3 ANJIR KALAMPAN | AQ21: 9 | AR21: 8 | AS21: 7 | AT21: 6 | AU21: 5 | AV21: 4 | AW21: 3 | AX21: 2 | AY21: 1 | AZ21: 2 | BA21: 3 | BB21: 4 | BC21: 5 | BD21: 6 | BE21: 7 | BF21: 8 | BG21: 9 | BH21: SDN-2 MANDOMAI
B22: SDN-3 ANJIR KALAMPAN | C22: 9 | D22: 8 | E22: 7 | F22: 6 | G22: 5 | H22: 4 | I22: 3 | J22: 2 | K22: 1 | L22: 2 | M22: 3 | N22: 4 | O22: 5 | P22: 6 | Q22: 7 | R22: 8 | S22: 9 | T22: SDN-3 MANDOMAI | V22: SDN-3 ANJIR KALAMPAN | W22: 9 | X22: 8 | Y22: 7 | Z22: 6 | AA22: 5 | AB22: 4 | AC22: 3 | AD22: 2 | AE22: 1 | AF22: 2 | AG22: 3 | AH22: 4 | AI22: 5 | AJ22: 6 | AK22: 7 | AL22: 8 | AM22: 9 | AN22: SDN-3 MANDOMAI | AP22: SDN-3 ANJIR KALAMPAN | AQ22: 9 | AR22: 8 | AS22: 7 | AT22: 6 | AU22: 5 | AV22: 4 | AW22: 3 | AX22: 2 | AY22: 1 | AZ22: 2 | BA22: 3 | BB22: 4 | BC22: 5 | BD22: 6 | BE22: 7 | BF22: 8 | BG22: 9 | BH22: SDN-3 MANDOMAI
B23: SDN-3 ANJIR KALAMPAN | C23: 9 | D23: 8 | E23: 7 | F23: 6 | G23: 5 | H23: 4 | I23: 3 | J23: 2 | K23: 1 | L23: 2 | M23: 3 | N23: 4 | O23: 5 | P23: 6 | Q23: 7 | R23: 8 | S23: 9 | T23: SDN-4 MANDOMAI | V23: SDN-3 ANJIR KALAMPAN | W23: 9 | X23: 8 | Y23: 7 | Z23: 6 | AA23: 5 | AB23: 4 | AC23: 3 | AD23: 2 | AE23: 1 | AF23: 2 | AG23: 3 | AH23: 4 | AI23: 5 | AJ23: 6 | AK23: 7 | AL23: 8 | AM23: 9 | AN23: SDN-4 MANDOMAI | AP23: SDN-3 ANJIR KALAMPAN | AQ23: 9 | AR23: 8 | AS23: 7 | AT23: 6 | AU23: 5 | AV23: 4 | AW23: 3 | AX23: 2 | AY23: 1 | AZ23: 2 | BA23: 3 | BB23: 4 | BC23: 5 | BD23: 6 | BE23: 7 | BF23: 8 | BG23: 9 | BH23: SDN-4 MANDOMAI
B24: SDN-3 ANJIR KALAMPAN | C24: 9 | D24: 8 | E24: 7 | F24: 6 | G24: 5 | H24: 4 | I24: 3 | J24: 2 | K24: 1 | L24: 2 | M24: 3 | N24: 4 | O24: 5 | P24: 6 | Q24: 7 | R24: 8 | S24: 9 | T24: SDN-1 PANTAI | V24: SDN-3 ANJIR KALAMPAN | W24: 9 | X24: 8 | Y24: 7 | Z24: 6 | AA24: 5 | AB24: 4 | AC24: 3 | AD24: 2 | AE24: 1 | AF24: 2 | AG24: 3 | AH24: 4 | AI24: 5 | AJ24: 6 | AK24: 7 | AL24: 8 | AM24: 9 | AN24: SDN-1 PANTAI | AP24: SDN-3 ANJIR KALAMPAN | AQ24: 9 | AR24: 8 | AS24: 7 | AT24: 6 | AU24: 5 | AV24: 4 | AW24: 3 | AX24: 2 | AY24: 1 | AZ24: 2 | BA24: 3 | BB24: 4 | BC24: 5 | BD24: 6 | BE24: 7 | BF24: 8 | BG24: 9 | BH24: SDN-1 PANTAI
B25: SDN-3 ANJIR KALAMPAN | C25: 9 | D25: 8 | E25: 7 | F25: 6 | G25: 5 | H25: 4 | I25: 3 | J25: 2 | K25: 1 | L25: 2 | M25: 3 | N25: 4 | O25: 5 | P25: 6 | Q25: 7 | R25: 8 | S25: 9 | T25: SDN-2 PANTAI | V25: SDN-3 ANJIR KALAMPAN | W25: 9 | X25: 8 | Y25: 7 | Z25: 6 | AA25: 5 | AB25: 4 | AC25: 3 | AD25: 2 | AE25: 1 | AF25: 2 | AG25: 3 | AH25: 4 | AI25: 5 | AJ25: 6 | AK25: 7 | AL25: 8 | AM25: 9 | AN25: SDN-2 PANTAI | AP25: SDN-3 ANJIR KALAMPAN | AQ25: 9 | AR25: 8 | AS25: 7 | AT25: 6 | AU25: 5 | AV25: 4 | AW25: 3 | AX25: 2 | AY25: 1 | AZ25: 2 | BA25: 3 | BB25: 4 | BC25: 5 | BD25: 6 | BE25: 7 | BF25: 8 | BG25: 9 | BH25: SDN-2 PANTAI
... B109: SDN-2 SEI KAYU | C109: 9 | D109: 8 | E109: 7 | F109: 6 | G109: 5 | H109: 4 | I109: 3 | J109: 2 | K109: 1 | L109: 2 | M109: 3 | N109: 4 | O109: 5 | P109: 6 | Q109: 7 | R109: 8 | S109: 9 | T109: SDN-1 SEI DUSUN | V109: SDN-2 SEI KAYU | W109: 9 | X109: 8 | Y109: 7 | Z109: 6 | AA109: 5 | AB109: 4 | AC109: 3 | AD109: 2 | AE109: 1 | AF109: 2 | AG109: 3 | AH109: 4 | AI109: 5 | AJ109: 6 | AK109: 7 | AL109: 8 | AM109: 9 | AN109: SDN-1 SEI DUSUN | AP109: SDN-2 SEI KAYU | AQ109: 9 | AR109: 8 | AS109: 7 | AT109: 6 | AU109: 5 | AV109: 4 | AW109: 3 | AX109: 2 | AY109: 1 | AZ109: 2 | BA109: 3 | BB109: 4 | BC109: 5 | BD109: 6 | BE109: 7 | BF109: 8 | BG109: 9 | BH109: SDN-1 SEI DUSUN

Sheet LOKASI GEDUNG
B1: LOKASI GEDUNG | V1: LOKASI GEDUNG | AP1: LOKASI GEDUNG
B2: PENGAWAS SEKOLAH DASAR KAPUAS BARAT (JHON) | V2: KEPALA BIDANG PENGAWASAN SEKOLAH DASAR DISDIK KAPUAS (JEFRI) | AP2: KOMISI IV DPRD KAB. KAPUAS
B3: SEKOLAH UTAMA | C3: KRITERIA NILAI | T3: SEKOLAH PEMBANDING | V3: SEKOLAH UTAMA | W3: KRITERIA NILAI | AN3: SEKOLAH PEMBANDING | AP3: SEKOLAH UTAMA | AQ3: KRITERIA NILAI | BH3: SEKOLAH PEMBANDING
C4: 9 | D4: 8 | E4: 7 | F4: 6 | G4: 5 | H4: 4 | I4: 3 | J4: 2 | K4: 1 | L4: 2 | M4: 3 | N4: 4 | O4: 5 | P4: 6 | Q4: 7 | R4: 8 | S4: 9 | W4: 9 | X4: 8 | Y4: 7 | Z4: 6 | AA4: 5 | AB4: 4 | AC4: 3 | AD4: 2 | AE4: 1 | AF4: 2 | AG4: 3 | AH4: 4 | AI4: 5 | AJ4: 6 | AK4: 7 | AL4: 8 | AM4: 9 | AQ4: 9 | AR4: 8 | AS4: 7 | AT4: 6 | AU4: 5 | AV4: 4 | AW4: 3 | AX4: 2 | AY4: 1 | AZ4: 2 | BA4: 3 | BB4: 4 | BC4: 5 | BD4: 6 | BE4: 7 | BF4: 8 | BG4: 9
B5: SDN-2 ANJIR KALAMPAN | C5: 9 | D5: 8 | E5: 7 | F5: 6 | G5: 5 | H5: 4 | I5: 3 | J5: 2 | K5: 1 | L5: 2 | M5: 3 | N5: 4 | O5: 5 | P5: 6 | Q5: 7 | R5: 8 | S5: 9 | T5: SDN-3 ANJIR KALAMPAN | V5: SDN-2 ANJIR KALAMPAN | W5: 9 | X5: 8 | Y5: 7 | Z5: 6 | AA5: 5 | AB5: 4 | AC5: 3 | AD5: 2 | AE5: 1 | AF5: 2 | AG5: 3 | AH5: 4 | AI5: 5 | AJ5: 6 | AK5: 7 | AL5: 8 | AM5: 9 | AN5: SDN-3 ANJIR KALAMPAN | AP5: SDN-2 ANJIR KALAMPAN | AQ5: 9 | AR5: 8 | AS5: 7 | AT5: 6 | AU5: 5 | AV5: 4 | AW5: 3 | AX5: 2 | AY5: 1 | AZ5: 2 | BA5: 3 | BB5: 4 | BC5: 5 | BD5: 6 | BE5: 7 | BF5: 8 | BG5: 9 | BH5: SDN-3 ANJIR KALAMPAN | BJ5: PANDUAN PENGISIAN | BN5: CONDONG KE A | BV5: NETRAL | BW5: CONDONG KE B
B6: SDN-2 ANJIR KALAMPAN | C6: 9 | D6: 8 | E6: 7 | F6: 6 | G6: 5 | H6: 4 | I6: 3 | J6: 2 | K6: 1 | L6: 2 | M6: 3 | N6: 4 | O6: 5 | P6: 6 | Q6: 7 | R6: 8 | S6: 9 | T6: SDN-1 SAKA MANGKAHAI | V6: SDN-2 ANJIR KALAMPAN | W6: 9 | X6: 8 | Y6: 7 | Z6: 6 | AA6: 5 | AB6: 4 | AC6: 3 | AD6: 2 | AE6: 1 | AF6: 2 | AG6: 3 | AH6: 4 | AI6: 5 | AJ6: 6 | AK6: 7 | AL6: 8 | AM6: 9 | AN6: SDN-1 SAKA MANGKAHAI | AP6: SDN-2 ANJIR KALAMPAN | AQ6: 9 | AR6: 8 | AS6: 7 | AT6: 6 | AU6: 5 | AV6: 4 | AW6: 3 | AX6: 2 | AY6: 1 | AZ6: 2 | BA6: 3 | BB6: 4 | BC6: 5 | BD6: 6 | BE6: 7 | BF6: 8 | BG6: 9 | BH6: SDN-1 SAKA MANGKAHAI | BJ6: TINGKAT KEPENTINGAN | BK6: DEFINISI | BM6: PILIHAN A | BN6: 9 | BO6: 8 | BP6: 7 | BQ6: 6 | BR6: 5 | BS6: 4 | BT6: 3 | BU6: 2 | BV6: 1 | BW6: 2 | BX6: 3 | BY6: 4 | BZ6: 5 | CA6: 6 | CB6: 7 | CC6: 8 | CD6: 9 | CE6: PILIHAN B
B7: SDN-2 ANJIR KALAMPAN | C7: 9 | D7: 8 | E7: 7 | F7: 6 | G7: 5 | H7: 4 | I7: 3 | J7: 2 | K7: 1 | L7: 2 | M7: 3 | N7: 4 | O7: 5 | P7: 6 | Q7: 7 | R7: 8 | S7: 9 | T7: SDN-2 SAKA MANGKAHAI | V7: SDN-2 ANJIR KALAMPAN | W7: 9 | X7: 8 | Y7: 7 | Z7: 6 | AA7: 5 | AB7: 4 | AC7: 3 | AD7: 2 | AE7: 1 | AF7: 2 | AG7: 3 | AH7: 4 | AI7: 5 | AJ7: 6 | AK7: 7 | AL7: 8 | AM7: 9 | AN7: SDN-2 SAKA MANGKAHAI | AP7: SDN-2 ANJIR KALAMPAN | AQ7: 9 | AR7: 8 | AS7: 7 | AT7: 6 | AU7: 5 | AV7: 4 | AW7: 3 | AX7: 2 | AY7: 1 | AZ7: 2 | BA7: 3 | BB7: 4 | BC7: 5 | BD7: 6 | BE7: 7 | BF7: 8 | BG7: 9 | BH7: SDN-2 SAKA MANGKAHAI | BJ7: 1 | BK7: KEDUA ELEMEN SAMA PENTING
B8: SDN-2 ANJIR KALAMPAN | C8: 9 | D8: 8 | E8: 7 | F8: 6 | G8: 5 | H8: 4 | I8: 3 | J8: 2 | K8: 1 | L8: 2 | M8: 3 | N8: 4 | O8: 5 | P8: 6 | Q8: 7 | R8: 8 | S8: 9 | T8: SDN-2 MANDOMAI | V8: SDN-2 ANJIR KALAMPAN | W8: 9 | X8: 8 | Y8: 7 | Z8: 6 | AA8: 5 | AB8: 4 | AC8: 3 | AD8: 2 | AE8: 1 | AF8: 2 | AG8: 3 | AH8: 4 | AI8: 5 | AJ8: 6 | AK8: 7 | AL8: 8 | AM8: 9 | AN8: SDN-2 MANDOMAI | AP8: SDN-2 ANJIR KALAMPAN | AQ8: 9 | AR8: 8 | AS8: 7 | AT8: 6 | AU8: 5 | AV8: 4 | AW8: 3 | AX8: 2 | AY8: 1 | AZ8: 2 | BA8: 3 | BB8: 4 | BC8: 5 | BD8: 6 | BE8: 7 | BF8: 8 | BG8: 9 | BH8: SDN-2 MANDOMAI | BJ8: 3 | BK8: ELEMEN YANG SATU SEDIKIT LEBIH PENTING DARI YANG LAIN
B9: SDN-2 ANJIR KALAMPAN | C9: 9 | D9: 8 | E9: 7 | F9: 6 | G9: 5 | H9: 4 | I9: 3 | J9: 2 | K9: 1 | L9: 2 | M9: 3 | N9: 4 | O9: 5 | P9: 6 | Q9: 7 | R9: 8 | S9: 9 | T9: SDN-3 MANDOMAI | V9: SDN-2 ANJIR KALAMPAN | W9: 9 | X9: 8 | Y9: 7 | Z9: 6 | AA9: 5 | AB9: 4 | AC9: 3 | AD9: 2 | AE9: 1 | AF9: 2 | AG9: 3 | AH9: 4 | AI9: 5 | AJ9: 6 | AK9: 7 | AL9: 8 | AM9: 9 | AN9: SDN-3 MANDOMAI | AP9: SDN-2 ANJIR KALAMPAN | AQ9: 9 | AR9: 8 | AS9: 7 | AT9: 6 | AU9: 5 | AV9: 4 | AW9: 3 | AX9: 2 | AY9: 1 | AZ9: 2 | BA9: 3 | BB9: 4 | BC9: 5 | BD9: 6 | BE9: 7 | BF9: 8 | BG9: 9 | BH9: SDN-3 MANDOMAI | BJ9: 5 | BK9: ELEMEN YANG SATU LEBIH PENTING DARI YANG LAIN
B10: SDN-2 ANJIR KALAMPAN | C10: 9 | D10: 8 | E10: 7 | F10: 6 | G10: 5 | H10: 4 | I10: 3 | J10: 2 | K10: 1 | L10: 2 | M10: 3 | N10: 4 | O10: 5 | P10: 6 | Q10: 7 | R10: 8 | S10: 9 | T10: SDN-4 MANDOMAI | V10: SDN-2 ANJIR KALAMPAN | W10: 9 | X10: 8 | Y10: 7 | Z10: 6 | AA10: 5 | AB10: 4 | AC10: 3 | AD10: 2 | AE10: 1 | AF10: 2 | AG10: 3 | AH10: 4 | AI10: 5 | AJ10: 6 | AK10: 7 | AL10: 8 | AM10: 9 | AN10: SDN-4 MANDOMAI | AP10: SDN-2 ANJIR KALAMPAN | AQ10: 9 | AR10: 8 | AS10: 7 | AT10: 6 | AU10: 5 | AV10: 4 | AW10: 3 | AX10: 2 | AY10: 1 | AZ10: 2 | BA10: 3 | BB10: 4 | BC10: 5 | BD10: 6 | BE10: 7 | BF10: 8 | BG10: 9 | BH10: SDN-4 MANDOMAI | BJ10: 7 | BK10: ELEMEN YANG SATU SANGAT PENTING DARI YANG LAIN
B11: SDN-2 ANJIR KALAMPAN | C11: 9 | D11: 8 | E11: 7 | F11: 6 | G11: 5 | H11: 4 | I11: 3 | J11: 2 | K11: 1 | L11: 2 | M11: 3 | N11: 4 | O11: 5 | P11: 6 | Q11: 7 | R11: 8 | S11: 9 | T11: SDN-1 PANTAI | V11: SDN-2 ANJIR KALAMPAN | W11: 9 | X11: 8 | Y11: 7 | Z11: 6 | AA11: 5 | AB11: 4 | AC11: 3 | AD11: 2 | AE11: 1 | AF11: 2 | AG11: 3 | AH11: 4 | AI11: 5 | AJ11: 6 | AK11: 7 | AL11: 8 | AM11: 9 | AN11: SDN-1 PANTAI | AP11: SDN-2 ANJIR KALAMPAN | AQ11: 9 | AR11: 8 | AS11: 7 | AT11: 6 | AU11: 5 | AV11: 4 | AW11: 3 | AX11: 2 | AY11: 1 | AZ11: 2 | BA11: 3 | BB11: 4 | BC11: 5 | BD11: 6 | BE11: 7 | BF11: 8 | BG11: 9 | BH11: SDN-1 PANTAI | BJ11: 9 | BK11: ELEMEN YANG SATU MUTLAK LEBIH PENTING DARI YANG LAIN
B12: SDN-2 ANJIR KALAMPAN | C12: 9 | D12: 8 | E12: 7 | F12: 6 | G12: 5 | H12: 4 | I12: 3 | J12: 2 | K12: 1 | L12: 2 | M12: 3 | N12: 4 | O12: 5 | P12: 6 | Q12: 7 | R12: 8 | S12: 9 | T12: SDN-2 PANTAI | V12: SDN-2 ANJIR KALAMPAN | W12: 9 | X12: 8 | Y12: 7 | Z12: 6 | AA12: 5 | AB12: 4 | AC12: 3 | AD12: 2 | AE12: 1 | AF12: 2 | AG12: 3 | AH12: 4 | AI12: 5 | AJ12: 6 | AK12: 7 | AL12: 8 | AM12: 9 | AN12: SDN-2 PANTAI | AP12: SDN-2 ANJIR KALAMPAN | AQ12: 9 | AR12: 8 | AS12: 7 | AT12: 6 | AU12: 5 | AV12: 4 | AW12: 3 | AX12: 2 | AY12: 1 | AZ12: 2 | BA12: 3 | BB12: 4 | BC12: 5 | BD12: 6 | BE12: 7 | BF12: 8 | BG12: 9 | BH12: SDN-2 PANTAI | BJ12: 2,4,6,8 | BK12: NILAI KOMPROMI (NILAI TENGAH ANTARA DUA PERBANDINGAN)
B13: SDN-2 ANJIR KALAMPAN | C13: 9 | D13: 8 | E13: 7 | F13: 6 | G13: 5 | H13: 4 | I13: 3 | J13: 2 | K13: 1 | L13: 2 | M13: 3 | N13: 4 | O13: 5 | P13: 6 | Q13: 7 | R13: 8 | S13: 9 | T13: SDN-1 BASUTA RAYA | V13: SDN-2 ANJIR KALAMPAN | W13: 9 | X13: 8 | Y13: 7 | Z13: 6 | AA13: 5 | AB13: 4 | AC13: 3 | AD13: 2 | AE13: 1 | AF13: 2 | AG13: 3 | AH13: 4 | AI13: 5 | AJ13: 6 | AK13: 7 | AL13: 8 | AM13: 9 | AN13: SDN-1 BASUTA RAYA | AP13: SDN-2 ANJIR KALAMPAN | AQ13: 9 | AR13: 8 | AS13: 7 | AT13: 6 | AU13: 5 | AV13: 4 | AW13: 3 | AX13: 2 | AY13: 1 | AZ13: 2 | BA13: 3 | BB13: 4 | BC13: 5 | BD13: 6 | BE13: 7 | BF13: 8 | BG13: 9 | BH13: SDN-1 BASUTA RAYA
B14: SDN-2 ANJIR KALAMPAN | C14: 9 | D14: 8 | E14: 7 | F14: 6 | G14: 5 | H14: 4 | I14: 3 | J14: 2 | K14: 1 | L14: 2 | M14: 3 | N14: 4 | O14: 5 | P14: 6 | Q14: 7 | R14: 8 | S14: 9 | T14: SDN-1 SEI PITUNG | V14: SDN-2 ANJIR KALAMPAN | W14: 9 | X14: 8 | Y14: 7 | Z14: 6 | AA14: 5 | AB14: 4 | AC14: 3 | AD14: 2 | AE14: 1 | AF14: 2 | AG14: 3 | AH14: 4 | AI14: 5 | AJ14: 6 | AK14: 7 | AL14: 8 | AM14: 9 | AN14: SDN-1 SEI PITUNG | AP14: SDN-2 ANJIR KALAMPAN | AQ14: 9 | AR14: 8 | AS14: 7 | AT14: 6 | AU14: 5 | AV14: 4 | AW14: 3 | AX14: 2 | AY14: 1 | AZ14: 2 | BA14: 3 | BB14: 4 | BC14: 5 | BD14: 6 | BE14: 7 | BF14: 8 | BG14: 9 | BH14: SDN-1 SEI PITUNG
B15: SDN-2 ANJIR KALAMPAN | C15: 9 | D15: 8 | E15: 7 | F15: 6 | G15: 5 | H15: 4 | I15: 3 | J15: 2 | K15: 1 | L15: 2 | M15: 3 | N15: 4 | O15: 5 | P15: 6 | Q15: 7 | R15: 8 | S15: 9 | T15: SDN-1 PENDA KATAPI | V15: SDN-2 ANJIR KALAMPAN | W15: 9 | X15: 8 | Y15: 7 | Z15: 6 | AA15: 5 | AB15: 4 | AC15: 3 | AD15: 2 | AE15: 1 | AF15: 2 | AG15: 3 | AH15: 4 | AI15: 5 | AJ15: 6 | AK15: 7 | AL15: 8 | AM15: 9 | AN15: SDN-1 PENDA KATAPI | AP15: SDN-2 ANJIR KALAMPAN | AQ15: 9 | AR15: 8 | AS15: 7 | AT15: 6 | AU15: 5 | AV15: 4 | AW15: 3 | AX15: 2 | AY15: 1 | AZ15: 2 | BA15: 3 | BB15: 4 | BC15: 5 | BD15: 6 | BE15: 7 | BF15: 8 | BG15: 9 | BH15: SDN-1 PENDA KATAPI
B16: SDN-2 ANJIR KALAMPAN | C16: 9 | D16: 8 | E16: 7 | F16: 6 | G16: 5 | H16: 4 | I16: 3 | J16: 2 | K16: 1 | L16: 2 | M16: 3 | N16: 4 | O16: 5 | P16: 6 | Q16: 7 | R16: 8 | S16: 9 | T16: SDN-1 SEI KAYU | V16: SDN-2 ANJIR KALAMPAN | W16: 9 | X16: 8 | Y16: 7 | Z16: 6 | AA16: 5 | AB16: 4 | AC16: 3 | AD16: 2 | AE16: 1 | AF16: 2 | AG16: 3 | AH16: 4 | AI16: 5 | AJ16: 6 | AK16: 7 | AL16: 8 | AM16: 9 | AN16: SDN-1 SEI KAYU | AP16: SDN-2 ANJIR KALAMPAN | AQ16: 9 | AR16: 8 | AS16: 7 | AT16: 6 | AU16: 5 | AV16: 4 | AW16: 3 | AX16: 2 | AY16: 1 | AZ16: 2 | BA16: 3 | BB16: 4 | BC16: 5 | BD16: 6 | BE16: 7 | BF16: 8 | BG16: 9 | BH16: SDN-1 SEI KAYU
B17: SDN-2 ANJIR KALAMPAN | C17: 9 | D17: 8 | E17: 7 | F17: 6 | G17: 5 | H17: 4 | I17: 3 | J17: 2 | K17: 1 | L17: 2 | M17: 3 | N17: 4 | O17: 5 | P17: 6 | Q17: 7 | R17: 8 | S17: 9 | T17: SDN-2 SEI KAYU | V17: SDN-2 ANJIR KALAMPAN | W17: 9 | X17: 8 | Y17: 7 | Z17: 6 | AA17: 5 | AB17: 4 | AC17: 3 | AD17: 2 | AE17: 1 | AF17: 2 | AG17: 3 | AH17: 4 | AI17: 5 | AJ17: 6 | AK17: 7 | AL17: 8 | AM17: 9 | AN17: SDN-2 SEI KAYU | AP17: SDN-2 ANJIR KALAMPAN | AQ17: 9 | AR17: 8 | AS17: 7 | AT17: 6 | AU17: 5 | AV17: 4 | AW17: 3 | AX17: 2 | AY17: 1 | AZ17: 2 | BA17: 3 | BB17: 4 | BC17: 5 | BD17: 6 | BE17: 7 | BF17: 8 | BG17: 9 | BH17: SDN-2 SEI KAYU
B18: SDN-2 ANJIR KALAMPAN | C18: 9 | D18: 8 | E18: 7 | F18: 6 | G18: 5 | H18: 4 | I18: 3 | J18: 2 | K18: 1 | L18: 2 | M18: 3 | N18: 4 | O18: 5 | P18: 6 | Q18: 7 | R18: 8 | S18: 9 | T18: SDN-1 SEI DUSUN | V18: SDN-2 ANJIR KALAMPAN | W18: 9 | X18: 8 | Y18: 7 | Z18: 6 | AA18: 5 | AB18: 4 | AC18: 3 | AD18: 2 | AE18: 1 | AF18: 2 | AG18: 3 | AH18: 4 | AI18: 5 | AJ18: 6 | AK18: 7 | AL18: 8 | AM18: 9 | AN18: SDN-1 SEI DUSUN | AP18: SDN-2 ANJIR KALAMPAN | AQ18: 9 | AR18: 8 | AS18: 7 | AT18: 6 | AU18: 5 | AV18: 4 | AW18: 3 | AX18: 2 | AY18: 1 | AZ18: 2 | BA18: 3 | BB18: 4 | BC18: 5 | BD18: 6 | BE18: 7 | BF18: 8 | BG18: 9 | BH18: SDN-1 SEI DUSUN
B19: SDN-3 ANJIR KALAMPAN | C19: 9 | D19: 8 | E19: 7 | F19: 6 | G19: 5 | H19: 4 | I19: 3 | J19: 2 | K19: 1 | L19: 2 | M19: 3 | N19: 4 | O19: 5 | P19: 6 | Q19: 7 | R19: 8 | S19: 9 | T19: SDN-1 SAKA MANGKAHAI | V19: SDN-3 ANJIR KALAMPAN | W19: 9 | X19: 8 | Y19: 7 | Z19: 6 | AA19: 5 | AB19: 4 | AC19: 3 | AD19: 2 | AE19: 1 | AF19: 2 | AG19: 3 | AH19: 4 | AI19: 5 | AJ19: 6 | AK19: 7 | AL19: 8 | AM19: 9 | AN19: SDN-1 SAKA MANGKAHAI | AP19: SDN-3 ANJIR KALAMPAN | AQ19: 9 | AR19: 8 | AS19: 7 | AT19: 6 | AU19: 5 | AV19: 4 | AW19: 3 | AX19: 2 | AY19: 1 | AZ19: 2 | BA19: 3 | BB19: 4 | BC19: 5 | BD19: 6 | BE19: 7 | BF19: 8 | BG19: 9 | BH19: SDN-1 SAKA MANGKAHAI
B20: SDN-3 ANJIR KALAMPAN | C20: 9 | D20: 8 | E20: 7 | F20: 6 | G20: 5 | H20: 4 | I20: 3 | J20: 2 | K20: 1 | L20: 2 | M20: 3 | N20: 4 | O20: 5 | P20: 6 | Q20: 7 | R20: 8 | S20: 9 | T20: SDN-2 SAKA MANGKAHAI | V20: SDN-3 ANJIR KALAMPAN | W20: 9 | X20: 8 | Y20: 7 | Z20: 6 | AA20: 5 | AB20: 4 | AC20: 3 | AD20: 2 | AE20: 1 | AF20: 2 | AG20: 3 | AH20: 4 | AI20: 5 | AJ20: 6 | AK20: 7 | AL20: 8 | AM20: 9 | AN20: SDN-2 SAKA MANGKAHAI | AP20: SDN-3 ANJIR KALAMPAN | AQ20: 9 | AR20: 8 | AS20: 7 | AT20: 6 | AU20: 5 | AV20: 4 | AW20: 3 | AX20: 2 | AY20: 1 | AZ20: 2 | BA20: 3 | BB20: 4 | BC20: 5 | BD20: 6 | BE20: 7 | BF20: 8 | BG20: 9 | BH20: SDN-2 SAKA MANGKAHAI
B21: SDN-3 ANJIR KALAMPAN | C21: 9 | D21: 8 | E21: 7 | F21: 6 | G21: 5 | H21: 4 | I21: 3 | J21: 2 | K21: 1 | L21: 2 | M21: 3 | N21: 4 | O21: 5 | P21: 6 | Q21: 7 | R21: 8 | S21: 9 | T21: SDN-2 MANDOMAI | V21: SDN-3 ANJIR KALAMPAN | W21: 9 | X21: 8 | Y21: 7 | Z21: 6 | AA21: 5 | AB21: 4 | AC21: 3 | AD21: 2 | AE21: 1 | AF21: 2 | AG21: 3 | AH21: 4 | AI21: 5 | AJ21: 6 | AK21: 7 | AL21: 8 | AM21: 9 | AN21: SDN-2 MANDOMAI | AP21: SDN-3 ANJIR KALAMPAN | AQ21: 9 | AR21: 8 | AS21: 7 | AT21: 6 | AU21: 5 | AV21: 4 | AW21: 3 | AX21: 2 | AY21: 1 | AZ21: 2 | BA21: 3 | BB21: 4 | BC21: 5 | BD21: 6 | BE21: 7 | BF21: 8 | BG21: 9 | BH21: SDN-2 MANDOMAI
B22: SDN-3 ANJIR KALAMPAN | C22: 9 | D22: 8 | E22: 7 | F22: 6 | G22: 5 | H22: 4 | I22: 3 | J22: 2 | K22: 1 | L22: 2 | M22: 3 | N22: 4 | O22: 5 | P22: 6 | Q22: 7 | R22: 8 | S22: 9 | T22: SDN-3 MANDOMAI | V22: SDN-3 ANJIR KALAMPAN | W22: 9 | X22: 8 | Y22: 7 | Z22: 6 | AA22: 5 | AB22: 4 | AC22: 3 | AD22: 2 | AE22: 1 | AF22: 2 | AG22: 3 | AH22: 4 | AI22: 5 | AJ22: 6 | AK22: 7 | AL22: 8 | AM22: 9 | AN22: SDN-3 MANDOMAI | AP22: SDN-3 ANJIR KALAMPAN | AQ22: 9 | AR22: 8 | AS22: 7 | AT22: 6 | AU22: 5 | AV22: 4 | AW22: 3 | AX22: 2 | AY22: 1 | AZ22: 2 | BA22: 3 | BB22: 4 | BC22: 5 | BD22: 6 | BE22: 7 | BF22: 8 | BG22: 9 | BH22: SDN-3 MANDOMAI
B23: SDN-3 ANJIR KALAMPAN | C23: 9 | D23: 8 | E23: 7 | F23: 6 | G23: 5 | H23: 4 | I23: 3 | J23: 2 | K23: 1 | L23: 2 | M23: 3 | N23: 4 | O23: 5 | P23: 6 | Q23: 7 | R23: 8 | S23: 9 | T23: SDN-4 MANDOMAI | V23: SDN-3 ANJIR KALAMPAN | W23: 9 | X23: 8 | Y23: 7 | Z23: 6 | AA23: 5 | AB23: 4 | AC23: 3 | AD23: 2 | AE23: 1 | AF23: 2 | AG23: 3 | AH23: 4 | AI23: 5 | AJ23: 6 | AK23: 7 | AL23: 8 | AM23: 9 | AN23: SDN-4 MANDOMAI | AP23: SDN-3 ANJIR KALAMPAN | AQ23: 9 | AR23: 8 | AS23: 7 | AT23: 6 | AU23: 5 | AV23: 4 | AW23: 3 | AX23: 2 | AY23: 1 | AZ23: 2 | BA23: 3 | BB23: 4 | BC23: 5 | BD23: 6 | BE23: 7 | BF23: 8 | BG23: 9 | BH23: SDN-4 MANDOMAI
B24: SDN-3 ANJIR KALAMPAN | C24: 9 | D24: 8 | E24: 7 | F24: 6 | G24: 5 | H24: 4 | I24: 3 | J24: 2 | K24: 1 | L24: 2 | M24: 3 | N24: 4 | O24: 5 | P24: 6 | Q24: 7 | R24: 8 | S24: 9 | T24: SDN-1 PANTAI | V24: SDN-3 ANJIR KALAMPAN | W24: 9 | X24: 8 | Y24: 7 | Z24: 6 | AA24: 5 | AB24: 4 | AC24: 3 | AD24: 2 | AE24: 1 | AF24: 2 | AG24: 3 | AH24: 4 | AI24: 5 | AJ24: 6 | AK24: 7 | AL24: 8 | AM24: 9 | AN24: SDN-1 PANTAI | AP24: SDN-3 ANJIR KALAMPAN | AQ24: 9 | AR24: 8 | AS24: 7 | AT24: 6 | AU24: 5 | AV24: 4 | AW24: 3 | AX24: 2 | AY24: 1 | AZ24: 2 | BA24: 3 | BB24: 4 | BC24: 5 | BD24: 6 | BE24: 7 | BF24: 8 | BG24: 9 | BH24: SDN-1 PANTAI
... B109: SDN-2 SEI KAYU | C109: 9 | D109: 8 | E109: 7 | F109: 6 | G109: 5 | H109: 4 | I109: 3 | J109: 2 | K109: 1 | L109: 2 | M109: 3 | N109: 4 | O109: 5 | P109: 6 | Q109: 7 | R109: 8 | S109: 9 | T109: SDN-1 SEI DUSUN | V109: SDN-2 SEI KAYU | W109: 9 | X109: 8 | Y109: 7 | Z109: 6 | AA109: 5 | AB109: 4 | AC109: 3 | AD109: 2 | AE109: 1 | AF109: 2 | AG109: 3 | AH109: 4 | AI109: 5 | AJ109: 6 | AK109: 7 | AL109: 8 | AM109: 9 | AN109: SDN-1 SEI DUSUN | AP109: SDN-2 SEI KAYU | AQ109: 9 | AR109: 8 | AS109: 7 | AT109: 6 | AU109: 5 | AV109: 4 | AW109: 3 | AX109: 2 | AY109: 1 | AZ109: 2 | BA109: 3 | BB109: 4 | BC109: 5 | BD109: 6 | BE109: 7 | BF109: 8 | BG109: 9 | BH109: SDN-1 SEI DUSUN

Sheet USIA BANGUNAN
B1: USIA BANGUNAN | V1: USIA BANGUNAN | AP1: USIA BANGUNAN
B2: PENGAWAS SEKOLAH DASAR KAPUAS BARAT (JHON) | V2: KEPALA BIDANG PENGAWASAN SEKOLAH DASAR DISDIK KAPUAS (JEFRI) | AP2: KOMISI IV DPRD KAB. KAPUAS
B3: SEKOLAH UTAMA | C3: KRITERIA NILAI | T3: SEKOLAH PEMBANDING | V3: SEKOLAH UTAMA | W3: KRITERIA NILAI | AN3: SEKOLAH PEMBANDING | AP3: SEKOLAH UTAMA | AQ3: KRITERIA NILAI | BH3: SEKOLAH PEMBANDING
C4: 9 | D4: 8 | E4: 7 | F4: 6 | G4: 5 | H4: 4 | I4: 3 | J4: 2 | K4: 1 | L4: 2 | M4: 3 | N4: 4 | O4: 5 | P4: 6 | Q4: 7 | R4: 8 | S4: 9 | W4: 9 | X4: 8 | Y4: 7 | Z4: 6 | AA4: 5 | AB4: 4 | AC4: 3 | AD4: 2 | AE4: 1 | AF4: 2 | AG4: 3 | AH4: 4 | AI4: 5 | AJ4: 6 | AK4: 7 | AL4: 8 | AM4: 9 | AQ4: 9 | AR4: 8 | AS4: 7 | AT4: 6 | AU4: 5 | AV4: 4 | AW4: 3 | AX4: 2 | AY4: 1 | AZ4: 2 | BA4: 3 | BB4: 4 | BC4: 5 | BD4: 6 | BE4: 7 | BF4: 8 | BG4: 9
B5: SDN-2 ANJIR KALAMPAN | C5: 9 | D5: 8 | E5: 7 | F5: 6 | G5: 5 | H5: 4 | I5: 3 | J5: 2 | K5: 1 | L5: 2 | M5: 3 | N5: 4 | O5: 5 | P5: 6 | Q5: 7 | R5: 8 | S5: 9 | T5: SDN-3 ANJIR KALAMPAN | V5: SDN-2 ANJIR KALAMPAN | W5: 9 | X5: 8 | Y5: 7 | Z5: 6 | AA5: 5 | AB5: 4 | AC5: 3 | AD5: 2 | AE5: 1 | AF5: 2 | AG5: 3 | AH5: 4 | AI5: 5 | AJ5: 6 | AK5: 7 | AL5: 8 | AM5: 9 | AN5: SDN-3 ANJIR KALAMPAN | AP5: SDN-2 ANJIR KALAMPAN | AQ5: 9 | AR5: 8 | AS5: 7 | AT5: 6 | AU5: 5 | AV5: 4 | AW5: 3 | AX5: 2 | AY5: 1 | AZ5: 2 | BA5: 3 | BB5: 4 | BC5: 5 | BD5: 6 | BE5: 7 | BF5: 8 | BG5: 9 | BH5: SDN-3 ANJIR KALAMPAN | BJ5: PANDUAN PENGISIAN | BN5: CONDONG KE A | BV5: NETRAL | BW5: CONDONG KE B
B6: SDN-2 ANJIR KALAMPAN | C6: 9 | D6: 8 | E6: 7 | F6: 6 | G6: 5 | H6: 4 | I6: 3 | J6: 2 | K6: 1 | L6: 2 | M6: 3 | N6: 4 | O6: 5 | P6: 6 | Q6: 7 | R6: 8 | S6: 9 | T6: SDN-1 SAKA MANGKAHAI | V6: SDN-2 ANJIR KALAMPAN | W6: 9 | X6: 8 | Y6: 7 | Z6: 6 | AA6: 5 | AB6: 4 | AC6: 3 | AD6: 2 | AE6: 1 | AF6: 2 | AG6: 3 | AH6: 4 | AI6: 5 | AJ6: 6 | AK6: 7 | AL6: 8 | AM6: 9 | AN6: SDN-1 SAKA MANGKAHAI | AP6: SDN-2 ANJIR KALAMPAN | AQ6: 9 | AR6: 8 | AS6: 7 | AT6: 6 | AU6: 5 | AV6: 4 | AW6: 3 | AX6: 2 | AY6: 1 | AZ6: 2 | BA6: 3 | BB6: 4 | BC6: 5 | BD6: 6 | BE6: 7 | BF6: 8 | BG6: 9 | BH6: SDN-1 SAKA MANGKAHAI | BJ6: TINGKAT KEPENTINGAN | BK6: DEFINISI | BM6: PILIHAN A | BN6: 9 | BO6: 8 | BP6: 7 | BQ6: 6 | BR6: 5 | BS6: 4 | BT6: 3 | BU6: 2 | BV6: 1 | BW6: 2 | BX6: 3 | BY6: 4 | BZ6: 5 | CA6: 6 | CB6: 7 | CC6: 8 | CD6: 9 | CE6: PILIHAN B
B7: SDN-2 ANJIR KALAMPAN | C7: 9 | D7: 8 | E7: 7 | F7: 6 | G7: 5 | H7: 4 | I7: 3 | J7: 2 | K7: 1 | L7: 2 | M7: 3 | N7: 4 | O7: 5 | P7: 6 | Q7: 7 | R7: 8 | S7: 9 | T7: SDN-2 SAKA MANGKAHAI | V7: SDN-2 ANJIR KALAMPAN | W7: 9 | X7: 8 | Y7: 7 | Z7: 6 | AA7: 5 | AB7: 4 | AC7: 3 | AD7: 2 | AE7: 1 | AF7: 2 | AG7: 3 | AH7: 4 | AI7: 5 | AJ7: 6 | AK7: 7 | AL7: 8 | AM7: 9 | AN7: SDN-2 SAKA MANGKAHAI | AP7: SDN-2 ANJIR KALAMPAN | AQ7: 9 | AR7: 8 | AS7: 7 | AT7: 6 | AU7: 5 | AV7: 4 | AW7: 3 | AX7: 2 | AY7: 1 | AZ7: 2 | BA7: 3 | BB7: 4 | BC7: 5 | BD7: 6 | BE7: 7 | BF7: 8 | BG7: 9 | BH7: SDN-2 SAKA MANGKAHAI | BJ7: 1 | BK7: KEDUA ELEMEN SAMA PENTING
B8: SDN-2 ANJIR KALAMPAN | C8: 9 | D8: 8 | E8: 7 | F8: 6 | G8: 5 | H8: 4 | I8: 3 | J8: 2 | K8: 1 | L8: 2 | M8: 3 | N8: 4 | O8: 5 | P8: 6 | Q8: 7 | R8: 8 | S8: 9 | T8: SDN-2 MANDOMAI | V8: SDN-2 ANJIR KALAMPAN | W8: 9 | X8: 8 | Y8: 7 | Z8: 6 | AA8: 5 | AB8: 4 | AC8: 3 | AD8: 2 | AE8: 1 | AF8: 2 | AG8: 3 | AH8: 4 | AI8: 5 | AJ8: 6 | AK8: 7 | AL8: 8 | AM8: 9 | AN8: SDN-2 MANDOMAI | AP8: SDN-2 ANJIR KALAMPAN | AQ8: 9 | AR8: 8 | AS8: 7 | AT8: 6 | AU8: 5 | AV8: 4 | AW8: 3 | AX8: 2 | AY8: 1 | AZ8: 2 | BA8: 3 | BB8: 4 | BC8: 5 | BD8: 6 | BE8: 7 | BF8: 8 | BG8: 9 | BH8: SDN-2 MANDOMAI | BJ8: 3 | BK8: ELEMEN YANG SATU SEDIKIT LEBIH PENTING DARI YANG LAIN
B9: SDN-2 ANJIR KALAMPAN | C9: 9 | D9: 8 | E9: 7 | F9: 6 | G9: 5 | H9: 4 | I9: 3 | J9: 2 | K9: 1 | L9: 2 | M9: 3 | N9: 4 | O9: 5 | P9: 6 | Q9: 7 | R9: 8 | S9: 9 | T9: SDN-3 MANDOMAI | V9: SDN-2 ANJIR KALAMPAN | W9: 9 | X9: 8 | Y9: 7 | Z9: 6 | AA9: 5 | AB9: 4 | AC9: 3 | AD9: 2 | AE9: 1 | AF9: 2 | AG9: 3 | AH9: 4 | AI9: 5 | AJ9: 6 | AK9: 7 | AL9: 8 | AM9: 9 | AN9: SDN-3 MANDOMAI | AP9: SDN-2 ANJIR KALAMPAN | AQ9: 9 | AR9: 8 | AS9: 7 | AT9: 6 | AU9: 5 | AV9: 4 | AW9: 3 | AX9: 2 | AY9: 1 | AZ9: 2 | BA9: 3 | BB9: 4 | BC9: 5 | BD9: 6 | BE9: 7 | BF9: 8 | BG9: 9 | BH9: SDN-3 MANDOMAI | BJ9: 5 | BK9: ELEMEN YANG SATU LEBIH PENTING DARI YANG LAIN
B10: SDN-2 ANJIR KALAMPAN | C10: 9 | D10: 8 | E10: 7 | F10: 6 | G10: 5 | H10: 4 | I10: 3 | J10: 2 | K10: 1 | L10: 2 | M10: 3 | N10: 4 | O10: 5 | P10: 6 | Q10: 7 | R10: 8 | S10: 9 | T10: SDN-4 MANDOMAI | V10: SDN-2 ANJIR KALAMPAN | W10: 9 | X10: 8 | Y10: 7 | Z10: 6 | AA10: 5 | AB10: 4 | AC10: 3 | AD10: 2 | AE10: 1 | AF10: 2 | AG10: 3 | AH10: 4 | AI10: 5 | AJ10: 6 | AK10: 7 | AL10: 8 | AM10: 9 | AN10: SDN-4 MANDOMAI | AP10: SDN-2 ANJIR KALAMPAN | AQ10: 9 | AR10: 8 | AS10: 7 | AT10: 6 | AU10: 5 | AV10: 4 | AW10: 3 | AX10: 2 | AY10: 1 | AZ10: 2 | BA10: 3 | BB10: 4 | BC10: 5 | BD10: 6 | BE10: 7 | BF10: 8 | BG10: 9 | BH10: SDN-4 MANDOMAI | BJ10: 7 | BK10: ELEMEN YANG SATU SANGAT PENTING DARI YANG LAIN
B11: SDN-2 ANJIR KALAMPAN | C11: 9 | D11: 8 | E11: 7 | F11: 6 | G11: 5 | H11: 4 | I11: 3 | J11: 2 | K11: 1 | L11: 2 | M11: 3 | N11: 4 | O11: 5 | P11: 6 | Q11: 7 | R11: 8 | S11: 9 | T11: SDN-1 PANTAI | V11: SDN-2 ANJIR KALAMPAN | W11: 9 | X11: 8 | Y11: 7 | Z11: 6 | AA11: 5 | AB11: 4 | AC11: 3 | AD11: 2 | AE11: 1 | AF11: 2 | AG11: 3 | AH11: 4 | AI11: 5 | AJ11: 6 | AK11: 7 | AL11: 8 | AM11: 9 | AN11: SDN-1 PANTAI | AP11: SDN-2 ANJIR KALAMPAN | AQ11: 9 | AR11: 8 | AS11: 7 | AT11: 6 | AU11: 5 | AV11: 4 | AW11: 3 | AX11: 2 | AY11: 1 | AZ11: 2 | BA11: 3 | BB11: 4 | BC11: 5 | BD11: 6 | BE11: 7 | BF11: 8 | BG11: 9 | BH11: SDN-1 PANTAI | BJ11: 9 | BK11: ELEMEN YANG SATU MUTLAK LEBIH PENTING DARI YANG LAIN
B12: SDN-2 ANJIR KALAMPAN | C12: 9 | D12: 8 | E12: 7 | F12: 6 | G12: 5 | H12: 4 | I12: 3 | J12: 2 | K12: 1 | L12: 2 | M12: 3 | N12: 4 | O12: 5 | P12: 6 | Q12: 7 | R12: 8 | S12: 9 | T12: SDN-2 PANTAI | V12: SDN-2 ANJIR KALAMPAN | W12: 9 | X12: 8 | Y12: 7 | Z12: 6 | AA12: 5 | AB12: 4 | AC12: 3 | AD12: 2 | AE12: 1 | AF12: 2 | AG12: 3 | AH12: 4 | AI12: 5 | AJ12: 6 | AK12: 7 | AL12: 8 | AM12: 9 | AN12: SDN-2 PANTAI | AP12: SDN-2 ANJIR KALAMPAN | AQ12: 9 | AR12: 8 | AS12: 7 | AT12: 6 | AU12: 5 | AV12: 4 | AW12: 3 | AX12: 2 | AY12: 1 | AZ12: 2 | BA12: 3 | BB12: 4 | BC12: 5 | BD12: 6 | BE12: 7 | BF12: 8 | BG12: 9 | BH12: SDN-2 PANTAI | BJ12: 2,4,6,8 | BK12: NILAI KOMPROMI (NILAI TENGAH ANTARA DUA PERBANDINGAN)
B13: SDN-2 ANJIR KALAMPAN | C13: 9 | D13: 8 | E13: 7 | F13: 6 | G13: 5 | H13: 4 | I13: 3 | J13: 2 | K13: 1 | L13: 2 | M13: 3 | N13: 4 | O13: 5 | P13: 6 | Q13: 7 | R13: 8 | S13: 9 | T13: SDN-1 BASUTA RAYA | V13: SDN-2 ANJIR KALAMPAN | W13: 9 | X13: 8 | Y13: 7 | Z13: 6 | AA13: 5 | AB13: 4 | AC13: 3 | AD13: 2 | AE13: 1 | AF13: 2 | AG13: 3 | AH13: 4 | AI13: 5 | AJ13: 6 | AK13: 7 | AL13: 8 | AM13: 9 | AN13: SDN-1 BASUTA RAYA | AP13: SDN-2 ANJIR KALAMPAN | AQ13: 9 | AR13: 8 | AS13: 7 | AT13: 6 | AU13: 5 | AV13: 4 | AW13: 3 | AX13: 2 | AY13: 1 | AZ13: 2 | BA13: 3 | BB13: 4 | BC13: 5 | BD13: 6 | BE13: 7 | BF13: 8 | BG13: 9 | BH13: SDN-1 BASUTA RAYA
B14: SDN-2 ANJIR KALAMPAN | C14: 9 | D14: 8 | E14: 7 | F14: 6 | G14: 5 | H14: 4 | I14: 3 | J14: 2 | K14: 1 | L14: 2 | M14: 3 | N14: 4 | O14: 5 | P14: 6 | Q14: 7 | R14: 8 | S14: 9 | T14: SDN-1 SEI PITUNG | V14: SDN-2 ANJIR KALAMPAN | W14: 9 | X14: 8 | Y14: 7 | Z14: 6 | AA14: 5 | AB14: 4 | AC14: 3 | AD14: 2 | AE14: 1 | AF14: 2 | AG14: 3 | AH14: 4 | AI14: 5 | AJ14: 6 | AK14: 7 | AL14: 8 | AM14: 9 | AN14: SDN-1 SEI PITUNG | AP14: SDN-2 ANJIR KALAMPAN | AQ14: 9 | AR14: 8 | AS14: 7 | AT14: 6 | AU14: 5 | AV14: 4 | AW14: 3 | AX14: 2 | AY14: 1 | AZ14: 2 | BA14: 3 | BB14: 4 | BC14: 5 | BD14: 6 | BE14: 7 | BF14: 8 | BG14: 9 | BH14: SDN-1 SEI PITUNG
B15: SDN-2 ANJIR KALAMPAN | C15: 9 | D15: 8 | E15: 7 | F15: 6 | G15: 5 | H15: 4 | I15: 3 | J15: 2 | K15: 1 | L15: 2 | M15: 3 | N15: 4 | O15: 5 | P15: 6 | Q15: 7 | R15: 8 | S15: 9 | T15: SDN-1 PENDA KATAPI | V15: SDN-2 ANJIR KALAMPAN | W15: 9 | X15: 8 | Y15: 7 | Z15: 6 | AA15: 5 | AB15: 4 | AC15: 3 | AD15: 2 | AE15: 1 | AF15: 2 | AG15: 3 | AH15: 4 | AI15: 5 | AJ15: 6 | AK15: 7 | AL15: 8 | AM15: 9 | AN15: SDN-1 PENDA KATAPI | AP15: SDN-2 ANJIR KALAMPAN | AQ15: 9 | AR15: 8 | AS15: 7 | AT15: 6 | AU15: 5 | AV15: 4 | AW15: 3 | AX15: 2 | AY15: 1 | AZ15: 2 | BA15: 3 | BB15: 4 | BC15: 5 | BD15: 6 | BE15: 7 | BF15: 8 | BG15: 9 | BH15: SDN-1 PENDA KATAPI
B16: SDN-2 ANJIR KALAMPAN | C16: 9 | D16: 8 | E16: 7 | F16: 6 | G16: 5 | H16: 4 | I16: 3 | J16: 2 | K16: 1 | L16: 2 | M16: 3 | N16: 4 | O16: 5 | P16: 6 | Q16: 7 | R16: 8 | S16: 9 | T16: SDN-1 SEI KAYU | V16: SDN-2 ANJIR KALAMPAN | W16: 9 | X16: 8 | Y16: 7 | Z16: 6 | AA16: 5 | AB16: 4 | AC16: 3 | AD16: 2 | AE16: 1 | AF16: 2 | AG16: 3 | AH16: 4 | AI16: 5 | AJ16: 6 | AK16: 7 | AL16: 8 | AM16: 9 | AN16: SDN-1 SEI KAYU | AP16: SDN-2 ANJIR KALAMPAN | AQ16: 9 | AR16: 8 | AS16: 7 | AT16: 6 | AU16: 5 | AV16: 4 | AW16: 3 | AX16: 2 | AY16: 1 | AZ16: 2 | BA16: 3 | BB16: 4 | BC16: 5 | BD16: 6 | BE16: 7 | BF16: 8 | BG16: 9 | BH16: SDN-1 SEI KAYU
B17: SDN-2 ANJIR KALAMPAN | C17: 9 | D17: 8 | E17: 7 | F17: 6 | G17: 5 | H17: 4 | I17: 3 | J17: 2 | K17: 1 | L17: 2 | M17: 3 | N17: 4 | O17: 5 | P17: 6 | Q17: 7 | R17: 8 | S17: 9 | T17: SDN-2 SEI KAYU | V17: SDN-2 ANJIR KALAMPAN | W17: 9 | X17: 8 | Y17: 7 | Z17: 6 | AA17: 5 | AB17: 4 | AC17: 3 | AD17: 2 | AE17: 1 | AF17: 2 | AG17: 3 | AH17: 4 | AI17: 5 | AJ17: 6 | AK17: 7 | AL17: 8 | AM17: 9 | AN17: SDN-2 SEI KAYU | AP17: SDN-2 ANJIR KALAMPAN | AQ17: 9 | AR17: 8 | AS17: 7 | AT17: 6 | AU17: 5 | AV17: 4 | AW17: 3 | AX17: 2 | AY17: 1 | AZ17: 2 | BA17: 3 | BB17: 4 | BC17: 5 | BD17: 6 | BE17: 7 | BF17: 8 | BG17: 9 | BH17: SDN-2 SEI KAYU
B18: SDN-2 ANJIR KALAMPAN | C18: 9 | D18: 8 | E18: 7 | F18: 6 | G18: 5 | H18: 4 | I18: 3 | J18: 2 | K18: 1 | L18: 2 | M18: 3 | N18: 4 | O18: 5 | P18: 6 | Q18: 7 | R18: 8 | S18: 9 | T18: SDN-1 SEI DUSUN | V18: SDN-2 ANJIR KALAMPAN | W18: 9 | X18: 8 | Y18: 7 | Z18: 6 | AA18: 5 | AB18: 4 | AC18: 3 | AD18: 2 | AE18: 1 | AF18: 2 | AG18: 3 | AH18: 4 | AI18: 5 | AJ18: 6 | AK18: 7 | AL18: 8 | AM18: 9 | AN18: SDN-1 SEI DUSUN | AP18: SDN-2 ANJIR KALAMPAN | AQ18: 9 | AR18: 8 | AS18: 7 | AT18: 6 | AU18: 5 | AV18: 4 | AW18: 3 | AX18: 2 | AY18: 1 | AZ18: 2 | BA18: 3 | BB18: 4 | BC18: 5 | BD18: 6 | BE18: 7 | BF18: 8 | BG18: 9 | BH18: SDN-1 SEI DUSUN
B19: SDN-3 ANJIR KALAMPAN | C19: 9 | D19: 8 | E19: 7 | F19: 6 | G19: 5 | H19: 4 | I19: 3 | J19: 2 | K19: 1 | L19: 2 | M19: 3 | N19: 4 | O19: 5 | P19: 6 | Q19: 7 | R19: 8 | S19: 9 | T19: SDN-1 SAKA MANGKAHAI | V19: SDN-3 ANJIR KALAMPAN | W19: 9 | X19: 8 | Y19: 7 | Z19: 6 | AA19: 5 | AB19: 4 | AC19: 3 | AD19: 2 | AE19: 1 | AF19: 2 | AG19: 3 | AH19: 4 | AI19: 5 | AJ19: 6 | AK19: 7 | AL19: 8 | AM19: 9 | AN19: SDN-1 SAKA MANGKAHAI | AP19: SDN-3 ANJIR KALAMPAN | AQ19: 9 | AR19: 8 | AS19: 7 | AT19: 6 | AU19: 5 | AV19: 4 | AW19: 3 | AX19: 2 | AY19: 1 | AZ19: 2 | BA19: 3 | BB19: 4 | BC19: 5 | BD19: 6 | BE19: 7 | BF19: 8 | BG19: 9 | BH19: SDN-1 SAKA MANGKAHAI
B20: SDN-3 ANJIR KALAMPAN | C20: 9 | D20: 8 | E20: 7 | F20: 6 | G20: 5 | H20: 4 | I20: 3 | J20: 2 | K20: 1 | L20: 2 | M20: 3 | N20: 4 | O20: 5 | P20: 6 | Q20: 7 | R20: 8 | S20: 9 | T20: SDN-2 SAKA MANGKAHAI | V20: SDN-3 ANJIR KALAMPAN | W20: 9 | X20: 8 | Y20: 7 | Z20: 6 | AA20: 5 | AB20: 4 | AC20: 3 | AD20: 2 | AE20: 1 | AF20: 2 | AG20: 3 | AH20: 4 | AI20: 5 | AJ20: 6 | AK20: 7 | AL20: 8 | AM20: 9 | AN20: SDN-2 SAKA MANGKAHAI | AP20: SDN-3 ANJIR KALAMPAN | AQ20: 9 | AR20: 8 | AS20: 7 | AT20: 6 | AU20: 5 | AV20: 4 | AW20: 3 | AX20: 2 | AY20: 1 | AZ20: 2 | BA20: 3 | BB20: 4 | BC20: 5 | BD20: 6 | BE20: 7 | BF20: 8 | BG20: 9 | BH20: SDN-2 SAKA MANGKAHAI
B21: SDN-3 ANJIR KALAMPAN | C21: 9 | D21: 8 | E21: 7 | F21: 6 | G21: 5 | H21: 4 | I21: 3 | J21: 2 | K21: 1 | L21: 2 | M21: 3 | N21: 4 | O21: 5 | P21: 6 | Q21: 7 | R21: 8 | S21: 9 | T21: SDN-2 MANDOMAI | V21: SDN-3 ANJIR KALAMPAN | W21: 9 | X21: 8 | Y21: 7 | Z21: 6 | AA21: 5 | AB21: 4 | AC21: 3 | AD21: 2 | AE21: 1 | AF21: 2 | AG21: 3 | AH21: 4 | AI21: 5 | AJ21: 6 | AK21: 7 | AL21: 8 | AM21: 9 | AN21: SDN-2 MANDOMAI | AP21: SDN-3 ANJIR KALAMPAN | AQ21: 9 | AR21: 8 | AS21: 7 | AT21: 6 | AU21: 5 | AV21: 4 | AW21: 3 | AX21: 2 | AY21: 1 | AZ21: 2 | BA21: 3 | BB21: 4 | BC21: 5 | BD21: 6 | BE21: 7 | BF21: 8 | BG21: 9 | BH21: SDN-2 MANDOMAI
B22: SDN-3 ANJIR KALAMPAN | C22: 9 | D22: 8 | E22: 7 | F22: 6 | G22: 5 | H22: 4 | I22: 3 | J22: 2 | K22: 1 | L22: 2 | M22: 3 | N22: 4 | O22: 5 | P22: 6 | Q22: 7 | R22: 8 | S22: 9 | T22: SDN-3 MANDOMAI | V22: SDN-3 ANJIR KALAMPAN | W22: 9 | X22: 8 | Y22: 7 | Z22: 6 | AA22: 5 | AB22: 4 | AC22: 3 | AD22: 2 | AE22: 1 | AF22: 2 | AG22: 3 | AH22: 4 | AI22: 5 | AJ22: 6 | AK22: 7 | AL22: 8 | AM22: 9 | AN22: SDN-3 MANDOMAI | AP22: SDN-3 ANJIR KALAMPAN | AQ22: 9 | AR22: 8 | AS22: 7 | AT22: 6 | AU22: 5 | AV22: 4 | AW22: 3 | AX22: 2 | AY22: 1 | AZ22: 2 | BA22: 3 | BB22: 4 | BC22: 5 | BD22: 6 | BE22: 7 | BF22: 8 | BG22: 9 | BH22: SDN-3 MANDOMAI
B23: SDN-3 ANJIR KALAMPAN | C23: 9 | D23: 8 | E23: 7 | F23: 6 | G23: 5 | H23: 4 | I23: 3 | J23: 2 | K23: 1 | L23: 2 | M23: 3 | N23: 4 | O23: 5 | P23: 6 | Q23: 7 | R23: 8 | S23: 9 | T23: SDN-4 MANDOMAI | V23: SDN-3 ANJIR KALAMPAN | W23: 9 | X23: 8 | Y23: 7 | Z23: 6 | AA23: 5 | AB23: 4 | AC23: 3 | AD23: 2 | AE23: 1 | AF23: 2 | AG23: 3 | AH23: 4 | AI23: 5 | AJ23: 6 | AK23: 7 | AL23: 8 | AM23: 9 | AN23: SDN-4 MANDOMAI | AP23: SDN-3 ANJIR KALAMPAN | AQ23: 9 | AR23: 8 | AS23: 7 | AT23: 6 | AU23: 5 | AV23: 4 | AW23: 3 | AX23: 2 | AY23: 1 | AZ23: 2 | BA23: 3 | BB23: 4 | BC23: 5 | BD23: 6 | BE23: 7 | BF23: 8 | BG23: 9 | BH23: SDN-4 MANDOMAI
B24: SDN-3 ANJIR KALAMPAN | C24: 9 | D24: 8 | E24: 7 | F24: 6 | G24: 5 | H24: 4 | I24: 3 | J24: 2 | K24: 1 | L24: 2 | M24: 3 | N24: 4 | O24: 5 | P24: 6 | Q24: 7 | R24: 8 | S24: 9 | T24: SDN-1 PANTAI | V24: SDN-3 ANJIR KALAMPAN | W24: 9 | X24: 8 | Y24: 7 | Z24: 6 | AA24: 5 | AB24: 4 | AC24: 3 | AD24: 2 | AE24: 1 | AF24: 2 | AG24: 3 | AH24: 4 | AI24: 5 | AJ24: 6 | AK24: 7 | AL24: 8 | AM24: 9 | AN24: SDN-1 PANTAI | AP24: SDN-3 ANJIR KALAMPAN | AQ24: 9 | AR24: 8 | AS24: 7 | AT24: 6 | AU24: 5 | AV24: 4 | AW24: 3 | AX24: 2 | AY24: 1 | AZ24: 2 | BA24: 3 | BB24: 4 | BC24: 5 | BD24: 6 | BE24: 7 | BF24: 8 | BG24: 9 | BH24: SDN-1 PANTAI
... B109: SDN-2 SEI KAYU | C109: 9 | D109: 8 | E109: 7 | F109: 6 | G109: 5 | H109: 4 | I109: 3 | J109: 2 | K109: 1 | L109: 2 | M109: 3 | N109: 4 | O109: 5 | P109: 6 | Q109: 7 | R109: 8 | S109: 9 | T109: SDN-1 SEI DUSUN | V109: SDN-2 SEI KAYU | W109: 9 | X109: 8 | Y109: 7 | Z109: 6 | AA109: 5 | AB109: 4 | AC109: 3 | AD109: 2 | AE109: 1 | AF109: 2 | AG109: 3 | AH109: 4 | AI109: 5 | AJ109: 6 | AK109: 7 | AL109: 8 | AM109: 9 | AN109: SDN-1 SEI DUSUN | AP109: SDN-2 SEI KAYU | AQ109: 9 | AR109: 8 | AS109: 7 | AT109: 6 | AU109: 5 | AV109: 4 | AW109: 3 | AX109: 2 | AY109: 1 | AZ109: 2 | BA109: 3 | BB109: 4 | BC109: 5 | BD109: 6 | BE109: 7 | BF109: 8 | BG109: 9 | BH109: SDN-1 SEI DUSUN

Sheet JUMLAH SISWA
B1: JUMLAH SISWA | V1: JUMLAH SISWA | AP1: JUMLAH SISWA
B2: PENGAWAS SEKOLAH DASAR KAPUAS BARAT (JHON) | V2: KEPALA BIDANG PENGAWASAN SEKOLAH DASAR DISDIK KAPUAS (JEFRI) | AP2: KOMISI IV DPRD KAB. KAPUAS
B3: SEKOLAH UTAMA | C3: KRITERIA NILAI | T3: SEKOLAH PEMBANDING | V3: SEKOLAH UTAMA | W3: KRITERIA NILAI | AN3: SEKOLAH PEMBANDING | AP3: SEKOLAH UTAMA | AQ3: KRITERIA NILAI | BH3: SEKOLAH PEMBANDING
C4: 9 | D4: 8 | E4: 7 | F4: 6 | G4: 5 | H4: 4 | I4: 3 | J4: 2 | K4: 1 | L4: 2 | M4: 3 | N4: 4 | O4: 5 | P4: 6 | Q4: 7 | R4: 8 | S4: 9 | W4: 9 | X4: 8 | Y4: 7 | Z4: 6 | AA4: 5 | AB4: 4 | AC4: 3 | AD4: 2 | AE4: 1 | AF4: 2 | AG4: 3 | AH4: 4 | AI4: 5 | AJ4: 6 | AK4: 7 | AL4: 8 | AM4: 9 | AQ4: 9 | AR4: 8 | AS4: 7 | AT4: 6 | AU4: 5 | AV4: 4 | AW4: 3 | AX4: 2 | AY4: 1 | AZ4: 2 | BA4: 3 | BB4: 4 | BC4: 5 | BD4: 6 | BE4: 7 | BF4: 8 | BG4: 9
B5: SDN-2 ANJIR KALAMPAN | C5: 9 | D5: 8 | E5: 7 | F5: 6 | G5: 5 | H5: 4 | I5: 3 | J5: 2 | K5: 1 | L5: 2 | M5: 3 | N5: 4 | O5: 5 | P5: 6 | Q5: 7 | R5: 8 | S5: 9 | T5: SDN-3 ANJIR KALAMPAN | V5: SDN-2 ANJIR KALAMPAN | W5: 9 | X5: 8 | Y5: 7 | Z5: 6 | AA5: 5 | AB5: 4 | AC5: 3 | AD5: 2 | AE5: 1 | AF5: 2 | AG5: 3 | AH5: 4 | AI5: 5 | AJ5: 6 | AK5: 7 | AL5: 8 | AM5: 9 | AN5: SDN-3 ANJIR KALAMPAN | AP5: SDN-2 ANJIR KALAMPAN | AQ5: 9 | AR5: 8 | AS5: 7 | AT5: 6 | AU5: 5 | AV5: 4 | AW5: 3 | AX5: 2 | AY5: 1 | AZ5: 2 | BA5: 3 | BB5: 4 | BC5: 5 | BD5: 6 | BE5: 7 | BF5: 8 | BG5: 9 | BH5: SDN-3 ANJIR KALAMPAN | BJ5: PANDUAN PENGISIAN | BN5: CONDONG KE A | BV5: NETRAL | BW5: CONDONG KE B
B6: SDN-2 ANJIR KALAMPAN | C6: 9 | D6: 8 | E6: 7 | F6: 6 | G6: 5 | H6: 4 | I6: 3 | J6: 2 | K6: 1 | L6: 2 | M6: 3 | N6: 4 | O6: 5 | P6: 6 | Q6: 7 | R6: 8 | S6: 9 | T6: SDN-1 SAKA MANGKAHAI | V6: SDN-2 ANJIR KALAMPAN | W6: 9 | X6: 8 | Y6: 7 | Z6: 6 | AA6: 5 | AB6: 4 | AC6: 3 | AD6: 2 | AE6: 1 | AF6: 2 | AG6: 3 | AH6: 4 | AI6: 5 | AJ6: 6 | AK6: 7 | AL6: 8 | AM6: 9 | AN6: SDN-1 SAKA MANGKAHAI | AP6: SDN-2 ANJIR KALAMPAN | AQ6: 9 | AR6: 8 | AS6: 7 | AT6: 6 | AU6: 5 | AV6: 4 | AW6: 3 | AX6: 2 | AY6: 1 | AZ6: 2 | BA6: 3 | BB6: 4 | BC6: 5 | BD6: 6 | BE6: 7 | BF6: 8 | BG6: 9 | BH6: SDN-1 SAKA MANGKAHAI | BJ6: TINGKAT KEPENTINGAN | BK6: DEFINISI | BM6: PILIHAN A | BN6: 9 | BO6: 8 | BP6: 7 | BQ6: 6 | BR6: 5 | BS6: 4 | BT6: 3 | BU6: 2 | BV6: 1 | BW6: 2 | BX6: 3 | BY6: 4 | BZ6: 5 | CA6: 6 | CB6: 7 | CC6: 8 | CD6: 9 | CE6: PILIHAN B
B7: SDN-2 ANJIR KALAMPAN | C7: 9 | D7: 8 | E7: 7 | F7: 6 | G7: 5 | H7: 4 | I7: 3 | J7: 2 | K7: 1 | L7: 2 | M7: 3 | N7: 4 | O7: 5 | P7: 6 | Q7: 7 | R7: 8 | S7: 9 | T7: SDN-2 SAKA MANGKAHAI | V7: SDN-2 ANJIR KALAMPAN | W7: 9 | X7: 8 | Y7: 7 | Z7: 6 | AA7: 5 | AB7: 4 | AC7: 3 | AD7: 2 | AE7: 1 | AF7: 2 | AG7: 3 | AH7: 4 | AI7: 5 | AJ7: 6 | AK7: 7 | AL7: 8 | AM7: 9 | AN7: SDN-2 SAKA MANGKAHAI | AP7: SDN-2 ANJIR KALAMPAN | AQ7: 9 | AR7: 8 | AS7: 7 | AT7: 6 | AU7: 5 | AV7: 4 | AW7: 3 | AX7: 2 | AY7: 1 | AZ7: 2 | BA7: 3 | BB7: 4 | BC7: 5 | BD7: 6 | BE7: 7 | BF7: 8 | BG7: 9 | BH7: SDN-2 SAKA MANGKAHAI | BJ7: 1 | BK7: KEDUA ELEMEN SAMA PENTING
B8: SDN-2 ANJIR KALAMPAN | C8: 9 | D8: 8 | E8: 7 | F8: 6 | G8: 5 | H8: 4 | I8: 3 | J8: 2 | K8: 1 | L8: 2 | M8: 3 | N8: 4 | O8: 5 | P8: 6 | Q8: 7 | R8: 8 | S8: 9 | T8: SDN-2 MANDOMAI | V8: SDN-2 ANJIR KALAMPAN | W8: 9 | X8: 8 | Y8: 7 | Z8: 6 | AA8: 5 | AB8: 4 | AC8: 3 | AD8: 2 | AE8: 1 | AF8: 2 | AG8: 3 | AH8: 4 | AI8: 5 | AJ8: 6 | AK8: 7 | AL8: 8 | AM8: 9 | AN8: SDN-2 MANDOMAI | AP8: SDN-2 ANJIR KALAMPAN | AQ8: 9 | AR8: 8 | AS8: 7 | AT8: 6 | AU8: 5 | AV8: 4 | AW8: 3 | AX8: 2 | AY8: 1 | AZ8: 2 | BA8: 3 | BB8: 4 | BC8: 5 | BD8: 6 | BE8: 7 | BF8: 8 | BG8: 9 | BH8: SDN-2 MANDOMAI | BJ8: 3 | BK8: ELEMEN YANG SATU SEDIKIT LEBIH PENTING DARI YANG LAIN
B9: SDN-2 ANJIR KALAMPAN | C9: 9 | D9: 8 | E9: 7 | F9: 6 | G9: 5 | H9: 4 | I9: 3 | J9: 2 | K9: 1 | L9: 2 | M9: 3 | N9: 4 | O9: 5 | P9: 6 | Q9: 7 | R9: 8 | S9: 9 | T9: SDN-3 MANDOMAI | V9: SDN-2 ANJIR KALAMPAN | W9: 9 | X9: 8 | Y9: 7 | Z9: 6 | AA9: 5 | AB9: 4 | AC9: 3 | AD9: 2 | AE9: 1 | AF9: 2 | AG9: 3 | AH9: 4 | AI9: 5 | AJ9: 6 | AK9: 7 | AL9: 8 | AM9: 9 | AN9: SDN-3 MANDOMAI | AP9: SDN-2 ANJIR KALAMPAN | AQ9: 9 | AR9: 8 | AS9: 7 | AT9: 6 | AU9: 5 | AV9: 4 | AW9: 3 | AX9: 2 | AY9: 1 | AZ9: 2 | BA9: 3 | BB9: 4 | BC9: 5 | BD9: 6 | BE9: 7 | BF9: 8 | BG9: 9 | BH9: SDN-3 MANDOMAI | BJ9: 5 | BK9: ELEMEN YANG SATU LEBIH PENTING DARI YANG LAIN
B10: SDN-2 ANJIR KALAMPAN | C10: 9 | D10: 8 | E10: 7 | F10: 6 | G10: 5 | H10: 4 | I10: 3 | J10: 2 | K10: 1 | L10: 2 | M10: 3 | N10: 4 | O10: 5 | P10: 6 | Q10: 7 | R10: 8 | S10: 9 | T10: SDN-4 MANDOMAI | V10: SDN-2 ANJIR KALAMPAN | W10: 9 | X10: 8 | Y10: 7 | Z10: 6 | AA10: 5 | AB10: 4 | AC10: 3 | AD10: 2 | AE10: 1 | AF10: 2 | AG10: 3 | AH10: 4 | AI10: 5 | AJ10: 6 | AK10: 7 | AL10: 8 | AM10: 9 | AN10: SDN-4 MANDOMAI | AP10: SDN-2 ANJIR KALAMPAN | AQ10: 9 | AR10: 8 | AS10: 7 | AT10: 6 | AU10: 5 | AV10: 4 | AW10: 3 | AX10: 2 | AY10: 1 | AZ10: 2 | BA10: 3 | BB10: 4 | BC10: 5 | BD10: 6 | BE10: 7 | BF10: 8 | BG10: 9 | BH10: SDN-4 MANDOMAI | BJ10: 7 | BK10: ELEMEN YANG SATU SANGAT PENTING DARI YANG LAIN
B11: SDN-2 ANJIR KALAMPAN | C11: 9 | D11: 8 | E11: 7 | F11: 6 | G11: 5 | H11: 4 | I11: 3 | J11: 2 | K11: 1 | L11: 2 | M11: 3 | N11: 4 | O11: 5 | P11: 6 | Q11: 7 | R11: 8 | S11: 9 | T11: SDN-1 PANTAI | V11: SDN-2 ANJIR KALAMPAN | W11: 9 | X11: 8 | Y11: 7 | Z11: 6 | AA11: 5 | AB11: 4 | AC11: 3 | AD11: 2 | AE11: 1 | AF11: 2 | AG11: 3 | AH11: 4 | AI11: 5 | AJ11: 6 | AK11: 7 | AL11: 8 | AM11: 9 | AN11: SDN-1 PANTAI | AP11: SDN-2 ANJIR KALAMPAN | AQ11: 9 | AR11: 8 | AS11: 7 | AT11: 6 | AU11: 5 | AV11: 4 | AW11: 3 | AX11: 2 | AY11: 1 | AZ11: 2 | BA11: 3 | BB11: 4 | BC11: 5 | BD11: 6 | BE11: 7 | BF11: 8 | BG11: 9 | BH11: SDN-1 PANTAI | BJ11: 9 | BK11: ELEMEN YANG SATU MUTLAK LEBIH PENTING DARI YANG LAIN
B12: SDN-2 ANJIR KALAMPAN | C12: 9 | D12: 8 | E12: 7 | F12: 6 | G12: 5 | H12: 4 | I12: 3 | J12: 2 | K12: 1 | L12: 2 | M12: 3 | N12: 4 | O12: 5 | P12: 6 | Q12: 7 | R12: 8 | S12: 9 | T12: SDN-2 PANTAI | V12: SDN-2 ANJIR KALAMPAN | W12: 9 | X12: 8 | Y12: 7 | Z12: 6 | AA12: 5 | AB12: 4 | AC12: 3 | AD12: 2 | AE12: 1 | AF12: 2 | AG12: 3 | AH12: 4 | AI12: 5 | AJ12: 6 | AK12: 7 | AL12: 8 | AM12: 9 | AN12: SDN-2 PANTAI | AP12: SDN-2 ANJIR KALAMPAN | AQ12: 9 | AR12: 8 | AS12: 7 | AT12: 6 | AU12: 5 | AV12: 4 | AW12: 3 | AX12: 2 | AY12: 1 | AZ12: 2 | BA12: 3 | BB12: 4 | BC12: 5 | BD12: 6 | BE12: 7 | BF12: 8 | BG12: 9 | BH12: SDN-2 PANTAI | BJ12: 2,4,6,8 | BK12: NILAI KOMPROMI (NILAI TENGAH ANTARA DUA PERBANDINGAN)
B13: SDN-2 ANJIR KALAMPAN | C13: 9 | D13: 8 | E13: 7 | F13: 6 | G13: 5 | H13: 4 | I13: 3 | J13: 2 | K13: 1 | L13: 2 | M13: 3 | N13: 4 | O13: 5 | P13: 6 | Q13: 7 | R13: 8 | S13: 9 | T13: SDN-1 BASUTA RAYA | V13: SDN-2 ANJIR KALAMPAN | W13: 9 | X13: 8 | Y13: 7 | Z13: 6 | AA13: 5 | AB13: 4 | AC13: 3 | AD13: 2 | AE13: 1 | AF13: 2 | AG13: 3 | AH13: 4 | AI13: 5 | AJ13: 6 | AK13: 7 | AL13: 8 | AM13: 9 | AN13: SDN-1 BASUTA RAYA | AP13: SDN-2 ANJIR KALAMPAN | AQ13: 9 | AR13: 8 | AS13: 7 | AT13: 6 | AU13: 5 | AV13: 4 | AW13: 3 | AX13: 2 | AY13: 1 | AZ13: 2 | BA13: 3 | BB13: 4 | BC13: 5 | BD13: 6 | BE13: 7 | BF13: 8 | BG13: 9 | BH13: SDN-1 BASUTA RAYA
B14: SDN-2 ANJIR KALAMPAN | C14: 9 | D14: 8 | E14: 7 | F14: 6 | G14: 5 | H14: 4 | I14: 3 | J14: 2 | K14: 1 | L14: 2 | M14: 3 | N14: 4 | O14: 5 | P14: 6 | Q14: 7 | R14: 8 | S14: 9 | T14: SDN-1 SEI PITUNG | V14: SDN-2 ANJIR KALAMPAN | W14: 9 | X14: 8 | Y14: 7 | Z14: 6 | AA14: 5 | AB14: 4 | AC14: 3 | AD14: 2 | AE14: 1 | AF14: 2 | AG14: 3 | AH14: 4 | AI14: 5 | AJ14: 6 | AK14: 7 | AL14: 8 | AM14: 9 | AN14: SDN-1 SEI PITUNG | AP14: SDN-2 ANJIR KALAMPAN | AQ14: 9 | AR14: 8 | AS14: 7 | AT14: 6 | AU14: 5 | AV14: 4 | AW14: 3 | AX14: 2 | AY14: 1 | AZ14: 2 | BA14: 3 | BB14: 4 | BC14: 5 | BD14: 6 | BE14: 7 | BF14: 8 | BG14: 9 | BH14: SDN-1 SEI PITUNG
B15: SDN-2 ANJIR KALAMPAN | C15: 9 | D15: 8 | E15: 7 | F15: 6 | G15: 5 | H15: 4 | I15: 3 | J15: 2 | K15: 1 | L15: 2 | M15: 3 | N15: 4 | O15: 5 | P15: 6 | Q15: 7 | R15: 8 | S15: 9 | T15: SDN-1 PENDA KATAPI | V15: SDN-2 ANJIR KALAMPAN | W15: 9 | X15: 8 | Y15: 7 | Z15: 6 | AA15: 5 | AB15: 4 | AC15: 3 | AD15: 2 | AE15: 1 | AF15: 2 | AG15: 3 | AH15: 4 | AI15: 5 | AJ15: 6 | AK15: 7 | AL15: 8 | AM15: 9 | AN15: SDN-1 PENDA KATAPI | AP15: SDN-2 ANJIR KALAMPAN | AQ15: 9 | AR15: 8 | AS15: 7 | AT15: 6 | AU15: 5 | AV15: 4 | AW15: 3 | AX15: 2 | AY15: 1 | AZ15: 2 | BA15: 3 | BB15: 4 | BC15: 5 | BD15: 6 | BE15: 7 | BF15: 8 | BG15: 9 | BH15: SDN-1 PENDA KATAPI
B16: SDN-2 ANJIR KALAMPAN | C16: 9 | D16: 8 | E16: 7 | F16: 6 | G16: 5 | H16: 4 | I16: 3 | J16: 2 | K16: 1 | L16: 2 | M16: 3 | N16: 4 | O16: 5 | P16: 6 | Q16: 7 | R16: 8 | S16: 9 | T16: SDN-1 SEI KAYU | V16: SDN-2 ANJIR KALAMPAN | W16: 9 | X16: 8 | Y16: 7 | Z16: 6 | AA16: 5 | AB16: 4 | AC16: 3 | AD16: 2 | AE16: 1 | AF16: 2 | AG16: 3 | AH16: 4 | AI16: 5 | AJ16: 6 | AK16: 7 | AL16: 8 | AM16: 9 | AN16: SDN-1 SEI KAYU | AP16: SDN-2 ANJIR KALAMPAN | AQ16: 9 | AR16: 8 | AS16: 7 | AT16: 6 | AU16: 5 | AV16: 4 | AW16: 3 | AX16: 2 | AY16: 1 | AZ16: 2 | BA16: 3 | BB16: 4 | BC16: 5 | BD16: 6 | BE16: 7 | BF16: 8 | BG16: 9 | BH16: SDN-1 SEI KAYU
B17: SDN-2 ANJIR KALAMPAN | C17: 9 | D17: 8 | E17: 7 | F17: 6 | G17: 5 | H17: 4 | I17: 3 | J17: 2 | K17: 1 | L17: 2 | M17: 3 | N17: 4 | O17: 5 | P17: 6 | Q17: 7 | R17: 8 | S17: 9 | T17: SDN-2 SEI KAYU | V17: SDN-2 ANJIR KALAMPAN | W17: 9 | X17: 8 | Y17: 7 | Z17: 6 | AA17: 5 | AB17: 4 | AC17: 3 | AD17: 2 | AE17: 1 | AF17: 2 | AG17: 3 | AH17: 4 | AI17: 5 | AJ17: 6 | AK17: 7 | AL17: 8 | AM17: 9 | AN17: SDN-2 SEI KAYU | AP17: SDN-2 ANJIR KALAMPAN | AQ17: 9 | AR17: 8 | AS17: 7 | AT17: 6 | AU17: 5 | AV17: 4 | AW17: 3 | AX17: 2 | AY17: 1 | AZ17: 2 | BA17: 3 | BB17: 4 | BC17: 5 | BD17: 6 | BE17: 7 | BF17: 8 | BG17: 9 | BH17: SDN-2 SEI KAYU
B18: SDN-2 ANJIR KALAMPAN | C18: 9 | D18: 8 | E18: 7 | F18: 6 | G18: 5 | H18: 4 | I18: 3 | J18: 2 | K18: 1 | L18: 2 | M18: 3 | N18: 4 | O18: 5 | P18: 6 | Q18: 7 | R18: 8 | S18: 9 | T18: SDN-1 SEI DUSUN | V18: SDN-2 ANJIR KALAMPAN | W18: 9 | X18: 8 | Y18: 7 | Z18: 6 | AA18: 5 | AB18: 4 | AC18: 3 | AD18: 2 | AE18: 1 | AF18: 2 | AG18: 3 | AH18: 4 | AI18: 5 | AJ18: 6 | AK18: 7 | AL18: 8 | AM18: 9 | AN18: SDN-1 SEI DUSUN | AP18: SDN-2 ANJIR KALAMPAN | AQ18: 9 | AR18: 8 | AS18: 7 | AT18: 6 | AU18: 5 | AV18: 4 | AW18: 3 | AX18: 2 | AY18: 1 | AZ18: 2 | BA18: 3 | BB18: 4 | BC18: 5 | BD18: 6 | BE18: 7 | BF18: 8 | BG18: 9 | BH18: SDN-1 SEI DUSUN
B19: SDN-3 ANJIR KALAMPAN | C19: 9 | D19: 8 | E19: 7 | F19: 6 | G19: 5 | H19: 4 | I19: 3 | J19: 2 | K19: 1 | L19: 2 | M19: 3 | N19: 4 | O19: 5 | P19: 6 | Q19: 7 | R19: 8 | S19: 9 | T19: SDN-1 SAKA MANGKAHAI | V19: SDN-3 ANJIR KALAMPAN | W19: 9 | X19: 8 | Y19: 7 | Z19: 6 | AA19: 5 | AB19: 4 | AC19: 3 | AD19: 2 | AE19: 1 | AF19: 2 | AG19: 3 | AH19: 4 | AI19: 5 | AJ19: 6 | AK19: 7 | AL19: 8 | AM19: 9 | AN19: SDN-1 SAKA MANGKAHAI | AP19: SDN-3 ANJIR KALAMPAN | AQ19: 9 | AR19: 8 | AS19: 7 | AT19: 6 | AU19: 5 | AV19: 4 | AW19: 3 | AX19: 2 | AY19: 1 | AZ19: 2 | BA19: 3 | BB19: 4 | BC19: 5 | BD19: 6 | BE19: 7 | BF19: 8 | BG19: 9 | BH19: SDN-1 SAKA MANGKAHAI
B20: SDN-3 ANJIR KALAMPAN | C20: 9 | D20: 8 | E20: 7 | F20: 6 | G20: 5 | H20: 4 | I20: 3 | J20: 2 | K20: 1 | L20: 2 | M20: 3 | N20: 4 | O20: 5 | P20: 6 | Q20: 7 | R20: 8 | S20: 9 | T20: SDN-2 SAKA MANGKAHAI | V20: SDN-3 ANJIR KALAMPAN | W20: 9 | X20: 8 | Y20: 7 | Z20: 6 | AA20: 5 | AB20: 4 | AC20: 3 | AD20: 2 | AE20: 1 | AF20: 2 | AG20: 3 | AH20: 4 | AI20: 5 | AJ20: 6 | AK20: 7 | AL20: 8 | AM20: 9 | AN20: SDN-2 SAKA MANGKAHAI | AP20: SDN-3 ANJIR KALAMPAN | AQ20: 9 | AR20: 8 | AS20: 7 | AT20: 6 | AU20: 5 | AV20: 4 | AW20: 3 | AX20: 2 | AY20: 1 | AZ20: 2 | BA20: 3 | BB20: 4 | BC20: 5 | BD20: 6 | BE20: 7 | BF20: 8 | BG20: 9 | BH20: SDN-2 SAKA MANGKAHAI
B21: SDN-3 ANJIR KALAMPAN | C21: 9 | D21: 8 | E21: 7 | F21: 6 | G21: 5 | H21: 4 | I21: 3 | J21: 2 | K21: 1 | L21: 2 | M21: 3 | N21: 4 | O21: 5 | P21: 6 | Q21: 7 | R21: 8 | S21: 9 | T21: SDN-2 MANDOMAI | V21: SDN-3 ANJIR KALAMPAN | W21: 9 | X21: 8 | Y21: 7 | Z21: 6 | AA21: 5 | AB21: 4 | AC21: 3 | AD21: 2 | AE21: 1 | AF21: 2 | AG21: 3 | AH21: 4 | AI21: 5 | AJ21: 6 | AK21: 7 | AL21: 8 | AM21: 9 | AN21: SDN-2 MANDOMAI | AP21: SDN-3 ANJIR KALAMPAN | AQ21: 9 | AR21: 8 | AS21: 7 | AT21: 6 | AU21: 5 | AV21: 4 | AW21: 3 | AX21: 2 | AY21: 1 | AZ21: 2 | BA21: 3 | BB21: 4 | BC21: 5 | BD21: 6 | BE21: 7 | BF21: 8 | BG21: 9 | BH21: SDN-2 MANDOMAI
B22: SDN-3 ANJIR KALAMPAN | C22: 9 | D22: 8 | E22: 7 | F22: 6 | G22: 5 | H22: 4 | I22: 3 | J22: 2 | K22: 1 | L22: 2 | M22: 3 | N22: 4 | O22: 5 | P22: 6 | Q22: 7 | R22: 8 | S22: 9 | T22: SDN-3 MANDOMAI | V22: SDN-3 ANJIR KALAMPAN | W22: 9 | X22: 8 | Y22: 7 | Z22: 6 | AA22: 5 | AB22: 4 | AC22: 3 | AD22: 2 | AE22: 1 | AF22: 2 | AG22: 3 | AH22: 4 | AI22: 5 | AJ22: 6 | AK22: 7 | AL22: 8 | AM22: 9 | AN22: SDN-3 MANDOMAI | AP22: SDN-3 ANJIR KALAMPAN | AQ22: 9 | AR22: 8 | AS22: 7 | AT22: 6 | AU22: 5 | AV22: 4 | AW22: 3 | AX22: 2 | AY22: 1 | AZ22: 2 | BA22: 3 | BB22: 4 | BC22: 5 | BD22: 6 | BE22: 7 | BF22: 8 | BG22: 9 | BH22: SDN-3 MANDOMAI
B23: SDN-3 ANJIR KALAMPAN | C23: 9 | D23: 8 | E23: 7 | F23: 6 | G23: 5 | H23: 4 | I23: 3 | J23: 2 | K23: 1 | L23: 2 | M23: 3 | N23: 4 | O23: 5 | P23: 6 | Q23: 7 | R23: 8 | S23: 9 | T23: SDN-4 MANDOMAI | V23: SDN-3 ANJIR KALAMPAN | W23: 9 | X23: 8 | Y23: 7 | Z23: 6 | AA23: 5 | AB23: 4 | AC23: 3 | AD23: 2 | AE23: 1 | AF23: 2 | AG23: 3 | AH23: 4 | AI23: 5 | AJ23: 6 | AK23: 7 | AL23: 8 | AM23: 9 | AN23: SDN-4 MANDOMAI | AP23: SDN-3 ANJIR KALAMPAN | AQ23: 9 | AR23: 8 | AS23: 7 | AT23: 6 | AU23: 5 | AV23: 4 | AW23: 3 | AX23: 2 | AY23: 1 | AZ23: 2 | BA23: 3 | BB23: 4 | BC23: 5 | BD23: 6 | BE23: 7 | BF23: 8 | BG23: 9 | BH23: SDN-4 MANDOMAI
B24: SDN-3 ANJIR KALAMPAN | C24: 9 | D24: 8 | E24: 7 | F24: 6 | G24: 5 | H24: 4 | I24: 3 | J24: 2 | K24: 1 | L24: 2 | M24: 3 | N24: 4 | O24: 5 | P24: 6 | Q24: 7 | R24: 8 | S24: 9 | T24: SDN-1 PANTAI | V24: SDN-3 ANJIR KALAMPAN | W24: 9 | X24: 8 | Y24: 7 | Z24: 6 | AA24: 5 | AB24: 4 | AC24: 3 | AD24: 2 | AE24: 1 | AF24: 2 | AG24: 3 | AH24: 4 | AI24: 5 | AJ24: 6 | AK24: 7 | AL24: 8 | AM24: 9 | AN24: SDN-1 PANTAI | AP24: SDN-3 ANJIR KALAMPAN | AQ24: 9 | AR24: 8 | AS24: 7 | AT24: 6 | AU24: 5 | AV24: 4 | AW24: 3 | AX24: 2 | AY24: 1 | AZ24: 2 | BA24: 3 | BB24: 4 | BC24: 5 | BD24: 6 | BE24: 7 | BF24: 8 | BG24: 9 | BH24: SDN-1 PANTAI
... B109: SDN-2 SEI KAYU | C109: 9 | D109: 8 | E109: 7 | F109: 6 | G109: 5 | H109: 4 | I109: 3 | J109: 2 | K109: 1 | L109: 2 | M109: 3 | N109: 4 | O109: 5 | P109: 6 | Q109: 7 | R109: 8 | S109: 9 | T109: SDN-1 SEI DUSUN | V109: SDN-2 SEI KAYU | W109: 9 | X109: 8 | Y109: 7 | Z109: 6 | AA109: 5 | AB109: 4 | AC109: 3 | AD109: 2 | AE109: 1 | AF109: 2 | AG109: 3 | AH109: 4 | AI109: 5 | AJ109: 6 | AK109: 7 | AL109: 8 | AM109: 9 | AN109: SDN-1 SEI DUSUN | AP109: SDN-2 SEI KAYU | AQ109: 9 | AR109: 8 | AS109: 7 | AT109: 6 | AU109: 5 | AV109: 4 | AW109: 3 | AX109: 2 | AY109: 1 | AZ109: 2 | BA109: 3 | BB109: 4 | BC109: 5 | BD109: 6 | BE109: 7 | BF109: 8 | BG109: 9 | BH109: SDN-1 SEI DUSUN

Sheet OLAH DATA KRITERIA
A2: LANGKAH 1 | B2: MENDEFINISIKAN TERLEBIH DAHULU KRITERIA-KRITERIA YANG AKAN DIJADIKAN SEBAGAI TOLAK UKUR PENYELESAIAN MASALAH DAN MENENTUKAN TINGKAT KEPENTINGAN | K2: LANGKAH 2 | L2: MENGHITUNG NILAI MATRIX PERBANDINGAN DARI MASING-MASING KRITERIA BERDASARKAN TABEL NILAI KEPENTINGAN | AF2: https://www.youtube.com/watch?v=Pzmwv92CQ0w | AH2: LANGKAH 3 | AI2: MENGHITUNG NILAI BOBOT KERITERIA (NORMALISASI)
B5: KRITERIA | F5: KODE | L5: PENGAWAS SEKOLAH DASAR KOORDINATOR WILAYAH KECAMATAN KAPUAS BARAT | AI5: PENGAWAS SEKOLAH DASAR KOORDINATOR WILAYAH KECAMATAN KAPUAS BARAT
B6: PERSENTASE KERUSAKAN GEDUNG | F6: C1 | L6: KRITERIA A | M6: SKALA PENILAIAN | AD6: KRITERIA B | AI6: KRITERIA | AJ6: PERSENTASE KERUSAKAN GEDUNG | AK6: LOKASI GEDUNG | AL6: USIA BANGUNAN | AM6: JUMLAH SISWA | AN6: RATA-RATA
B7: LOKASI GEDUNG | F7: C2 | M7: 9 | N7: 8 | O7: 7 | P7: 6 | Q7: 5 | R7: 4 | S7: 3 | T7: 2 | U7: 1 | V7: 2 | W7: 3 | X7: 4 | Y7: 5 | Z7: 6 | AA7: 7 | AB7: 8 | AC7: 9 | AI7: PERSENTASE KERUSAKAN GEDUNG
B8: USIA BANGUNAN | F8: C3 | L8: PERSENTASE KERUSAKAN GEDUNG | R8: 4 | AD8: LOKASI GEDUNG | AI8: LOKASI GEDUNG
B9: JUMLAH SISWA | F9: C4 | L9: PERSENTASE KERUSAKAN GEDUNG | P9: 6 | AD9: USIA BANGUNAN | AI9: USIA BANGUNAN
L10: PERSENTASE KERUSAKAN GEDUNG | P10: 6 | AD10: JUMLAH SISWA | AI10: JUMLAH SISWA
L11: LOKASI GEDUNG | O11: 8 | AD11: USIA BANGUNAN | AI11: TOTAL
L12: LOKASI GEDUNG | M12: 9 | AD12: JUMLAH SISWA
L13: USIA BANGUNAN | O13: 7 | AD13: JUMLAH SISWA | AI13: KEPALA BIDANG PENGAWASAN SEKOLAH DASAR DINAS PENDIDIKAN KABUPATEN KAPUAS
AI14: KRITERIA | AJ14: PERSENTASE KERUSAKAN GEDUNG | AK14: LOKASI GEDUNG | AL14: USIA BANGUNAN | AM14: JUMLAH SISWA | AN14: RATA-RATA
L15: KRITERIA | M15: PERSENTASE KERUSAKAN GEDUNG | AD15: LOKASI GEDUNG | AE15: USIA BANGUNAN | AF15: JUMLAH SISWA | AI15: PERSENTASE KERUSAKAN GEDUNG
L16: PERSENTASE KERUSAKAN GEDUNG | M16: 1 | AD16: 4 | AE16: 6 | AF16: 6 | AI16: LOKASI GEDUNG
L17: LOKASI GEDUNG | M17: =1/4 -> 0.25 | AD17: 1 | AE17: 8 | AF17: 9 | AI17: USIA BANGUNAN
L18: USIA BANGUNAN | M18: 0.16666667 | AD18: =1/8 -> 0.125 | AE18: 1 | AF18: 7 | AI18: JUMLAH SISWA
L19: JUMLAH SISWA | M19: =1/6 -> 0.16666667 | AD19: =1/9 -> 0.11111111 | AE19: =1/7 -> 0.14285714 | AF19: 1 | AI19: TOTAL
M20: =SUM(M16:AC19) -> 1.5833333 | AD20: =SUM(AD16:AD19) -> 5.2361111 | AE20: =SUM(AE16:AE19) -> 15.142857 | AF20: =SUM(AF16:AF19) -> 23
L22: KEPALA BIDANG PENGAWASAN SEKOLAH DASAR DINAS PENDIDIKAN KABUPATEN KAPUAS
L23: KRITERIA A | M23: SKALA PENILAIAN | AD23: KRITERIA B
M24: 9 | N24: 8 | O24: 7 | P24: 6 | Q24: 5 | R24: 4 | S24: 3 | T24: 2 | U24: 1 | V24: 2 | W24: 3 | X24: 4 | Y24: 5 | Z24: 6 | AA24: 7 | AB24: 8 | AC24: 9
L25: PERSENTASE KERUSAKAN GEDUNG | M25: 9 | AD25: LOKASI GEDUNG
L26: PERSENTASE KERUSAKAN GEDUNG | M26: 9 | AD26: USIA BANGUNAN
L27: PERSENTASE KERUSAKAN GEDUNG | M27: 9 | AD27: JUMLAH SISWA
L28: LOKASI GEDUNG | S28: 3 | AD28: USIA BANGUNAN
L29: LOKASI GEDUNG | Q29: 5 | AD29: JUMLAH SISWA
L30: USIA BANGUNAN | S30: 3 | AD30: JUMLAH SISWA
L32: KRITERIA | M32: PERSENTASE KERUSAKAN GEDUNG | AD32: LOKASI GEDUNG | AE32: USIA BANGUNAN | AF32: JUMLAH SISWA
L33: PERSENTASE KERUSAKAN GEDUNG | M33: 1 | AD33: 9 | AE33: 9 | AF33: 9
L34: LOKASI GEDUNG | M34: =1/9 -> 0.11111111 | AD34: 1 | AE34: 3 | AF34: 5
L35: USIA BANGUNAN | M35: =1/9 -> 0.11111111 | AD35: =1/3 -> 0.33333333 | AE35: 1 | AF35: 3
L36: JUMLAH SISWA | M36: =1/9 -> 0.11111111 | AD36: =1/5 -> 0.2 | AE36: =1/3 -> 0.33333333 | AF36: 1
L39: DPRD KOMISI IV KABUPATEN KAPUAS
L40: KRITERIA A | M40: SKALA PENILAIAN | AD40: KRITERIA B
M41: 9 | N41: 8 | O41: 7 | P41: 6 | Q41: 5 | R41: 4 | S41: 3 | T41: 2 | U41: 1 | V41: 2 | W41: 3 | X41: 4 | Y41: 5 | Z41: 6 | AA41: 7 | AB41: 8 | AC41: 9
L42: PERSENTASE KERUSAKAN GEDUNG | AD42: LOKASI GEDUNG
L43: PERSENTASE KERUSAKAN GEDUNG | AD43: USIA BANGUNAN
L44: PERSENTASE KERUSAKAN GEDUNG | AD44: JUMLAH SISWA
L45: LOKASI GEDUNG | AD45: USIA BANGUNAN
L46: LOKASI GEDUNG | AD46: JUMLAH SISWA
L47: USIA BANGUNAN | AD47: JUMLAH SISWA
L49: KRITERIA | M49: PERSENTASE KERUSAKAN GEDUNG | AD49: LOKASI GEDUNG | AE49: USIA BANGUNAN | AF49: JUMLAH SISWA
L50: PERSENTASE KERUSAKAN GEDUNG | M50: 1 | AD50: 1 | AE50: 1 | AF50: 1
L51: LOKASI GEDUNG | M51: 1 | AD51: 1 | AE51: 1 | AF51: 1
L52: USIA BANGUNAN | M52: 1 | AD52: 1 | AE52: 1 | AF52: 1
L53: JUMLAH SISWA | M53: 1 | AD53: 1 | AE53: 1 | AF53: 1

Sheet NORMALISASI % KERUSAKAN GEDUNG
B1: PERSENTASE KERUSAKAN GEDUNG
B2: PENGAWAS SEKOLAH DASAR KAPUAS BARAT (JHON)
B3: SEKOLAH UTAMA | C3: KRITERIA NILAI | T3: SEKOLAH PEMBANDING
C4: 9 | D4: 8 | E4: 7 | F4: 6 | G4: 5 | H4: 4 | I4: 3 | J4: 2 | K4: 1 | L4: 2 | M4: 3 | N4: 4 | O4: 5 | P4: 6 | Q4: 7 | R4: 8 | S4: 9
B5: SDN-2 ANJIR KALAMPAN | C5: 9 | D5: 8 | E5: 7 | F5: 6 | G5: 5 | H5: 4 | I5: 3 | J5: 2 | K5: 1 | L5: 2 | M5: 3 | N5: 4 | O5: 5 | P5: 6 | Q5: 7 | R5: 8 | S5: 9 | T5: SDN-3 ANJIR KALAMPAN | V5: PERSENTASE KERUSAKAN GEDUNG | W5: SDN-2 ANJIR KALAMPAN | X5: SDN-3 ANJIR KALAMPAN | Y5: SDN-1 SAKA MANGKAHAI | Z5: SDN-2 SAKA MANGKAHAI | AA5: SDN-2 MANDOMAI | AB5: SDN-3 MANDOMAI | AC5: SDN-4 MANDOMAI | AD5: SDN-1 PANTAI | AE5: SDN-2 PANTAI | AF5: SDN-1 BASUTA RAYA | AG5: SDN-1 SEI PITUNG | AH5: SDN-1 PENDA KATAPI | AI5: SDN-1 SEI KAYU | AJ5: SDN-2 SEI KAYU | AK5: SDN-1 SEI DUSUN
B6: SDN-2 ANJIR KALAMPAN | C6: 9 | D6: 8 | E6: 7 | F6: 6 | G6: 5 | H6: 4 | I6: 3 | J6: 2 | K6: 1 | L6: 2 | M6: 3 | N6: 4 | O6: 5 | P6: 6 | Q6: 7 | R6: 8 | S6: 9 | T6: SDN-1 SAKA MANGKAHAI | V6: SDN-2 ANJIR KALAMPAN | W6: 1 | X6: =1/3 -> 0.33333333 | Y6: 3 | Z6: 3 | AA6: 4 | AB6: 4 | AC6: =1/4 -> 0.25 | AD6: =1/5 -> 0.2 | AE6: =1/5 -> 0.2 | AF6: =1/5 -> 0.2 | AG6: =1/7 -> 0.14285714 | AH6: =1/3 -> 0.33333333 | AI6: =1/6 -> 0.16666667 | AJ6: =1/6 -> 0.16666667 | AK6: =1/5 -> 0.2
B7: SDN-2 ANJIR KALAMPAN | C7: 9 | D7: 8 | E7: 7 | F7: 6 | G7: 5 | H7: 4 | I7: 3 | J7: 2 | K7: 1 | L7: 2 | M7: 3 | N7: 4 | O7: 5 | P7: 6 | Q7: 7 | R7: 8 | S7: 9 | T7: SDN-2 SAKA MANGKAHAI | V7: SDN-3 ANJIR KALAMPAN | W7: =1/X6 -> 3 | X7: 1 | Y7: =1/2 -> 0.5 | Z7: 3 | AA7: 3 | AB7: 3 | AC7: =1/2 -> 0.5 | AD7: =1/2 -> 0.5 | AE7: =1/2 -> 0.5 | AF7: =1/2 -> 0.5 | AG7: =1/5 -> 0.2 | AH7: 2 | AI7: =1/4 -> 0.25 | AJ7: =1/3 -> 0.33333333 | AK7: 3
B8: SDN-2 ANJIR KALAMPAN | C8: 9 | D8: 8 | E8: 7 | F8: 6 | G8: 5 | H8: 4 | I8: 3 | J8: 2 | K8: 1 | L8: 2 | M8: 3 | N8: 4 | O8: 5 | P8: 6 | Q8: 7 | R8: 8 | S8: 9 | T8: SDN-2 MANDOMAI | V8: SDN-1 SAKA MANGKAHAI | W8: =1/Y6 -> 0.33333333 | X8: =1/Y7 -> 2 | Y8: 1 | Z8: 4 | AA8: 4 | AB8: 3 | AC8: =1/3 -> 0.33333333 | AD8: 1 | AE8: 3 | AF8: 1 | AG8: =1/3 -> 0.33333333 | AH8: 2 | AI8: 1 | AJ8: =1/3 -> 0.33333333 | AK8: =1/4 -> 0.25
B9: SDN-2 ANJIR KALAMPAN | C9: 9 | D9: 8 | E9: 7 | F9: 6 | G9: 5 | H9: 4 | I9: 3 | J9: 2 | K9: 1 | L9: 2 | M9: 3 | N9: 4 | O9: 5 | P9: 6 | Q9: 7 | R9: 8 | S9: 9 | T9: SDN-3 MANDOMAI | V9: SDN-2 SAKA MANGKAHAI | W9: =1/Z6 -> 0.33333333 | X9: =1/Z7 -> 0.33333333 | Y9: =1/Z8 -> 0.25 | Z9: 1 | AA9: 2 | AB9: 2 | AC9: =1/3 -> 0.33333333 | AD9: =1/4 -> 0.25 | AE9: =1/4 -> 0.25 | AF9: =1/3 -> 0.33333333 | AG9: =1/7 -> 0.14285714 | AH9: =1/3 -> 0.33333333 | AI9: =1/6 -> 0.16666667 | AJ9: =1/5 -> 0.2 | AK9: =1/3 -> 0.33333333
B10: SDN-2 ANJIR KALAMPAN | C10: 9 | D10: 8 | E10: 7 | F10: 6 | G10: 5 | H10: 4 | I10: 3 | J10: 2 | K10: 1 | L10: 2 | M10: 3 | N10: 4 | O10: 5 | P10: 6 | Q10: 7 | R10: 8 | S10: 9 | T10: SDN-4 MANDOMAI | V10: SDN-2 MANDOMAI | W10: =1/AA6 -> 0.25 | X10: =1/AA7 -> 0.33333333 | Y10: =1/AA8 -> 0.25 | Z10: =1/AA9 -> 0.5 | AA10: 1 | AB10: 2 | AC10: =1/4 -> 0.25 | AD10: =1/5 -> 0.2 | AE10: =1/5 -> 0.2 | AF10: =1/5 -> 0.2 | AG10: =1/7 -> 0.14285714 | AH10: =1/4 -> 0.25 | AI10: =1/6 -> 0.16666667 | AJ10: =1/5 -> 0.2 | AK10: =1/6 -> 0.16666667
B11: SDN-2 ANJIR KALAMPAN | C11: 9 | D11: 8 | E11: 7 | F11: 6 | G11: 5 | H11: 4 | I11: 3 | J11: 2 | K11: 1 | L11: 2 | M11: 3 | N11: 4 | O11: 5 | P11: 6 | Q11: 7 | R11: 8 | S11: 9 | T11: SDN-1 PANTAI | V11: SDN-3 MANDOMAI | W11: =1/AB6 -> 0.25 | X11: =1/AB7 -> 0.33333333 | Y11: =1/AB8 -> 0.33333333 | Z11: =1/AB9 -> 0.5 | AA11: =1/AB10 -> 0.5 | AB11: 1 | AC11: =1/3 -> 0.33333333 | AD11: =1/5 -> 0.2 | AE11: =1/5 -> 0.2 | AF11: =1/7 -> 0.14285714 | AG11: =1/8 -> 0.125 | AH11: =1/5 -> 0.2 | AI11: =1/8 -> 0.125 | AJ11: =1/7 -> 0.14285714 | AK11: =1/7 -> 0.14285714
B12: SDN-2 ANJIR KALAMPAN | C12: 9 | D12: 8 | E12: 7 | F12: 6 | G12: 5 | H12: 4 | I12: 3 | J12: 2 | K12: 1 | L12: 2 | M12: 3 | N12: 4 | O12: 5 | P12: 6 | Q12: 7 | R12: 8 | S12: 9 | T12: SDN-2 PANTAI | V12: SDN-4 MANDOMAI | W12: =1/AC6 -> 4 | X12: =1/AC7 -> 2 | Y12: =1/AC8 -> 3 | Z12: =1/AC9 -> 3 | AA12: =1/AC10 -> 4 | AB12: =1/AC11 -> 3 | AC12: 1 | AD12: =1/6 -> 0.16666667 | AE12: =1/6 -> 0.16666667 | AF12: =1/6 -> 0.16666667 | AG12: =1/7 -> 0.14285714 | AH12: 3 | AI12: =1/6 -> 0.16666667 | AJ12: =1/3 -> 0.33333333 | AK12: 3
B13: SDN-2 ANJIR KALAMPAN | C13: 9 | D13: 8 | E13: 7 | F13: 6 | G13: 5 | H13: 4 | I13: 3 | J13: 2 | K13: 1 | L13: 2 | M13: 3 | N13: 4 | O13: 5 | P13: 6 | Q13: 7 | R13: 8 | S13: 9 | T13: SDN-1 BASUTA RAYA | V13: SDN-1 PANTAI | W13: =1/AD6 -> 5 | X13: =1/AD7 -> 2 | Y13: =1/AD8 -> 1 | Z13: =1/AD9 -> 4 | AA13: =1/AD10 -> 5 | AB13: =1/AD11 -> 5 | AC13: =1/AD12 -> 6 | AD13: 1 | AE13: =1/2 -> 0.5 | AF13: 2 | AG13: =1/4 -> 0.25 | AH13: 2 | AI13: =1/4 -> 0.25 | AJ13: =1/2 -> 0.5 | AK13: 3
B14: SDN-2 ANJIR KALAMPAN | C14: 9 | D14: 8 | E14: 7 | F14: 6 | G14: 5 | H14: 4 | I14: 3 | J14: 2 | K14: 1 | L14: 2 | M14: 3 | N14: 4 | O14: 5 | P14: 6 | Q14: 7 | R14: 8 | S14: 9 | T14: SDN-1 SEI PITUNG | V14: SDN-2 PANTAI | W14: =1/AE6 -> 5 | X14: =1/AE7 -> 2 | Y14: =1/AE8 -> 0.33333333 | Z14: =1/AE9 -> 4 | AA14: =1/AE10 -> 5 | AB14: =1/AE11 -> 5 | AC14: =1/AE12 -> 6 | AD14: =1/AE13 -> 2 | AE14: 1 | AF14: 2 | AG14: =1/4 -> 0.25 | AH14: 2 | AI14: =1/3 -> 0.33333333 | AJ14: =1/4 -> 0.25 | AK14: 3
B15: SDN-2 ANJIR KALAMPAN | C15: 9 | D15: 8 | E15: 7 | F15: 6 | G15: 5 | H15: 4 | I15: 3 | J15: 2 | K15: 1 | L15: 2 | M15: 3 | N15: 4 | O15: 5 | P15: 6 | Q15: 7 | R15: 8 | S15: 9 | T15: SDN-1 PENDA KATAPI | V15: SDN-1 BASUTA RAYA | W15: =1/AF6 -> 5 | X15: =1/AF7 -> 2 | Y15: =1/AF8 -> 1 | Z15: =1/AF9 -> 3 | AA15: =1/AF10 -> 5 | AB15: =1/AF11 -> 7 | AC15: =1/AF12 -> 6 | AD15: =1/AF13 -> 0.5 | AE15: =1/AF14 -> 0.5 | AF15: 1 | AG15: =1/4 -> 0.25 | AH15: 2 | AI15: =1/3 -> 0.33333333 | AJ15: =1/2 -> 0.5 | AK15: 3
B16: SDN-2 ANJIR KALAMPAN | C16: 9 | D16: 8 | E16: 7 | F16: 6 | G16: 5 | H16: 4 | I16: 3 | J16: 2 | K16: 1 | L16: 2 | M16: 3 | N16: 4 | O16: 5 | P16: 6 | Q16: 7 | R16: 8 | S16: 9 | T16: SDN-1 SEI KAYU | V16: SDN-1 SEI PITUNG | W16: =1/AG6 -> 7 | X16: =1/AG7 -> 5 | Y16: =1/AG8 -> 3 | Z16: =1/AG9 -> 7 | AA16: =1/AG10 -> 7 | AB16: =1/AG11 -> 8 | AC16: =1/AG12 -> 7 | AD16: =1/AG13 -> 4 | AE16: =1/AG14 -> 4 | AF16: =1/AG15 -> 4 | AG16: 1 | AH16: 5 | AI16: 2 | AJ16: =1/7 -> 0.14285714 | AK16: 6
B17: SDN-2 ANJIR KALAMPAN | C17: 9 | D17: 8 | E17: 7 | F17: 6 | G17: 5 | H17: 4 | I17: 3 | J17: 2 | K17: 1 | L17: 2 | M17: 3 | N17: 4 | O17: 5 | P17: 6 | Q17: 7 | R17: 8 | S17: 9 | T17: SDN-2 SEI KAYU | V17: SDN-1 PENDA KATAPI | W17: =1/AH6 -> 3 | X17: =1/AH7 -> 0.5 | Y17: =1/AH8 -> 0.5 | Z17: =1/AH9 -> 3 | AA17: =1/AH10 -> 4 | AB17: =1/AH11 -> 5 | AC17: =1/AH12 -> 0.33333333 | AD17: =1/AH13 -> 0.5 | AE17: =1/AH14 -> 0.5 | AF17: =1/AH15 -> 0.5 | AG17: =1/AH16 -> 0.2 | AH17: 1 | AI17: =1/4 -> 0.25 | AJ17: =1/4 -> 0.25 | AK17: 1
B18: SDN-2 ANJIR KALAMPAN | C18: 9 | D18: 8 | E18: 7 | F18: 6 | G18: 5 | H18: 4 | I18: 3 | J18: 2 | K18: 1 | L18: 2 | M18: 3 | N18: 4 | O18: 5 | P18: 6 | Q18: 7 | R18: 8 | S18: 9 | T18: SDN-1 SEI DUSUN | V18: SDN-1 SEI KAYU | W18: =1/AI6 -> 6 | X18: =1/AI7 -> 4 | Y18: =1/AI8 -> 1 | Z18: =1/AI9 -> 6 | AA18: =1/AI10 -> 6 | AB18: =1/AI11 -> 8 | AC18: =1/AI12 -> 6 | AD18: =1/AI13 -> 4 | AE18: =1/AI14 -> 3 | AF18: =1/AI15 -> 3 | AG18: =1/AI16 -> 0.5 | AH18: =1/AI17 -> 4 | AI18: 1 | AJ18: =1/4 -> 0.25 | AK18: 6
B19: SDN-3 ANJIR KALAMPAN | C19: 9 | D19: 8 | E19: 7 | F19: 6 | G19: 5 | H19: 4 | I19: 3 | J19: 2 | K19: 1 | L19: 2 | M19: 3 | N19: 4 | O19: 5 | P19: 6 | Q19: 7 | R19: 8 | S19: 9 | T19: SDN-1 SAKA MANGKAHAI | V19: SDN-2 SEI KAYU | W19: =1/AJ6 -> 6 | X19: =1/AJ7 -> 3 | Y19: =1/AJ8 -> 3 | Z19: =1/AJ9 -> 5 | AA19: =1/AJ10 -> 5 | AB19: =1/AJ11 -> 7 | AC19: =1/AJ12 -> 3 | AD19: =1/AJ13 -> 2 | AE19: =1/AJ14 -> 4 | AF19: =1/AJ15 -> 2 | AG19: =1/AJ16 -> 7 | AH19: =1/AJ17 -> 4 | AI19: =1/AJ18 -> 4 | AJ19: 1 | AK19: =1/4 -> 0.25
B20: SDN-3 ANJIR KALAMPAN | C20: 9 | D20: 8 | E20: 7 | F20: 6 | G20: 5 | H20: 4 | I20: 3 | J20: 2 | K20: 1 | L20: 2 | M20: 3 | N20: 4 | O20: 5 | P20: 6 | Q20: 7 | R20: 8 | S20: 9 | T20: SDN-2 SAKA MANGKAHAI | V20: SDN-1 SEI DUSUN | W20: =1/AK6 -> 5 | X20: =1/AK7 -> 0.33333333 | Y20: =1/AK8 -> 4 | Z20: =1/AK9 -> 3 | AA20: =1/AK10 -> 6 | AB20: =1/AK11 -> 7 | AC20: =1/AK12 -> 0.33333333 | AD20: =1/AK13 -> 0.33333333 | AE20: =1/AK14 -> 0.33333333 | AF20: =1/AK15 -> 0.33333333 | AG20: =1/AK16 -> 0.16666667 | AH20: =1/AK17 -> 1 | AI20: =1/AK18 -> 0.16666667 | AJ20: =1/AK19 -> 4 | AK20: 1
B21: SDN-3 ANJIR KALAMPAN | C21: 9 | D21: 8 | E21: 7 | F21: 6 | G21: 5 | H21: 4 | I21: 3 | J21: 2 | K21: 1 | L21: 2 | M21: 3 | N21: 4 | O21: 5 | P21: 6 | Q21: 7 | R21: 8 | S21: 9 | T21: SDN-2 MANDOMAI
B22: SDN-3 ANJIR KALAMPAN | C22: 9 | D22: 8 | E22: 7 | F22: 6 | G22: 5 | H22: 4 | I22: 3 | J22: 2 | K22: 1 | L22: 2 | M22: 3 | N22: 4 | O22: 5 | P22: 6 | Q22: 7 | R22: 8 | S22: 9 | T22: SDN-3 MANDOMAI
B23: SDN-3 ANJIR KALAMPAN | C23: 9 | D23: 8 | E23: 7 | F23: 6 | G23: 5 | H23: 4 | I23: 3 | J23: 2 | K23: 1 | L23: 2 | M23: 3 | N23: 4 | O23: 5 | P23: 6 | Q23: 7 | R23: 8 | S23: 9 | T23: SDN-4 MANDOMAI
B24: SDN-3 ANJIR KALAMPAN | C24: 9 | D24: 8 | E24: 7 | F24: 6 | G24: 5 | H24: 4 | I24: 3 | J24: 2 | K24: 1 | L24: 2 | M24: 3 | N24: 4 | O24: 5 | P24: 6 | Q24: 7 | R24: 8 | S24: 9 | T24: SDN-1 PANTAI
B25: SDN-3 ANJIR KALAMPAN | C25: 9 | D25: 8 | E25: 7 | F25: 6 | G25: 5 | H25: 4 | I25: 3 | J25: 2 | K25: 1 | L25: 2 | M25: 3 | N25: 4 | O25: 5 | P25: 6 | Q25: 7 | R25: 8 | S25: 9 | T25: SDN-2 PANTAI
B26: SDN-3 ANJIR KALAMPAN | C26: 9 | D26: 8 | E26: 7 | F26: 6 | G26: 5 | H26: 4 | I26: 3 | J26: 2 | K26: 1 | L26: 2 | M26: 3 | N26: 4 | O26: 5 | P26: 6 | Q26: 7 | R26: 8 | S26: 9 | T26: SDN-1 BASUTA RAYA
B27: SDN-3 ANJIR KALAMPAN | C27: 9 | D27: 8 | E27: 7 | F27: 6 | G27: 5 | H27: 4 | I27: 3 | J27: 2 | K27: 1 | L27: 2 | M27: 3 | N27: 4 | O27: 5 | P27: 6 | Q27: 7 | R27: 8 | S27: 9 | T27: SDN-1 SEI PITUNG
B28: SDN-3 ANJIR KALAMPAN | C28: 9 | D28: 8 | E28: 7 | F28: 6 | G28: 5 | H28: 4 | I28: 3 | J28: 2 | K28: 1 | L28: 2 | M28: 3 | N28: 4 | O28: 5 | P28: 6 | Q28: 7 | R28: 8 | S28: 9 | T28: SDN-1 PENDA KATAPI
B29: SDN-3 ANJIR KALAMPAN | C29: 9 | D29: 8 | E29: 7 | F29: 6 | G29: 5 | H29: 4 | I29: 3 | J29: 2 | K29: 1 | L29: 2 | M29: 3 | N29: 4 | O29: 5 | P29: 6 | Q29: 7 | R29: 8 | S29: 9 | T29: SDN-1 SEI KAYU
B30: SDN-3 ANJIR KALAMPAN | C30: 9 | D30: 8 | E30: 7 | F30: 6 | G30: 5 | H30: 4 | I30: 3 | J30: 2 | K30: 1 | L30: 2 | M30: 3 | N30: 4 | O30: 5 | P30: 6 | Q30: 7 | R30: 8 | S30: 9 | T30: SDN-2 SEI KAYU
B31: SDN-3 ANJIR KALAMPAN | C31: 9 | D31: 8 | E31: 7 | F31: 6 | G31: 5 | H31: 4 | I31: 3 | J31: 2 | K31: 1 | L31: 2 | M31: 3 | N31: 4 | O31: 5 | P31: 6 | Q31: 7 | R31: 8 | S31: 9 | T31: SDN-1 SEI DUSUN
B32: SDN-1 SAKA MANGKAHAI | C32: 9 | D32: 8 | E32: 7 | F32: 6 | G32: 5 | H32: 4 | I32: 3 | J32: 2 | K32: 1 | L32: 2 | M32: 3 | N32: 4 | O32: 5 | P32: 6 | Q32: 7 | R32: 8 | S32: 9 | T32: SDN-2 SAKA MANGKAHAI
... B109: SDN-2 SEI KAYU | C109: 9 | D109: 8 | E109: 7 | F109: 6 | G109: 5 | H109: 4 | I109: 3 | J109: 2 | K109: 1 | L109: 2 | M109: 3 | N109: 4 | O109: 5 | P109: 6 | Q109: 7 | R109: 8 | S109: 9 | T109: SDN-1 SEI DUSUN
B111: PERSENTASE KERUSAKAN GEDUNG
B112: KEPALA BIDANG PENGAWASAN SEKOLAH DASAR DISDIK KAPUAS (JEFRI)
B113: SEKOLAH UTAMA | C113: KRITERIA NILAI | T113: SEKOLAH PEMBANDING
C114: 9 | D114: 8 | E114: 7 | F114: 6 | G114: 5 | H114: 4 | I114: 3 | J114: 2 | K114: 1 | L114: 2 | M114: 3 | N114: 4 | O114: 5 | P114: 6 | Q114: 7 | R114: 8 | S114: 9
B115: SDN-2 ANJIR KALAMPAN | C115: 9 | D115: 8 | E115: 7 | F115: 6 | G115: 5 | H115: 4 | I115: 3 | J115: 2 | K115: 1 | L115: 2 | M115: 3 | N115: 4 | O115: 5 | P115: 6 | Q115: 7 | R115: 8 | S115: 9 | T115: SDN-3 ANJIR KALAMPAN | V115: PERSENTASE KERUSAKAN GEDUNG | W115: SDN-2 ANJIR KALAMPAN | X115: SDN-3 ANJIR KALAMPAN | Y115: SDN-1 SAKA MANGKAHAI | Z115: SDN-2 SAKA MANGKAHAI | AA115: SDN-2 MANDOMAI | AB115: SDN-3 MANDOMAI | AC115: SDN-4 MANDOMAI | AD115: SDN-1 PANTAI | AE115: SDN-2 PANTAI | AF115: SDN-1 BASUTA RAYA | AG115: SDN-1 SEI PITUNG | AH115: SDN-1 PENDA KATAPI | AI115: SDN-1 SEI KAYU | AJ115: SDN-2 SEI KAYU | AK115: SDN-1 SEI DUSUN
B116: SDN-2 ANJIR KALAMPAN | C116: 9 | D116: 8 | E116: 7 | F116: 6 | G116: 5 | H116: 4 | I116: 3 | J116: 2 | K116: 1 | L116: 2 | M116: 3 | N116: 4 | O116: 5 | P116: 6 | Q116: 7 | R116: 8 | S116: 9 | T116: SDN-1 SAKA MANGKAHAI | V116: SDN-2 ANJIR KALAMPAN | W116: 1 | X116: =1/2 -> 0.5 | Y116: 3 | Z116: 5 | AA116: 7 | AB116: 5 | AC116: =1/2 -> 0.5 | AD116: =1/4 -> 0.25 | AE116: 4 | AF116: =1/2 -> 0.5 | AG116: =1/4 -> 0.25 | AH116: =1/2 -> 0.5 | AI116: =1/2 -> 0.5 | AJ116: =1/4 -> 0.25 | AK116: 3
B117: SDN-2 ANJIR KALAMPAN | C117: 9 | D117: 8 | E117: 7 | F117: 6 | G117: 5 | H117: 4 | I117: 3 | J117: 2 | K117: 1 | L117: 2 | M117: 3 | N117: 4 | O117: 5 | P117: 6 | Q117: 7 | R117: 8 | S117: 9 | T117: SDN-2 SAKA MANGKAHAI | V117: SDN-3 ANJIR KALAMPAN | W117: =1/X116 -> 2 | X117: 1 | Y117: 3 | Z117: 4 | AA117: 5 | AB117: 4 | AC117: 3 | AD117: 2 | AE117: 4 | AF117: =1/2 -> 0.5 | AG117: 2 | AH117: 3 | AI117: 3 | AJ117: 2 | AK117: 4
B118: SDN-2 ANJIR KALAMPAN | C118: 9 | D118: 8 | E118: 7 | F118: 6 | G118: 5 | H118: 4 | I118: 3 | J118: 2 | K118: 1 | L118: 2 | M118: 3 | N118: 4 | O118: 5 | P118: 6 | Q118: 7 | R118: 8 | S118: 9 | T118: SDN-2 MANDOMAI | V118: SDN-1 SAKA MANGKAHAI | W118: =1/Y116 -> 0.33333333 | X118: =1/Y117 -> 0.33333333 | Y118: 1 | Z118: 4 | AA118: 5 | AB118: 3 | AC118: =1/3 -> 0.33333333 | AD118: 3 | AE118: 4 | AF118: =1/2 -> 0.5 | AG118: 2 | AH118: 4 | AI118: 3 | AJ118: =1/3 -> 0.33333333 | AK118: 3
B119: SDN-2 ANJIR KALAMPAN | C119: 9 | D119: 8 | E119: 7 | F119: 6 | G119: 5 | H119: 4 | I119: 3 | J119: 2 | K119: 1 | L119: 2 | M119: 3 | N119: 4 | O119: 5 | P119: 6 | Q119: 7 | R119: 8 | S119: 9 | T119: SDN-3 MANDOMAI | V119: SDN-2 SAKA MANGKAHAI | W119: =1/Z116 -> 0.2 | X119: =1/Z117 -> 0.25 | Y119: =1/Z118 -> 0.25 | Z119: 1 | AA119: 4 | AB119: =1/2 -> 0.5 | AC119: =1/4 -> 0.25 | AD119: =1/3 -> 0.33333333 | AE119: =1/2 -> 0.5 | AF119: =1/3 -> 0.33333333 | AG119: =1/3 -> 0.33333333 | AH119: =1/2 -> 0.5 | AI119: =1/4 -> 0.25 | AJ119: =1/5 -> 0.2 | AK119: =1/2 -> 0.5
B120: SDN-2 ANJIR KALAMPAN | C120: 9 | D120: 8 | E120: 7 | F120: 6 | G120: 5 | H120: 4 | I120: 3 | J120: 2 | K120: 1 | L120: 2 | M120: 3 | N120: 4 | O120: 5 | P120: 6 | Q120: 7 | R120: 8 | S120: 9 | T120: SDN-4 MANDOMAI | V120: SDN-2 MANDOMAI | W120: =1/AA116 -> 0.14285714 | X120: =1/AA117 -> 0.2 | Y120: =1/AA118 -> 0.2 | Z120: =1/AA119 -> 0.25 | AA120: 1 | AB120: =1/3 -> 0.33333333 | AC120: =1/5 -> 0.2 | AD120: =1/5 -> 0.2 | AE120: =1/2 -> 0.5 | AF120: =1/6 -> 0.16666667 | AG120: =1/4 -> 0.25 | AH120: =1/4 -> 0.25 | AI120: =1/4 -> 0.25 | AJ120: =1/6 -> 0.16666667 | AK120: =1/5 -> 0.2
B121: SDN-2 ANJIR KALAMPAN | C121: 9 | D121: 8 | E121: 7 | F121: 6 | G121: 5 | H121: 4 | I121: 3 | J121: 2 | K121: 1 | L121: 2 | M121: 3 | N121: 4 | O121: 5 | P121: 6 | Q121: 7 | R121: 8 | S121: 9 | T121: SDN-1 PANTAI | V121: SDN-3 MANDOMAI | W121: =1/AB116 -> 0.2 | X121: =1/AB117 -> 0.25 | Y121: =1/AB118 -> 0.33333333 | Z121: =1/AB119 -> 2 | AA121: =1/AB120 -> 3 | AB121: 1 | AC121: =1/3 -> 0.33333333 | AD121: =1/3 -> 0.33333333 | AE121: =1/2 -> 0.5 | AF121: =1/4 -> 0.25 | AG121: =1/3 -> 0.33333333 | AH121: =1/2 -> 0.5 | AI121: =1/2 -> 0.5 | AJ121: =1/4 -> 0.25 | AK121: =1/2 -> 0.5
B122: SDN-2 ANJIR KALAMPAN | C122: 9 | D122: 8 | E122: 7 | F122: 6 | G122: 5 | H122: 4 | I122: 3 | J122: 2 | K122: 1 | L122: 2 | M122: 3 | N122: 4 | O122: 5 | P122: 6 | Q122: 7 | R122: 8 | S122: 9 | T122: SDN-2 PANTAI | V122: SDN-4 MANDOMAI | W122: =1/AC116 -> 2 | X122: =1/AC117 -> 0.33333333 | Y122: =1/AC118 -> 3 | Z122: =1/AC119 -> 4 | AA122: =1/AC120 -> 5 | AB122: =1/AC121 -> 3 | AC122: 1 | AD122: 2 | AE122: 4 | AF122: =1/3 -> 0.33333333 | AG122: 2 | AH122: 3 | AI122: 3 | AJ122: =1/3 -> 0.33333333 | AK122: 3
B123: SDN-2 ANJIR KALAMPAN | C123: 9 | D123: 8 | E123: 7 | F123: 6 | G123: 5 | H123: 4 | I123: 3 | J123: 2 | K123: 1 | L123: 2 | M123: 3 | N123: 4 | O123: 5 | P123: 6 | Q123: 7 | R123: 8 | S123: 9 | T123: SDN-1 BASUTA RAYA | V123: SDN-1 PANTAI | W123: =1/AD116 -> 4 | X123: =1/AD117 -> 0.5 | Y123: =1/AD118 -> 0.33333333 | Z123: =1/AD119 -> 3 | AA123: =1/AD120 -> 5 | AB123: =1/AD121 -> 3 | AC123: =1/AD122 -> 0.5 | AD123: 1 | AE123: 4 | AF123: =1/3 -> 0.33333333 | AG123: =1/2 -> 0.5 | AH123: =1/2 -> 0.5 | AI123: =1/2 -> 0.5 | AJ123: =1/4 -> 0.25 | AK123: =1/2 -> 0.5
B124: SDN-2 ANJIR KALAMPAN | C124: 9 | D124: 8 | E124: 7 | F124: 6 | G124: 5 | H124: 4 | I124: 3 | J124: 2 | K124: 1 | L124: 2 | M124: 3 | N124: 4 | O124: 5 | P124: 6 | Q124: 7 | R124: 8 | S124: 9 | T124: SDN-1 SEI PITUNG | V124: SDN-2 PANTAI | W124: =1/AE116 -> 0.25 | X124: =1/AE117 -> 0.25 | Y124: =1/AE118 -> 0.25 | Z124: =1/AE119 -> 2 | AA124: =1/AE120 -> 2 | AB124: =1/AE121 -> 2 | AC124: =1/AE122 -> 0.25 | AD124: =1/AE123 -> 0.25 | AE124: 1 | AF124: 2 | AG124: =1/4 -> 0.25 | AH124: 2 | AI124: =1/2 -> 0.5 | AJ124: =1/4 -> 0.25 | AK124: =1/3 -> 0.33333333
B125: SDN-2 ANJIR KALAMPAN | C125: 9 | D125: 8 | E125: 7 | F125: 6 | G125: 5 | H125: 4 | I125: 3 | J125: 2 | K125: 1 | L125: 2 | M125: 3 | N125: 4 | O125: 5 | P125: 6 | Q125: 7 | R125: 8 | S125: 9 | T125: SDN-1 PENDA KATAPI | V125: SDN-1 BASUTA RAYA | W125: =1/AF116 -> 2 | X125: =1/AF117 -> 2 | Y125: =1/AF118 -> 2 | Z125: =1/AF119 -> 3 | AA125: =1/AF120 -> 6 | AB125: =1/AF121 -> 4 | AC125: =1/AF122 -> 3 | AD125: =1/AF123 -> 3 | AE125: =1/AF124 -> 0.5 | AF125: 1 | AG125: =1/3 -> 0.33333333 | AH125: 2 | AI125: =1/3 -> 0.33333333 | AJ125: =1/4 -> 0.25 | AK125: =1/2 -> 0.5
B126: SDN-2 ANJIR KALAMPAN | C126: 9 | D126: 8 | E126: 7 | F126: 6 | G126: 5 | H126: 4 | I126: 3 | J126: 2 | K126: 1 | L126: 2 | M126: 3 | N126: 4 | O126: 5 | P126: 6 | Q126: 7 | R126: 8 | S126: 9 | T126: SDN-1 SEI KAYU | V126: SDN-1 SEI PITUNG | W126: =1/AG116 -> 4 | X126: =1/AG117 -> 0.5 | Y126: =1/AG118 -> 0.5 | Z126: =1/AG119 -> 3 | AA126: =1/AG120 -> 4 | AB126: =1/AG121 -> 3 | AC126: =1/AG122 -> 0.5 | AD126: =1/AG123 -> 2 | AE126: =1/AG124 -> 4 | AF126: =1/AG125 -> 3 | AG126: 1 | AH126: 4 | AI126: 2 | AJ126: =1/3 -> 0.33333333 | AK126: =1/2 -> 0.5
B127: SDN-2 ANJIR KALAMPAN | C127: 9 | D127: 8 | E127: 7 | F127: 6 | G127: 5 | H127: 4 | I127: 3 | J127: 2 | K127: 1 | L127: 2 | M127: 3 | N127: 4 | O127: 5 | P127: 6 | Q127: 7 | R127: 8 | S127: 9 | T127: SDN-2 SEI KAYU | V127: SDN-1 PENDA KATAPI | W127: =1/AH116 -> 2 | X127: =1/AH117 -> 0.33333333 | Y127: =1/AH118 -> 0.25 | Z127: =1/AH119 -> 2 | AA127: =1/AH120 -> 4 | AB127: =1/AH121 -> 2 | AC127: =1/AH122 -> 0.33333333 | AD127: =1/AH123 -> 2 | AE127: =1/AH124 -> 0.5 | AF127: =1/AH125 -> 0.5 | AG127: =1/AH126 -> 0.25 | AH127: 1 | AI127: =1/4 -> 0.25 | AJ127: =1/5 -> 0.2 | AK127: =1/3 -> 0.33333333
B128: SDN-2 ANJIR KALAMPAN | C128: 9 | D128: 8 | E128: 7 | F128: 6 | G128: 5 | H128: 4 | I128: 3 | J128: 2 | K128: 1 | L128: 2 | M128: 3 | N128: 4 | O128: 5 | P128: 6 | Q128: 7 | R128: 8 | S128: 9 | T128: SDN-1 SEI DUSUN | V128: SDN-1 SEI KAYU | W128: =1/AI116 -> 2 | X128: =1/AI117 -> 0.33333333 | Y128: =1/AI118 -> 0.33333333 | Z128: =1/AI119 -> 4 | AA128: =1/AI120 -> 4 | AB128: =1/AI121 -> 2 | AC128: =1/AI122 -> 0.33333333 | AD128: =1/AI123 -> 2 | AE128: =1/AI124 -> 2 | AF128: =1/AI125 -> 3 | AG128: =1/AI126 -> 0.5 | AH128: =1/AI127 -> 4 | AI128: 1 | AJ128: =1/3 -> 0.33333333 | AK128: =1/2 -> 0.5
B129: SDN-3 ANJIR KALAMPAN | C129: 9 | D129: 8 | E129: 7 | F129: 6 | G129: 5 | H129: 4 | I129: 3 | J129: 2 | K129: 1 | L129: 2 | M129: 3 | N129: 4 | O129: 5 | P129: 6 | Q129: 7 | R129: 8 | S129: 9 | T129: SDN-1 SAKA MANGKAHAI | V129: SDN-2 SEI KAYU | W129: =1/AJ116 -> 4 | X129: =1/AJ117 -> 0.5 | Y129: =1/AJ118 -> 3 | Z129: =1/AJ119 -> 5 | AA129: =1/AJ120 -> 6 | AB129: =1/AJ121 -> 4 | AC129: =1/AJ122 -> 3 | AD129: =1/AJ123 -> 4 | AE129: =1/AJ124 -> 4 | AF129: =1/AJ125 -> 4 | AG129: =1/AJ126 -> 3 | AH129: =1/AJ127 -> 5 | AI129: =1/AJ128 -> 3 | AJ129: 1 | AK129: 2
B130: SDN-3 ANJIR KALAMPAN | C130: 9 | D130: 8 | E130: 7 | F130: 6 | G130: 5 | H130: 4 | I130: 3 | J130: 2 | K130: 1 | L130: 2 | M130: 3 | N130: 4 | O130: 5 | P130: 6 | Q130: 7 | R130: 8 | S130: 9 | T130: SDN-2 SAKA MANGKAHAI | V130: SDN-1 SEI DUSUN | W130: =1/AK116 -> 0.33333333 | X130: =1/AK117 -> 0.25 | Y130: =1/AK118 -> 0.33333333 | Z130: =1/AK119 -> 2 | AA130: =1/AK120 -> 5 | AB130: =1/AK121 -> 2 | AC130: =1/AK122 -> 0.33333333 | AD130: =1/AK123 -> 2 | AE130: =1/AK124 -> 3 | AF130: =1/AK125 -> 2 | AG130: =1/AK126 -> 2 | AH130: =1/AK127 -> 3 | AI130: =1/AK128 -> 2 | AJ130: =1/AK129 -> 0.5 | AK130: 1
B131: SDN-3 ANJIR KALAMPAN | C131: 9 | D131: 8 | E131: 7 | F131: 6 | G131: 5 | H131: 4 | I131: 3 | J131: 2 | K131: 1 | L131: 2 | M131: 3 | N131: 4 | O131: 5 | P131: 6 | Q131: 7 | R131: 8 | S131: 9 | T131: SDN-2 MANDOMAI
B132: SDN-3 ANJIR KALAMPAN | C132: 9 | D132: 8 | E132: 7 | F132: 6 | G132: 5 | H132: 4 | I132: 3 | J132: 2 | K132: 1 | L132: 2 | M132: 3 | N132: 4 | O132: 5 | P132: 6 | Q132: 7 | R132: 8 | S132: 9 | T132: SDN-3 MANDOMAI
B133: SDN-3 ANJIR KALAMPAN | C133: 9 | D133: 8 | E133: 7 | F133: 6 | G133: 5 | H133: 4 | I133: 3 | J133: 2 | K133: 1 | L133: 2 | M133: 3 | N133: 4 | O133: 5 | P133: 6 | Q133: 7 | R133: 8 | S133: 9 | T133: SDN-4 MANDOMAI
B134: SDN-3 ANJIR KALAMPAN | C134: 9 | D134: 8 | E134: 7 | F134: 6 | G134: 5 | H134: 4 | I134: 3 | J134: 2 | K134: 1 | L134: 2 | M134: 3 | N134: 4 | O134: 5 | P134: 6 | Q134: 7 | R134: 8 | S134: 9 | T134: SDN-1 PANTAI
B135: SDN-3 ANJIR KALAMPAN | C135: 9 | D135: 8 | E135: 7 | F135: 6 | G135: 5 | H135: 4 | I135: 3 | J135: 2 | K135: 1 | L135: 2 | M135: 3 | N135: 4 | O135: 5 | P135: 6 | Q135: 7 | R135: 8 | S135: 9 | T135: SDN-2 PANTAI
B136: SDN-3 ANJIR KALAMPAN | C136: 9 | D136: 8 | E136: 7 | F136: 6 | G136: 5 | H136: 4 | I136: 3 | J136: 2 | K136: 1 | L136: 2 | M136: 3 | N136: 4 | O136: 5 | P136: 6 | Q136: 7 | R136: 8 | S136: 9 | T136: SDN-1 BASUTA RAYA
B137: SDN-3 ANJIR KALAMPAN | C137: 9 | D137: 8 | E137: 7 | F137: 6 | G137: 5 | H137: 4 | I137: 3 | J137: 2 | K137: 1 | L137: 2 | M137: 3 | N137: 4 | O137: 5 | P137: 6 | Q137: 7 | R137: 8 | S137: 9 | T137: SDN-1 SEI PITUNG
B138: SDN-3 ANJIR KALAMPAN | C138: 9 | D138: 8 | E138: 7 | F138: 6 | G138: 5 | H138: 4 | I138: 3 | J138: 2 | K138: 1 | L138: 2 | M138: 3 | N138: 4 | O138: 5 | P138: 6 | Q138: 7 | R138: 8 | S138: 9 | T138: SDN-1 PENDA KATAPI
B139: SDN-3 ANJIR KALAMPAN | C139: 9 | D139: 8 | E139: 7 | F139: 6 | G139: 5 | H139: 4 | I139: 3 | J139: 2 | K139: 1 | L139: 2 | M139: 3 | N139: 4 | O139: 5 | P139: 6 | Q139: 7 | R139: 8 | S139: 9 | T139: SDN-1 SEI KAYU
B140: SDN-3 ANJIR KALAMPAN | C140: 9 | D140: 8 | E140: 7 | F140: 6 | G140: 5 | H140: 4 | I140: 3 | J140: 2 | K140: 1 | L140: 2 | M140: 3 | N140: 4 | O140: 5 | P140: 6 | Q140: 7 | R140: 8 | S140: 9 | T140: SDN-2 SEI KAYU
B141: SDN-3 ANJIR KALAMPAN | C141: 9 | D141: 8 | E141: 7 | F141: 6 | G141: 5 | H141: 4 | I141: 3 | J141: 2 | K141: 1 | L141: 2 | M141: 3 | N141: 4 | O141: 5 | P141: 6 | Q141: 7 | R141: 8 | S141: 9 | T141: SDN-1 SEI DUSUN
B142: SDN-1 SAKA MANGKAHAI | C142: 9 | D142: 8 | E142: 7 | F142: 6 | G142: 5 | H142: 4 | I142: 3 | J142: 2 | K142: 1 | L142: 2 | M142: 3 | N142: 4 | O142: 5 | P142: 6 | Q142: 7 | R142: 8 | S142: 9 | T142: SDN-2 SAKA MANGKAHAI
... B219: SDN-2 SEI KAYU | C219: 9 | D219: 8 | E219: 7 | F219: 6 | G219: 5 | H219: 4 | I219: 3 | J219: 2 | K219: 1 | L219: 2 | M219: 3 | N219: 4 | O219: 5 | P219: 6 | Q219: 7 | R219: 8 | S219: 9 | T219: SDN-1 SEI DUSUN
B221: PERSENTASE KERUSAKAN GEDUNG
B222: DPRD
B223: SEKOLAH UTAMA | C223: KRITERIA NILAI | T223: SEKOLAH PEMBANDING
C224: 9 | D224: 8 | E224: 7 | F224: 6 | G224: 5 | H224: 4 | I224: 3 | J224: 2 | K224: 1 | L224: 2 | M224: 3 | N224: 4 | O224: 5 | P224: 6 | Q224: 7 | R224: 8 | S224: 9
B225: SDN-2 ANJIR KALAMPAN | C225: 9 | D225: 8 | E225: 7 | F225: 6 | G225: 5 | H225: 4 | I225: 3 | J225: 2 | K225: 1 | L225: 2 | M225: 3 | N225: 4 | O225: 5 | P225: 6 | Q225: 7 | R225: 8 | S225: 9 | T225: SDN-3 ANJIR KALAMPAN | V225: PERSENTASE KERUSAKAN GEDUNG | W225: SDN-2 ANJIR KALAMPAN | X225: SDN-3 ANJIR KALAMPAN | Y225: SDN-1 SAKA MANGKAHAI | Z225: SDN-2 SAKA MANGKAHAI | AA225: SDN-2 MANDOMAI | AB225: SDN-3 MANDOMAI | AC225: SDN-4 MANDOMAI | AD225: SDN-1 PANTAI | AE225: SDN-2 PANTAI | AF225: SDN-1 BASUTA RAYA | AG225: SDN-1 SEI PITUNG | AH225: SDN-1 PENDA KATAPI | AI225: SDN-1 SEI KAYU | AJ225: SDN-2 SEI KAYU | AK225: SDN-1 SEI DUSUN
B226: SDN-2 ANJIR KALAMPAN | C226: 9 | D226: 8 | E226: 7 | F226: 6 | G226: 5 | H226: 4 | I226: 3 | J226: 2 | K226: 1 | L226: 2 | M226: 3 | N226: 4 | O226: 5 | P226: 6 | Q226: 7 | R226: 8 | S226: 9 | T226: SDN-1 SAKA MANGKAHAI | V226: SDN-2 ANJIR KALAMPAN | W226: 1 | X226: =1/6 -> 0.16666667 | Y226: =1/8 -> 0.125 | Z226: 4 | AA226: 9 | AB226: 9 | AC226: =1/9 -> 0.11111111 | AD226: =1/6 -> 0.16666667 | AE226: =1/7 -> 0.14285714 | AF226: =1/7 -> 0.14285714 | AG226: =1/3 -> 0.33333333 | AH226: 3 | AI226: =1/7 -> 0.14285714 | AJ226: =1/7 -> 0.14285714 | AK226: 3
B227: SDN-2 ANJIR KALAMPAN | C227: 9 | D227: 8 | E227: 7 | F227: 6 | G227: 5 | H227: 4 | I227: 3 | J227: 2 | K227: 1 | L227: 2 | M227: 3 | N227: 4 | O227: 5 | P227: 6 | Q227: 7 | R227: 8 | S227: 9 | T227: SDN-2 SAKA MANGKAHAI | V227: SDN-3 ANJIR KALAMPAN | W227: =1/X226 -> 6 | X227: 1 | Y227: =1/3 -> 0.33333333 | Z227: 6 | AA227: 9 | AB227: 9 | AC227: =1/8 -> 0.125 | AD227: =1/5 -> 0.2 | AE227: =1/5 -> 0.2 | AF227: =1/6 -> 0.16666667 | AG227: =1/4 -> 0.25 | AH227: 6 | AI227: =1/5 -> 0.2 | AJ227: =1/5 -> 0.2 | AK227: 5
B228: SDN-2 ANJIR KALAMPAN | C228: 9 | D228: 8 | E228: 7 | F228: 6 | G228: 5 | H228: 4 | I228: 3 | J228: 2 | K228: 1 | L228: 2 | M228: 3 | N228: 4 | O228: 5 | P228: 6 | Q228: 7 | R228: 8 | S228: 9 | T228: SDN-2 MANDOMAI | V228: SDN-1 SAKA MANGKAHAI | W228: =1/Y226 -> 8 | X228: =1/Y227 -> 3 | Y228: 1 | Z228: 5 | AA228: 9 | AB228: 9 | AC228: =1/3 -> 0.33333333 | AD228: 3 | AE228: 3 | AF228: 1 | AG228: 3 | AH228: 6 | AI228: =1/2 -> 0.5 | AJ228: =1/2 -> 0.5 | AK228: 7
B229: SDN-2 ANJIR KALAMPAN | C229: 9 | D229: 8 | E229: 7 | F229: 6 | G229: 5 | H229: 4 | I229: 3 | J229: 2 | K229: 1 | L229: 2 | M229: 3 | N229: 4 | O229: 5 | P229: 6 | Q229: 7 | R229: 8 | S229: 9 | T229: SDN-3 MANDOMAI | V229: SDN-2 SAKA MANGKAHAI | W229: =1/Z226 -> 0.25 | X229: =1/Z227 -> 0.16666667 | Y229: =1/Z228 -> 0.2 | Z229: 1 | AA229: 9 | AB229: 9 | AC229: =1/8 -> 0.125 | AD229: =1/5 -> 0.2 | AE229: =1/5 -> 0.2 | AF229: =1/7 -> 0.14285714 | AG229: =1/4 -> 0.25 | AH229: 3 | AI229: =1/6 -> 0.16666667 | AJ229: =1/6 -> 0.16666667
B230: SDN-2 ANJIR KALAMPAN | C230: 9 | D230: 8 | E230: 7 | F230: 6 | G230: 5 | H230: 4 | I230: 3 | J230: 2 | K230: 1 | L230: 2 | M230: 3 | N230: 4 | O230: 5 | P230: 6 | Q230: 7 | R230: 8 | S230: 9 | T230: SDN-4 MANDOMAI | V230: SDN-2 MANDOMAI | W230: =1/AA226 -> 0.11111111 | X230: =1/AA227 -> 0.11111111 | Y230: =1/AA228 -> 0.11111111 | Z230: =1/AA229 -> 0.11111111 | AA230: 1 | AB230: 1 | AC230: =1/9 -> 0.11111111 | AD230: =1/9 -> 0.11111111 | AE230: =1/9 -> 0.11111111 | AF230: =1/9 -> 0.11111111 | AG230: =1/9 -> 0.11111111 | AH230: =1/9 -> 0.11111111 | AI230: =1/9 -> 0.11111111 | AJ230: =1/9 -> 0.11111111 | AK230: =1/9 -> 0.11111111
B231: SDN-2 ANJIR KALAMPAN | C231: 9 | D231: 8 | E231: 7 | F231: 6 | G231: 5 | H231: 4 | I231: 3 | J231: 2 | K231: 1 | L231: 2 | M231: 3 | N231: 4 | O231: 5 | P231: 6 | Q231: 7 | R231: 8 | S231: 9 | T231: SDN-1 PANTAI | V231: SDN-3 MANDOMAI | W231: =1/AB226 -> 0.11111111 | X231: =1/AB227 -> 0.11111111 | Y231: =1/AB228 -> 0.11111111 | Z231: =1/AB229 -> 0.11111111 | AA231: =1/AB230 -> 1 | AB231: 1 | AC231: =1/9 -> 0.11111111 | AD231: =1/9 -> 0.11111111 | AE231: =1/9 -> 0.11111111 | AF231: =1/9 -> 0.11111111 | AG231: =1/9 -> 0.11111111 | AH231: =1/9 -> 0.11111111 | AI231: =1/9 -> 0.11111111 | AJ231: =1/9 -> 0.11111111 | AK231: =1/9 -> 0.11111111
B232: SDN-2 ANJIR KALAMPAN | C232: 9 | D232: 8 | E232: 7 | F232: 6 | G232: 5 | H232: 4 | I232: 3 | J232: 2 | K232: 1 | L232: 2 | M232: 3 | N232: 4 | O232: 5 | P232: 6 | Q232: 7 | R232: 8 | S232: 9 | T232: SDN-2 PANTAI | V232: SDN-4 MANDOMAI | W232: =1/AC226 -> 9 | X232: =1/AC227 -> 8 | Y232: =1/AC228 -> 3 | Z232: =1/AC229 -> 8 | AA232: =1/AC230 -> 9 | AB232: =1/AC231 -> 9 | AC232: 1 | AD232: 7 | AE232: 7 | AF232: 2 | AG232: 5 | AH232: 7 | AI232: 3 | AJ232: 3 | AK232: 8
B233: SDN-2 ANJIR KALAMPAN | C233: 9 | D233: 8 | E233: 7 | F233: 6 | G233: 5 | H233: 4 | I233: 3 | J233: 2 | K233: 1 | L233: 2 | M233: 3 | N233: 4 | O233: 5 | P233: 6 | Q233: 7 | R233: 8 | S233: 9 | T233: SDN-1 BASUTA RAYA | V233: SDN-1 PANTAI | W233: =1/AD226 -> 6 | X233: =1/AD227 -> 5 | Y233: =1/AD228 -> 0.33333333 | Z233: =1/AD229 -> 5 | AA233: =1/AD230 -> 9 | AB233: =1/AD231 -> 9 | AC233: =1/AD232 -> 0.14285714 | AD233: 1 | AE233: 1 | AF233: =1/6 -> 0.16666667 | AG233: =1/3 -> 0.33333333 | AH233: 2 | AI233: =1/5 -> 0.2 | AJ233: =1/5 -> 0.2 | AK233: =1/3 -> 0.33333333
B234: SDN-2 ANJIR KALAMPAN | C234: 9 | D234: 8 | E234: 7 | F234: 6 | G234: 5 | H234: 4 | I234: 3 | J234: 2 | K234: 1 | L234: 2 | M234: 3 | N234: 4 | O234: 5 | P234: 6 | Q234: 7 | R234: 8 | S234: 9 | T234: SDN-1 SEI PITUNG | V234: SDN-2 PANTAI | W234: =1/AE226 -> 7 | X234: =1/AE227 -> 5 | Y234: =1/AE228 -> 0.33333333 | Z234: =1/AE229 -> 5 | AA234: =1/AE230 -> 9 | AB234: =1/AE231 -> 9 | AC234: =1/AE232 -> 0.14285714 | AD234: =1/AE233 -> 1 | AE234: 1 | AF234: =1/5 -> 0.2 | AG234: =1/3 -> 0.33333333 | AH234: 4 | AI234: =1/2 -> 0.5 | AJ234: =1/2 -> 0.5 | AK234: 3
B235: SDN-2 ANJIR KALAMPAN | C235: 9 | D235: 8 | E235: 7 | F235: 6 | G235: 5 | H235: 4 | I235: 3 | J235: 2 | K235: 1 | L235: 2 | M235: 3 | N235: 4 | O235: 5 | P235: 6 | Q235: 7 | R235: 8 | S235: 9 | T235: SDN-1 PENDA KATAPI | V235: SDN-1 BASUTA RAYA | W235: =1/AF226 -> 7 | X235: =1/AF227 -> 6 | Y235: =1/AF228 -> 1 | Z235: =1/AF229 -> 7 | AA235: =1/AF230 -> 9 | AB235: =1/AF231 -> 9 | AC235: =1/AF232 -> 0.5 | AD235: =1/AF233 -> 6 | AE235: =1/AF234 -> 5 | AF235: 1 | AG235: 5 | AH235: 7 | AI235: 3 | AJ235: 3 | AK235: 5
B236: SDN-2 ANJIR KALAMPAN | C236: 9 | D236: 8 | E236: 7 | F236: 6 | G236: 5 | H236: 4 | I236: 3 | J236: 2 | K236: 1 | L236: 2 | M236: 3 | N236: 4 | O236: 5 | P236: 6 | Q236: 7 | R236: 8 | S236: 9 | T236: SDN-1 SEI KAYU | V236: SDN-1 SEI PITUNG | W236: =1/AG226 -> 3 | X236: =1/AG227 -> 4 | Y236: =1/AG228 -> 0.33333333 | Z236: =1/AG229 -> 4 | AA236: =1/AG230 -> 9 | AB236: =1/AG231 -> 9 | AC236: =1/AG232 -> 0.2 | AD236: =1/AG233 -> 3 | AE236: =1/AG234 -> 3 | AF236: =1/AG235 -> 0.2 | AG236: 1 | AH236: 3 | AI236: =1/5 -> 0.2 | AJ236: =1/5 -> 0.2 | AK236: 5
B237: SDN-2 ANJIR KALAMPAN | C237: 9 | D237: 8 | E237: 7 | F237: 6 | G237: 5 | H237: 4 | I237: 3 | J237: 2 | K237: 1 | L237: 2 | M237: 3 | N237: 4 | O237: 5 | P237: 6 | Q237: 7 | R237: 8 | S237: 9 | T237: SDN-2 SEI KAYU | V237: SDN-1 PENDA KATAPI | W237: =1/AH226 -> 0.33333333 | X237: =1/AH227 -> 0.16666667 | Y237: =1/AH228 -> 0.16666667 | Z237: =1/AH229 -> 0.33333333 | AA237: =1/AH230 -> 9 | AB237: =1/AH231 -> 9 | AC237: =1/AH232 -> 0.14285714 | AD237: =1/AH233 -> 0.5 | AE237: =1/AH234 -> 0.25 | AF237: =1/AH235 -> 0.14285714 | AG237: =1/AH236 -> 0.33333333 | AH237: 1 | AI237: =1/6 -> 0.16666667 | AJ237: =1/6 -> 0.16666667 | AK237: 2
B238: SDN-2 ANJIR KALAMPAN | C238: 9 | D238: 8 | E238: 7 | F238: 6 | G238: 5 | H238: 4 | I238: 3 | J238: 2 | K238: 1 | L238: 2 | M238: 3 | N238: 4 | O238: 5 | P238: 6 | Q238: 7 | R238: 8 | S238: 9 | T238: SDN-1 SEI DUSUN | V238: SDN-1 SEI KAYU | W238: =1/AI226 -> 7 | X238: =1/AI227 -> 5 | Y238: =1/AI228 -> 2 | Z238: =1/AI229 -> 6 | AA238: =1/AI230 -> 9 | AB238: =1/AI231 -> 9 | AC238: =1/AI232 -> 0.33333333 | AD238: =1/AI233 -> 5 | AE238: =1/AI234 -> 2 | AF238: =1/AI235 -> 0.33333333 | AG238: =1/AI236 -> 5 | AH238: =1/AI237 -> 6 | AI238: 1 | AJ238: 1 | AK238: 7
B239: SDN-3 ANJIR KALAMPAN | C239: 9 | D239: 8 | E239: 7 | F239: 6 | G239: 5 | H239: 4 | I239: 3 | J239: 2 | K239: 1 | L239: 2 | M239: 3 | N239: 4 | O239: 5 | P239: 6 | Q239: 7 | R239: 8 | S239: 9 | T239: SDN-1 SAKA MANGKAHAI | V239: SDN-2 SEI KAYU | W239: =1/AJ226 -> 7 | X239: =1/AJ227 -> 5 | Y239: =1/AJ228 -> 2 | Z239: =1/AJ229 -> 6 | AA239: =1/AJ230 -> 9 | AB239: =1/AJ231 -> 9 | AC239: =1/AJ232 -> 0.33333333 | AD239: =1/AJ233 -> 5 | AE239: =1/AJ234 -> 2 | AF239: =1/AJ235 -> 0.33333333 | AG239: =1/AJ236 -> 5 | AH239: =1/AJ237 -> 6 | AI239: =1/AJ238 -> 1 | AJ239: 1 | AK239: 7
B240: SDN-3 ANJIR KALAMPAN | C240: 9 | D240: 8 | E240: 7 | F240: 6 | G240: 5 | H240: 4 | I240: 3 | J240: 2 | K240: 1 | L240: 2 | M240: 3 | N240: 4 | O240: 5 | P240: 6 | Q240: 7 | R240: 8 | S240: 9 | T240: SDN-2 SAKA MANGKAHAI | V240: SDN-1 SEI DUSUN | W240: =1/AK226 -> 0.33333333 | X240: =1/AK227 -> 0.2 | Y240: =1/AK228 -> 0.14285714 | Z240: =1/AK229 -> #DIV/0! | AA240: =1/AK230 -> 9 | AB240: =1/AK231 -> 9 | AC240: =1/AK232 -> 0.125 | AD240: =1/AK233 -> 3 | AE240: =1/AK234 -> 0.33333333 | AF240: =1/AK235 -> 0.2 | AG240: =1/AK236 -> 0.2 | AH240: =1/AK237 -> 0.5 | AI240: =1/AK238 -> 0.14285714 | AJ240: =1/AK239 -> 0.14285714 | AK240: 1
B241: SDN-3 ANJIR KALAMPAN | C241: 9 | D241: 8 | E241: 7 | F241: 6 | G241: 5 | H241: 4 | I241: 3 | J241: 2 | K241: 1 | L241: 2 | M241: 3 | N241: 4 | O241: 5 | P241: 6 | Q241: 7 | R241: 8 | S241: 9 | T241: SDN-2 MANDOMAI
B242: SDN-3 ANJIR KALAMPAN | C242: 9 | D242: 8 | E242: 7 | F242: 6 | G242: 5 | H242: 4 | I242: 3 | J242: 2 | K242: 1 | L242: 2 | M242: 3 | N242: 4 | O242: 5 | P242: 6 | Q242: 7 | R242: 8 | S242: 9 | T242: SDN-3 MANDOMAI
B243: SDN-3 ANJIR KALAMPAN | C243: 9 | D243: 8 | E243: 7 | F243: 6 | G243: 5 | H243: 4 | I243: 3 | J243: 2 | K243: 1 | L243: 2 | M243: 3 | N243: 4 | O243: 5 | P243: 6 | Q243: 7 | R243: 8 | S243: 9 | T243: SDN-4 MANDOMAI
B244: SDN-3 ANJIR KALAMPAN | C244: 9 | D244: 8 | E244: 7 | F244: 6 | G244: 5 | H244: 4 | I244: 3 | J244: 2 | K244: 1 | L244: 2 | M244: 3 | N244: 4 | O244: 5 | P244: 6 | Q244: 7 | R244: 8 | S244: 9 | T244: SDN-1 PANTAI
B245: SDN-3 ANJIR KALAMPAN | C245: 9 | D245: 8 | E245: 7 | F245: 6 | G245: 5 | H245: 4 | I245: 3 | J245: 2 | K245: 1 | L245: 2 | M245: 3 | N245: 4 | O245: 5 | P245: 6 | Q245: 7 | R245: 8 | S245: 9 | T245: SDN-2 PANTAI
B246: SDN-3 ANJIR KALAMPAN | C246: 9 | D246: 8 | E246: 7 | F246: 6 | G246: 5 | H246: 4 | I246: 3 | J246: 2 | K246: 1 | L246: 2 | M246: 3 | N246: 4 | O246: 5 | P246: 6 | Q246: 7 | R246: 8 | S246: 9 | T246: SDN-1 BASUTA RAYA
B247: SDN-3 ANJIR KALAMPAN | C247: 9 | D247: 8 | E247: 7 | F247: 6 | G247: 5 | H247: 4 | I247: 3 | J247: 2 | K247: 1 | L247: 2 | M247: 3 | N247: 4 | O247: 5 | P247: 6 | Q247: 7 | R247: 8 | S247: 9 | T247: SDN-1 SEI PITUNG
B248: SDN-3 ANJIR KALAMPAN | C248: 9 | D248: 8 | E248: 7 | F248: 6 | G248: 5 | H248: 4 | I248: 3 | J248: 2 | K248: 1 | L248: 2 | M248: 3 | N248: 4 | O248: 5 | P248: 6 | Q248: 7 | R248: 8 | S248: 9 | T248: SDN-1 PENDA KATAPI
B249: SDN-3 ANJIR KALAMPAN | C249: 9 | D249: 8 | E249: 7 | F249: 6 | G249: 5 | H249: 4 | I249: 3 | J249: 2 | K249: 1 | L249: 2 | M249: 3 | N249: 4 | O249: 5 | P249: 6 | Q249: 7 | R249: 8 | S249: 9 | T249: SDN-1 SEI KAYU
B250: SDN-3 ANJIR KALAMPAN | C250: 9 | D250: 8 | E250: 7 | F250: 6 | G250: 5 | H250: 4 | I250: 3 | J250: 2 | K250: 1 | L250: 2 | M250: 3 | N250: 4 | O250: 5 | P250: 6 | Q250: 7 | R250: 8 | S250: 9 | T250: SDN-2 SEI KAYU
B251: SDN-3 ANJIR KALAMPAN | C251: 9 | D251: 8 | E251: 7 | F251: 6 | G251: 5 | H251: 4 | I251: 3 | J251: 2 | K251: 1 | L251: 2 | M251: 3 | N251: 4 | O251: 5 | P251: 6 | Q251: 7 | R251: 8 | S251: 9 | T251: SDN-1 SEI DUSUN
B252: SDN-1 SAKA MANGKAHAI | C252: 9 | D252: 8 | E252: 7 | F252: 6 | G252: 5 | H252: 4 | I252: 3 | J252: 2 | K252: 1 | L252: 2 | M252: 3 | N252: 4 | O252: 5 | P252: 6 | Q252: 7 | R252: 8 | S252: 9 | T252: SDN-2 SAKA MANGKAHAI
... B329: SDN-2 SEI KAYU | C329: 9 | D329: 8 | E329: 7 | F329: 6 | G329: 5 | H329: 4 | I329: 3 | J329: 2 | K329: 1 | L329: 2 | M329: 3 | N329: 4 | O329: 5 | P329: 6 | Q329: 7 | R329: 8 | S329: 9 | T329: SDN-1 SEI DUSUN

Sheet AHP & Rank (% Kerusakan)
A1: PERSENTASE KERUSAKAN GEDUNG | B1: SDN-2 ANJIR KALAMPAN | C1: SDN-3 ANJIR KALAMPAN | D1: SDN-1 SAKA MANGKAHAI | E1: SDN-2 SAKA MANGKAHAI | F1: SDN-2 MANDOMAI | G1: SDN-3 MANDOMAI | H1: SDN-4 MANDOMAI | I1: SDN-1 PANTAI | J1: SDN-2 PANTAI | K1: SDN-1 BASUTA RAYA | L1: SDN-1 SEI PITUNG | M1: SDN-1 PENDA KATAPI | N1: SDN-1 SEI KAYU | O1: SDN-2 SEI KAYU | P1: SDN-1 SEI DUSUN
A2: SDN-2 ANJIR KALAMPAN | B2: 1 | C2: =GEOMEAN('NORMALISASI % KERUSAKAN GEDUNG'!X6,'NORMALISASI % KERUSAKAN GEDUNG'!X116,'NORMALISASI % KERUSAKAN GEDUNG'!X226) -> 0.30285343 | D2: =GEOMEAN('NORMALISASI % KERUSAKAN GEDUNG'!Y6,'NORMALISASI % KERUSAKAN GEDUNG'!Y116,'NORMALISASI % KERUSAKAN GEDUNG'!Y226) -> 1.0400419 | E2: =GEOMEAN('NORMALISASI % KERUSAKAN GEDUNG'!Z6,'NORMALISASI % KERUSAKAN GEDUNG'!Z116,'NORMALISASI % KERUSAKAN GEDUNG'!Z226) -> 3.9148676 | F2: =GEOMEAN('NORMALISASI % KERUSAKAN GEDUNG'!AA6,'NORMALISASI % KERUSAKAN GEDUNG'!AA116,'NORMALISASI % KERUSAKAN GEDUNG'!AA226) -> 6.3163596 | G2: =GEOMEAN('NORMALISASI % KERUSAKAN GEDUNG'!AB6,'NORMALISASI % KERUSAKAN GEDUNG'!AB116,'NORMALISASI % KERUSAKAN GEDUNG'!AB226) -> 5.6462162 | H2: =GEOMEAN('NORMALISASI % KERUSAKAN GEDUNG'!AC6,'NORMALISASI % KERUSAKAN GEDUNG'!AC116,'NORMALISASI % KERUSAKAN GEDUNG'!AC226) -> 0.24037493 | I2: =GEOMEAN('NORMALISASI % KERUSAKAN GEDUNG'!AD6,'NORMALISASI % KERUSAKAN GEDUNG'!AD116,'NORMALISASI % KERUSAKAN GEDUNG'!AD226) -> 0.20274007 | J2: =GEOMEAN('NORMALISASI % KERUSAKAN GEDUNG'!AE6,'NORMALISASI % KERUSAKAN GEDUNG'!AE116,'NORMALISASI % KERUSAKAN GEDUNG'!AE226) -> 0.4852855 | ... P2: =GEOMEAN('NORMALISASI % KERUSAKAN GEDUNG'!AK6,'NORMALISASI % KERUSAKAN GEDUNG'!AK116,'NORMALISASI % KERUSAKAN GEDUNG'!AK226) -> 1.2164404
A3: SDN-3 ANJIR KALAMPAN | B3: =1/C2 -> 3.3019272 | C3: 1 | D3: =GEOMEAN('NORMALISASI % KERUSAKAN GEDUNG'!Y7,'NORMALISASI % KERUSAKAN GEDUNG'!Y117,'NORMALISASI % KERUSAKAN GEDUNG'!Y227) -> 0.79370053 | E3: =GEOMEAN('NORMALISASI % KERUSAKAN GEDUNG'!Z7,'NORMALISASI % KERUSAKAN GEDUNG'!Z117,'NORMALISASI % KERUSAKAN GEDUNG'!Z227) -> 4.1601676 | F3: =GEOMEAN('NORMALISASI % KERUSAKAN GEDUNG'!AA7,'NORMALISASI % KERUSAKAN GEDUNG'!AA117,'NORMALISASI % KERUSAKAN GEDUNG'!AA227) -> 5.1299278 | G3: =GEOMEAN('NORMALISASI % KERUSAKAN GEDUNG'!AB7,'NORMALISASI % KERUSAKAN GEDUNG'!AB117,'NORMALISASI % KERUSAKAN GEDUNG'!AB227) -> 4.7622032 | H3: =GEOMEAN('NORMALISASI % KERUSAKAN GEDUNG'!AC7,'NORMALISASI % KERUSAKAN GEDUNG'!AC117,'NORMALISASI % KERUSAKAN GEDUNG'!AC227) -> 0.57235712 | I3: =GEOMEAN('NORMALISASI % KERUSAKAN GEDUNG'!AD7,'NORMALISASI % KERUSAKAN GEDUNG'!AD117,'NORMALISASI % KERUSAKAN GEDUNG'!AD227) -> 0.58480355 | J3: =GEOMEAN('NORMALISASI % KERUSAKAN GEDUNG'!AE7,'NORMALISASI % KERUSAKAN GEDUNG'!AE117,'NORMALISASI % KERUSAKAN GEDUNG'!AE227) -> 0.7368063 | K3: =GEOMEAN('NORMALISASI % KERUSAKAN GEDUNG'!AF7,'NORMALISASI % KERUSAKAN GEDUNG'!AF117,'NORMALISASI % KERUSAKAN GEDUNG'!AF227) -> 0.34668064 | ... P3: =GEOMEAN('NORMALISASI % KERUSAKAN GEDUNG'!AK7,'NORMALISASI % KERUSAKAN GEDUNG'!AK117,'NORMALISASI % KERUSAKAN GEDUNG'!AK227) -> 3.9148676
A4: SDN-1 SAKA MANGKAHAI | B4: =1/D2 -> 0.96149971 | C4: =1/D3 -> 1.259921 | D4: 1 | E4: =GEOMEAN('NORMALISASI % KERUSAKAN GEDUNG'!Z8,'NORMALISASI % KERUSAKAN GEDUNG'!Z118,'NORMALISASI % KERUSAKAN GEDUNG'!Z228) -> 4.3088694 | F4: =GEOMEAN('NORMALISASI % KERUSAKAN GEDUNG'!AA8,'NORMALISASI % KERUSAKAN GEDUNG'!AA118,'NORMALISASI % KERUSAKAN GEDUNG'!AA228) -> 5.6462162 | G4: =GEOMEAN('NORMALISASI % KERUSAKAN GEDUNG'!AB8,'NORMALISASI % KERUSAKAN GEDUNG'!AB118,'NORMALISASI % KERUSAKAN GEDUNG'!AB228) -> 4.3267487 | H4: =GEOMEAN('NORMALISASI % KERUSAKAN GEDUNG'!AC8,'NORMALISASI % KERUSAKAN GEDUNG'!AC118,'NORMALISASI % KERUSAKAN GEDUNG'!AC228) -> 0.33333333 | I4: =GEOMEAN('NORMALISASI % KERUSAKAN GEDUNG'!AD8,'NORMALISASI % KERUSAKAN GEDUNG'!AD118,'NORMALISASI % KERUSAKAN GEDUNG'!AD228) -> 2.0800838 | J4: =GEOMEAN('NORMALISASI % KERUSAKAN GEDUNG'!AE8,'NORMALISASI % KERUSAKAN GEDUNG'!AE118,'NORMALISASI % KERUSAKAN GEDUNG'!AE228) -> 3.3019272 | K4: =GEOMEAN('NORMALISASI % KERUSAKAN GEDUNG'!AF8,'NORMALISASI % KERUSAKAN GEDUNG'!AF118,'NORMALISASI % KERUSAKAN GEDUNG'!AF228) -> 0.79370053 | L4: =GEOMEAN('NORMALISASI % KERUSAKAN GEDUNG'!AG8,'NORMALISASI % KERUSAKAN GEDUNG'!AG118,'NORMALISASI % KERUSAKAN GEDUNG'!AG228) -> 1.259921 | ... P4: =GEOMEAN('NORMALISASI % KERUSAKAN GEDUNG'!AK8,'NORMALISASI % KERUSAKAN GEDUNG'!AK118,'NORMALISASI % KERUSAKAN GEDUNG'!AK228) -> 1.7380133
A5: SDN-2 SAKA MANGKAHAI | B5: =1/E2 -> 0.25543648 | C5: =1/E3 -> 0.24037493 | D5: =1/E4 -> 0.23207944 | E5: 1 | F5: =GEOMEAN('NORMALISASI % KERUSAKAN GEDUNG'!AA9,'NORMALISASI % KERUSAKAN GEDUNG'!AA119,'NORMALISASI % KERUSAKAN GEDUNG'!AA229) -> 4.1601676 | G5: =GEOMEAN('NORMALISASI % KERUSAKAN GEDUNG'!AB9,'NORMALISASI % KERUSAKAN GEDUNG'!AB119,'NORMALISASI % KERUSAKAN GEDUNG'!AB229) -> 2.0800838 | H5: =GEOMEAN('NORMALISASI % KERUSAKAN GEDUNG'!AC9,'NORMALISASI % KERUSAKAN GEDUNG'!AC119,'NORMALISASI % KERUSAKAN GEDUNG'!AC229) -> 0.21839512 | I5: =GEOMEAN('NORMALISASI % KERUSAKAN GEDUNG'!AD9,'NORMALISASI % KERUSAKAN GEDUNG'!AD119,'NORMALISASI % KERUSAKAN GEDUNG'!AD229) -> 0.25543648 | J5: =GEOMEAN('NORMALISASI % KERUSAKAN GEDUNG'!AE9,'NORMALISASI % KERUSAKAN GEDUNG'!AE119,'NORMALISASI % KERUSAKAN GEDUNG'!AE229) -> 0.29240177 | K5: =GEOMEAN('NORMALISASI % KERUSAKAN GEDUNG'!AF9,'NORMALISASI % KERUSAKAN GEDUNG'!AF119,'NORMALISASI % KERUSAKAN GEDUNG'!AF229) -> 0.25131581 | L5: =GEOMEAN('NORMALISASI % KERUSAKAN GEDUNG'!AG9,'NORMALISASI % KERUSAKAN GEDUNG'!AG119,'NORMALISASI % KERUSAKAN GEDUNG'!AG229) -> 0.22833557 | M5: =GEOMEAN('NORMALISASI % KERUSAKAN GEDUNG'!AH9,'NORMALISASI % KERUSAKAN GEDUNG'!AH119,'NORMALISASI % KERUSAKAN GEDUNG'!AH229) -> 0.79370053 | ... P5: =GEOMEAN('NORMALISASI % KERUSAKAN GEDUNG'!AK9,'NORMALISASI % KERUSAKAN GEDUNG'!AK119,'NORMALISASI % KERUSAKAN GEDUNG'!AK229) -> 0.40824829
A6: SDN-2 MANDOMAI | B6: =1/F2 -> 0.15831904 | C6: =1/F3 -> 0.19493452 | D6: =1/F4 -> 0.17710976 | E6: =1/F5 -> 0.24037493 | F6: 1 | G6: =GEOMEAN('NORMALISASI % KERUSAKAN GEDUNG'!AB10,'NORMALISASI % KERUSAKAN GEDUNG'!AB120,'NORMALISASI % KERUSAKAN GEDUNG'!AB230) -> 0.87358046 | H6: =GEOMEAN('NORMALISASI % KERUSAKAN GEDUNG'!AC10,'NORMALISASI % KERUSAKAN GEDUNG'!AC120,'NORMALISASI % KERUSAKAN GEDUNG'!AC230) -> 0.17710976 | I6: =GEOMEAN('NORMALISASI % KERUSAKAN GEDUNG'!AD10,'NORMALISASI % KERUSAKAN GEDUNG'!AD120,'NORMALISASI % KERUSAKAN GEDUNG'!AD230) -> 0.16441414 | J6: =GEOMEAN('NORMALISASI % KERUSAKAN GEDUNG'!AE10,'NORMALISASI % KERUSAKAN GEDUNG'!AE120,'NORMALISASI % KERUSAKAN GEDUNG'!AE230) -> 0.22314432 | K6: =GEOMEAN('NORMALISASI % KERUSAKAN GEDUNG'!AF10,'NORMALISASI % KERUSAKAN GEDUNG'!AF120,'NORMALISASI % KERUSAKAN GEDUNG'!AF230) -> 0.15471963 | L6: =GEOMEAN('NORMALISASI % KERUSAKAN GEDUNG'!AG10,'NORMALISASI % KERUSAKAN GEDUNG'!AG120,'NORMALISASI % KERUSAKAN GEDUNG'!AG230) -> 0.15831904 | M6: =GEOMEAN('NORMALISASI % KERUSAKAN GEDUNG'!AH10,'NORMALISASI % KERUSAKAN GEDUNG'!AH120,'NORMALISASI % KERUSAKAN GEDUNG'!AH230) -> 0.19078571 | N6: =GEOMEAN('NORMALISASI % KERUSAKAN GEDUNG'!AI10,'NORMALISASI % KERUSAKAN GEDUNG'!AI120,'NORMALISASI % KERUSAKAN GEDUNG'!AI230) -> 0.16666667 | ... P6: =GEOMEAN('NORMALISASI % KERUSAKAN GEDUNG'!AK10,'NORMALISASI % KERUSAKAN GEDUNG'!AK120,'NORMALISASI % KERUSAKAN GEDUNG'!AK230) -> 0.15471963
A7: SDN-3 MANDOMAI | B7: =1/G2 -> 0.17710976 | C7: =1/G3 -> 0.20998684 | D7: =1/G4 -> 0.23112042 | E7: =1/G5 -> 0.48074986 | F7: =1/G6 -> 1.1447142 | G7: 1 | H7: =GEOMEAN('NORMALISASI % KERUSAKAN GEDUNG'!AC11,'NORMALISASI % KERUSAKAN GEDUNG'!AC121,'NORMALISASI % KERUSAKAN GEDUNG'!AC231) -> 0.23112042 | I7: =GEOMEAN('NORMALISASI % KERUSAKAN GEDUNG'!AD11,'NORMALISASI % KERUSAKAN GEDUNG'!AD121,'NORMALISASI % KERUSAKAN GEDUNG'!AD231) -> 0.19493452 | J7: =GEOMEAN('NORMALISASI % KERUSAKAN GEDUNG'!AE11,'NORMALISASI % KERUSAKAN GEDUNG'!AE121,'NORMALISASI % KERUSAKAN GEDUNG'!AE231) -> 0.22314432 | K7: =GEOMEAN('NORMALISASI % KERUSAKAN GEDUNG'!AF11,'NORMALISASI % KERUSAKAN GEDUNG'!AF121,'NORMALISASI % KERUSAKAN GEDUNG'!AF231) -> 0.15831904 | L7: =GEOMEAN('NORMALISASI % KERUSAKAN GEDUNG'!AG11,'NORMALISASI % KERUSAKAN GEDUNG'!AG121,'NORMALISASI % KERUSAKAN GEDUNG'!AG231) -> 0.16666667 | M7: =GEOMEAN('NORMALISASI % KERUSAKAN GEDUNG'!AH11,'NORMALISASI % KERUSAKAN GEDUNG'!AH121,'NORMALISASI % KERUSAKAN GEDUNG'!AH231) -> 0.22314432 | N7: =GEOMEAN('NORMALISASI % KERUSAKAN GEDUNG'!AI11,'NORMALISASI % KERUSAKAN GEDUNG'!AI121,'NORMALISASI % KERUSAKAN GEDUNG'!AI231) -> 0.19078571 | O7: =GEOMEAN('NORMALISASI % KERUSAKAN GEDUNG'!AJ11,'NORMALISASI % KERUSAKAN GEDUNG'!AJ121,'NORMALISASI % KERUSAKAN GEDUNG'!AJ231) -> 0.15831904 | P7: =GEOMEAN('NORMALISASI % KERUSAKAN GEDUNG'!AK11,'NORMALISASI % KERUSAKAN GEDUNG'!AK121,'NORMALISASI % KERUSAKAN GEDUNG'!AK231) -> 0.19946949
A8: SDN-4 MANDOMAI | B8: =1/H2 -> 4.1601676 | C8: =1/H3 -> 1.7471609 | D8: =1/H4 -> 3 | E8: =1/H5 -> 4.578857 | F8: =1/H6 -> 5.6462162 | G8: =1/H7 -> 4.3267487 | H8: 1 | I8: =GEOMEAN('NORMALISASI % KERUSAKAN GEDUNG'!AD12,'NORMALISASI % KERUSAKAN GEDUNG'!AD122,'NORMALISASI % KERUSAKAN GEDUNG'!AD232) -> 1.3263524 | J8: =GEOMEAN('NORMALISASI % KERUSAKAN GEDUNG'!AE12,'NORMALISASI % KERUSAKAN GEDUNG'!AE122,'NORMALISASI % KERUSAKAN GEDUNG'!AE232) -> 1.6710993 | K8: =GEOMEAN('NORMALISASI % KERUSAKAN GEDUNG'!AF12,'NORMALISASI % KERUSAKAN GEDUNG'!AF122,'NORMALISASI % KERUSAKAN GEDUNG'!AF232) -> 0.48074986 | L8: =GEOMEAN('NORMALISASI % KERUSAKAN GEDUNG'!AG12,'NORMALISASI % KERUSAKAN GEDUNG'!AG122,'NORMALISASI % KERUSAKAN GEDUNG'!AG232) -> 1.1262479 | M8: =GEOMEAN('NORMALISASI % KERUSAKAN GEDUNG'!AH12,'NORMALISASI % KERUSAKAN GEDUNG'!AH122,'NORMALISASI % KERUSAKAN GEDUNG'!AH232) -> 3.9790572 | N8: =GEOMEAN('NORMALISASI % KERUSAKAN GEDUNG'!AI12,'NORMALISASI % KERUSAKAN GEDUNG'!AI122,'NORMALISASI % KERUSAKAN GEDUNG'!AI232) -> 1.1447142 | O8: =GEOMEAN('NORMALISASI % KERUSAKAN GEDUNG'!AJ12,'NORMALISASI % KERUSAKAN GEDUNG'!AJ122,'NORMALISASI % KERUSAKAN GEDUNG'!AJ232) -> 0.69336127 | P8: =GEOMEAN('NORMALISASI % KERUSAKAN GEDUNG'!AK12,'NORMALISASI % KERUSAKAN GEDUNG'!AK122,'NORMALISASI % KERUSAKAN GEDUNG'!AK232) -> 4.1601676
A9: SDN-1 PANTAI | B9: =1/I2 -> 4.9324241 | C9: =1/I3 -> 1.7099759 | D9: =1/I4 -> 0.48074986 | E9: =1/I5 -> 3.9148676 | F9: =1/I6 -> 6.082202 | G9: =1/I7 -> 5.1299278 | H9: =1/I8 -> 0.75394744 | I9: 1 | J9: =GEOMEAN('NORMALISASI % KERUSAKAN GEDUNG'!AE13,'NORMALISASI % KERUSAKAN GEDUNG'!AE123,'NORMALISASI % KERUSAKAN GEDUNG'!AE233) -> 1.259921 | K9: =GEOMEAN('NORMALISASI % KERUSAKAN GEDUNG'!AF13,'NORMALISASI % KERUSAKAN GEDUNG'!AF123,'NORMALISASI % KERUSAKAN GEDUNG'!AF233) -> 0.48074986 | L9: =GEOMEAN('NORMALISASI % KERUSAKAN GEDUNG'!AG13,'NORMALISASI % KERUSAKAN GEDUNG'!AG123,'NORMALISASI % KERUSAKAN GEDUNG'!AG233) -> 0.34668064 | M9: =GEOMEAN('NORMALISASI % KERUSAKAN GEDUNG'!AH13,'NORMALISASI % KERUSAKAN GEDUNG'!AH123,'NORMALISASI % KERUSAKAN GEDUNG'!AH233) -> 1.259921 | N9: =GEOMEAN('NORMALISASI % KERUSAKAN GEDUNG'!AI13,'NORMALISASI % KERUSAKAN GEDUNG'!AI123,'NORMALISASI % KERUSAKAN GEDUNG'!AI233) -> 0.29240177 | O9: =GEOMEAN('NORMALISASI % KERUSAKAN GEDUNG'!AJ13,'NORMALISASI % KERUSAKAN GEDUNG'!AJ123,'NORMALISASI % KERUSAKAN GEDUNG'!AJ233) -> 0.29240177 | P9: =GEOMEAN('NORMALISASI % KERUSAKAN GEDUNG'!AK13,'NORMALISASI % KERUSAKAN GEDUNG'!AK123,'NORMALISASI % KERUSAKAN GEDUNG'!AK233) -> 0.79370053
A10: SDN-2 PANTAI | B10: =1/J2 -> 2.0606426 | C10: =1/J3 -> 1.3572088 | D10: =1/J4 -> 0.30285343 | E10: =1/J5 -> 3.4199519 | F10: =1/J6 -> 4.4814047 | G10: =1/J7 -> 4.4814047 | H10: =1/J8 -> 0.59840848 | I10: =1/J9 -> 0.79370053 | J10: 1 | K10: =GEOMEAN('NORMALISASI % KERUSAKAN GEDUNG'!AF14,'NORMALISASI % KERUSAKAN GEDUNG'!AF124,'NORMALISASI % KERUSAKAN GEDUNG'!AF234) -> 0.92831777 | L10: =GEOMEAN('NORMALISASI % KERUSAKAN GEDUNG'!AG14,'NORMALISASI % KERUSAKAN GEDUNG'!AG124,'NORMALISASI % KERUSAKAN GEDUNG'!AG234) -> 0.2751606 | M10: =GEOMEAN('NORMALISASI % KERUSAKAN GEDUNG'!AH14,'NORMALISASI % KERUSAKAN GEDUNG'!AH124,'NORMALISASI % KERUSAKAN GEDUNG'!AH234) -> 2.5198421 | N10: =GEOMEAN('NORMALISASI % KERUSAKAN GEDUNG'!AI14,'NORMALISASI % KERUSAKAN GEDUNG'!AI124,'NORMALISASI % KERUSAKAN GEDUNG'!AI234) -> 0.43679023 | O10: =GEOMEAN('NORMALISASI % KERUSAKAN GEDUNG'!AJ14,'NORMALISASI % KERUSAKAN GEDUNG'!AJ124,'NORMALISASI % KERUSAKAN GEDUNG'!AJ234) -> 0.31498026 | P10: =GEOMEAN('NORMALISASI % KERUSAKAN GEDUNG'!AK14,'NORMALISASI % KERUSAKAN GEDUNG'!AK124,'NORMALISASI % KERUSAKAN GEDUNG'!AK234) -> 1.4422496
A11: SDN-1 BASUTA RAYA | B11: =1/K2 -> 4.1212853 | C11: =1/K3 -> 2.8844991 | D11: =1/K4 -> 1.259921 | E11: =1/K5 -> 3.9790572 | F11: =1/K6 -> 6.4633041 | G11: =1/K7 -> 6.3163596 | H11: =1/K8 -> 2.0800838 | I11: =1/K9 -> 2.0800838 | J11: =1/K10 -> 1.0772173 | K11: 1 | L11: =GEOMEAN('NORMALISASI % KERUSAKAN GEDUNG'!AG15,'NORMALISASI % KERUSAKAN GEDUNG'!AG125,'NORMALISASI % KERUSAKAN GEDUNG'!AG235) -> 0.74690079 | M11: =GEOMEAN('NORMALISASI % KERUSAKAN GEDUNG'!AH15,'NORMALISASI % KERUSAKAN GEDUNG'!AH125,'NORMALISASI % KERUSAKAN GEDUNG'!AH235) -> 3.036589 | N11: =GEOMEAN('NORMALISASI % KERUSAKAN GEDUNG'!AI15,'NORMALISASI % KERUSAKAN GEDUNG'!AI125,'NORMALISASI % KERUSAKAN GEDUNG'!AI235) -> 0.69336127 | O11: =GEOMEAN('NORMALISASI % KERUSAKAN GEDUNG'!AJ15,'NORMALISASI % KERUSAKAN GEDUNG'!AJ125,'NORMALISASI % KERUSAKAN GEDUNG'!AJ235) -> 0.72112479 | P11: =GEOMEAN('NORMALISASI % KERUSAKAN GEDUNG'!AK15,'NORMALISASI % KERUSAKAN GEDUNG'!AK125,'NORMALISASI % KERUSAKAN GEDUNG'!AK235) -> 1.9574338
A12: SDN-1 SEI PITUNG | B12: =1/L2 -> 4.3795191 | C12: =1/L3 -> 2.1544347 | D12: =1/L4 -> 0.79370053 | E12: =1/L5 -> 4.3795191 | F12: =1/L6 -> 6.3163596 | G12: =1/L7 -> 6 | H12: =1/L8 -> 0.887904 | I12: =1/L9 -> 2.8844991 | J12: =1/L10 -> 3.6342412 | K12: =1/L11 -> 1.3388659 | L12: 1 | M12: =GEOMEAN('NORMALISASI % KERUSAKAN GEDUNG'!AH16,'NORMALISASI % KERUSAKAN GEDUNG'!AH126,'NORMALISASI % KERUSAKAN GEDUNG'!AH236) -> 3.9148676 | N12: =GEOMEAN('NORMALISASI % KERUSAKAN GEDUNG'!AI16,'NORMALISASI % KERUSAKAN GEDUNG'!AI126,'NORMALISASI % KERUSAKAN GEDUNG'!AI236) -> 0.92831777 | O12: =GEOMEAN('NORMALISASI % KERUSAKAN GEDUNG'!AJ16,'NORMALISASI % KERUSAKAN GEDUNG'!AJ126,'NORMALISASI % KERUSAKAN GEDUNG'!AJ236) -> 0.21196797 | P12: =GEOMEAN('NORMALISASI % KERUSAKAN GEDUNG'!AK16,'NORMALISASI % KERUSAKAN GEDUNG'!AK126,'NORMALISASI % KERUSAKAN GEDUNG'!AK236) -> 2.4662121
A13: SDN-1 PENDA KATAPI | B13: =1/M2 -> 1.259921 | C13: =1/M3 -> 0.30285343 | D13: =1/M4 -> 0.2751606 | E13: =1/M5 -> 1.259921 | F13: =1/M6 -> 5.2414828 | G13: =1/M7 -> 4.4814047 | H13: =1/M8 -> 0.25131581 | I13: =1/M9 -> 0.79370053 | J13: =1/M10 -> 0.39685026 | K13: =1/M11 -> 0.32931688 | L13: =1/M12 -> 0.25543648 | M13: 1 | N13: =GEOMEAN('NORMALISASI % KERUSAKAN GEDUNG'!AI17,'NORMALISASI % KERUSAKAN GEDUNG'!AI127,'NORMALISASI % KERUSAKAN GEDUNG'!AI237) -> 0.21839512 | O13: =GEOMEAN('NORMALISASI % KERUSAKAN GEDUNG'!AJ17,'NORMALISASI % KERUSAKAN GEDUNG'!AJ127,'NORMALISASI % KERUSAKAN GEDUNG'!AJ237) -> 0.20274007 | P13: =GEOMEAN('NORMALISASI % KERUSAKAN GEDUNG'!AK17,'NORMALISASI % KERUSAKAN GEDUNG'!AK127,'NORMALISASI % KERUSAKAN GEDUNG'!AK237) -> 0.87358046
A14: SDN-1 SEI KAYU | B14: =1/N2 -> 4.3795191 | C14: =1/N3 -> 1.8820721 | D14: =1/N4 -> 0.87358046 | E14: =1/N5 -> 5.2414828 | F14: =1/N6 -> 6 | G14: =1/N7 -> 5.2414828 | H14: =1/N8 -> 0.87358046 | I14: =1/N9 -> 3.4199519 | J14: =1/N10 -> 2.2894285 | K14: =1/N11 -> 1.4422496 | L14: =1/N12 -> 1.0772173 | M14: =1/N13 -> 4.578857 | N14: 1 | O14: =GEOMEAN('NORMALISASI % KERUSAKAN GEDUNG'!AJ18,'NORMALISASI % KERUSAKAN GEDUNG'!AJ128,'NORMALISASI % KERUSAKAN GEDUNG'!AJ238) -> 0.43679023 | P14: =GEOMEAN('NORMALISASI % KERUSAKAN GEDUNG'!AK18,'NORMALISASI % KERUSAKAN GEDUNG'!AK128,'NORMALISASI % KERUSAKAN GEDUNG'!AK238) -> 2.7589242
A15: SDN-2 SEI KAYU | B15: =1/O2 -> 5.5178484 | C15: =1/O3 -> 1.9574338 | D15: =1/O4 -> 2.6207414 | E15: =1/O5 -> 5.3132928 | F15: =1/O6 -> 6.4633041 | G15: =1/O7 -> 6.3163596 | H15: =1/O8 -> 1.4422496 | I15: =1/O9 -> 3.4199519 | J15: =1/O10 -> 3.1748021 | K15: =1/O11 -> 1.3867225 | L15: =1/O12 -> 4.717694 | M15: =1/O13 -> 4.9324241 | N15: =1/O14 -> 2.2894285 | O15: 1 | P15: =GEOMEAN('NORMALISASI % KERUSAKAN GEDUNG'!AK19,'NORMALISASI % KERUSAKAN GEDUNG'!AK129,'NORMALISASI % KERUSAKAN GEDUNG'!AK239) -> 1.5182945
A16: SDN-1 SEI DUSUN | B16: =1/P2 -> 0.82207069 | C16: =1/P3 -> 0.25543648 | D16: =1/P4 -> 0.57536958 | E16: =1/P5 -> 2.4494897 | F16: =1/P6 -> 6.4633041 | G16: =1/P7 -> 5.0132979 | H16: =1/P8 -> 0.24037493 | I16: =1/P9 -> 1.259921 | J16: =1/P10 -> 0.69336127 | K16: =1/P11 -> 0.51087295 | L16: =1/P12 -> 0.40548013 | M16: =1/P13 -> 1.1447142 | N16: =1/P14 -> 0.36246012 | O16: =1/P15 -> 0.65863376 | P16: 1
A17: Total | B17: =SUM(B2:B16) -> 37.48769 | C17: =SUM(C2:C16) -> 17.459146 | D17: =SUM(D2:D16) -> 13.656129 | E17: =SUM(E2:E16) -> 48.641469 | F17: =SUM(F2:F16) -> 76.554963 | G17: =SUM(G2:G16) -> 65.995818 | H17: =SUM(H2:H16) -> 9.9005552 | I17: =SUM(I2:I16) -> 20.460574 | ... P17: =SUM(P2:P16) -> 24.602322
A20: PERSENTASE KERUSAKAN GEDUNG | B20: SDN-2 ANJIR KALAMPAN | C20: SDN-3 ANJIR KALAMPAN | D20: SDN-1 SAKA MANGKAHAI | E20: SDN-2 SAKA MANGKAHAI | F20: SDN-2 MANDOMAI | G20: SDN-3 MANDOMAI | H20: SDN-4 MANDOMAI | I20: SDN-1 PANTAI | J20: SDN-2 PANTAI | K20: SDN-1 BASUTA RAYA | L20: SDN-1 SEI PITUNG | M20: SDN-1 PENDA KATAPI | N20: SDN-1 SEI KAYU | O20: SDN-2 SEI KAYU | P20: SDN-1 SEI DUSUN | Q20: Prioritas
A21: SDN-2 ANJIR KALAMPAN | B21: =B2/$B$17 -> 0.026675423 | C21: =C2/$C$17 -> 0.017346406 | D21: =D2/$D$17 -> 0.07615935 | E21: =E2/$E$17 -> 0.080484158 | F21: =F2/$F$17 -> 0.082507513 | G21: =G2/$G$17 -> 0.085554151 | H21: =H2/$H$17 -> 0.024278934 | I21: =I2/$I$17 -> 0.0099088163 | J21: =J2/$J$17 -> 0.023719172 | K21: =K2/$K$17 -> 0.024645732 | L21: =L2/$L$17 -> 0.018330556 | M21: =M2/$M$17 -> 0.022482032 | N21: =N2/$N$17 -> 0.02325568 | O21: =O2/$O$17 -> 0.029676179 | P21: =P2/$P$17 -> 0.049444131 | Q21: =AVERAGE(B21:P21) -> 0.039631215
A22: SDN-3 ANJIR KALAMPAN | B22: =B3/$B$17 -> 0.088080306 | C22: =C3/$C$17 -> 0.05727657 | D22: =D3/$D$17 -> 0.058120462 | E22: =E3/$E$17 -> 0.08552718 | F22: =F3/$F$17 -> 0.067009736 | G22: =G3/$G$17 -> 0.072159165 | H22: =H3/$H$17 -> 0.057810609 | I22: =I3/$I$17 -> 0.028581972 | J22: =J3/$J$17 -> 0.036012689 | K22: =K3/$K$17 -> 0.035213079 | L22: =L3/$L$17 -> 0.03726222 | M22: =M3/$M$17 -> 0.093529022 | N22: =N3/$N$17 -> 0.054115194 | O22: =O3/$O$17 -> 0.083654759 | P22: =P3/$P$17 -> 0.15912594 | Q22: =AVERAGE(B22:P22) -> 0.06756526
A23: SDN-1 SAKA MANGKAHAI | B23: =B4/$B$17 -> 0.025648412 | C23: =C4/$C$17 -> 0.072163956 | D23: =D4/$D$17 -> 0.073227194 | E23: =E4/$E$17 -> 0.088584278 | F23: =F4/$F$17 -> 0.073753757 | G23: =G4/$G$17 -> 0.065560953 | H23: =H4/$H$17 -> 0.033668146 | I23: =I4/$I$17 -> 0.10166302 | J23: =J4/$J$17 -> 0.16138743 | K23: =K4/$K$17 -> 0.080617825 | L23: =L4/$L$17 -> 0.10114523 | M23: =M4/$M$17 -> 0.10294201 | N23: =N4/$N$17 -> 0.11658765 | O23: =O4/$O$17 -> 0.062481806 | P23: =P4/$P$17 -> 0.070644281 | Q23: =AVERAGE(B23:P23) -> 0.082005063
A24: SDN-2 SAKA MANGKAHAI | B24: =B5/$B$17 -> 0.0068138761 | C24: =C5/$C$17 -> 0.013767851 | D24: =D5/$D$17 -> 0.016994526 | E24: =E5/$E$17 -> 0.02055859 | F24: =F5/$F$17 -> 0.054342233 | G24: =G5/$G$17 -> 0.031518419 | H24: =H5/$H$17 -> 0.022058876 | I24: =I5/$I$17 -> 0.012484326 | J24: =J5/$J$17 -> 0.014291645 | K24: =K5/$K$17 -> 0.025526674 | L24: =L5/$L$17 -> 0.018330556 | M24: =M5/$M$17 -> 0.022482032 | N24: =N5/$N$17 -> 0.019431275 | O24: =O5/$O$17 -> 0.030818677 | P24: =P5/$P$17 -> 0.016593893 | Q24: =AVERAGE(B24:P24) -> 0.02173423
A25: SDN-2 MANDOMAI | B25: =B6/$B$17 -> 0.0042232274 | C25: =C6/$C$17 -> 0.01116518 | D25: =D6/$D$17 -> 0.012969251 | E25: =E6/$E$17 -> 0.0049417695 | F25: =F6/$F$17 -> 0.01306251 | G25: =G6/$G$17 -> 0.013236906 | H25: =H6/$H$17 -> 0.017888872 | I25: =I6/$I$17 -> 0.0080356563 | J25: =J6/$J$17 -> 0.010906566 | K25: =K6/$K$17 -> 0.015715197 | L25: =L6/$L$17 -> 0.012709698 | M25: =M6/$M$17 -> 0.0054041168 | N25: =N6/$N$17 -> 0.016974782 | O25: =O6/$O$17 -> 0.025335131 | P25: =P6/$P$17 -> 0.0062888223 | Q25: =AVERAGE(B25:P25) -> 0.011923846
A26: SDN-3 MANDOMAI | B26: =B7/$B$17 -> 0.0047244778 | C26: =C7/$C$17 -> 0.012027326 | D26: =D7/$D$17 -> 0.0169243 | E26: =E7/$E$17 -> 0.0098835391 | F26: =F7/$F$17 -> 0.014952842 | G26: =G7/$G$17 -> 0.015152475 | H26: =H7/$H$17 -> 0.023344188 | I26: =I7/$I$17 -> 0.009527324 | J26: =J7/$J$17 -> 0.010906566 | K26: =K7/$K$17 -> 0.016080797 | L26: =L7/$L$17 -> 0.013379837 | M26: =M7/$M$17 -> 0.0063206934 | N26: =N7/$N$17 -> 0.019431275 | O26: =O7/$O$17 -> 0.02592453 | P26: =P7/$P$17 -> 0.0081077509 | Q26: =AVERAGE(B26:P26) -> 0.013779195
A27: SDN-4 MANDOMAI | B27: =B8/$B$17 -> 0.11097423 | C27: =C8/$C$17 -> 0.10007139 | D27: =D8/$D$17 -> 0.21968158 | E27: =E8/$E$17 -> 0.094134842 | F27: =F8/$F$17 -> 0.073753757 | G27: =G8/$G$17 -> 0.065560953 | H27: =H8/$H$17 -> 0.10100444 | I27: =I8/$I$17 -> 0.06482479 | J27: =J8/$J$17 -> 0.081677883 | K27: =K8/$K$17 -> 0.04883077 | L27: =L8/$L$17 -> 0.090414076 | M27: =M8/$M$17 -> 0.11270912 | N27: =N8/$N$17 -> 0.11658765 | O27: =O8/$O$17 -> 0.11353698 | P27: =P8/$P$17 -> 0.16909655 | Q27: =AVERAGE(B27:P27) -> 0.1041906
A28: SDN-1 PANTAI | B28: =B9/$B$17 -> 0.1315745 | C28: =C9/$C$17 -> 0.097941557 | D28: =D9/$D$17 -> 0.035203963 | E28: =E9/$E$17 -> 0.080484158 | F28: =F9/$F$17 -> 0.079448827 | G28: =G9/$G$17 -> 0.077731104 | H28: =H9/$H$17 -> 0.076152036 | I28: =I9/$I$17 -> 0.048874485 | J28: =J9/$J$17 -> 0.061580831 | K28: =K9/$K$17 -> 0.04883077 | L28: =L9/$L$17 -> 0.027831182 | M28: =M9/$M$17 -> 0.035688001 | N28: =N9/$N$17 -> 0.029780739 | O28: =O9/$O$17 -> 0.047880397 | P28: =P9/$P$17 -> 0.032261204 | Q28: =AVERAGE(B28:P28) -> 0.060750917
A29: SDN-2 PANTAI | B29: =B10/$B$17 -> 0.054968514 | C29: =C10/$C$17 -> 0.077736265 | D29: =D10/$D$17 -> 0.022177107 | E29: =E10/$E$17 -> 0.070309388 | F29: =F10/$F$17 -> 0.058538396 | G29: =G10/$G$17 -> 0.067904374 | H29: =H10/$H$17 -> 0.060441911 | I29: =I10/$I$17 -> 0.038791704 | J29: =J10/$J$17 -> 0.048876738 | K29: =K10/$K$17 -> 0.09429118 | L29: =L10/$L$17 -> 0.022089624 | M29: =M10/$M$17 -> 0.071376002 | N29: =N10/$N$17 -> 0.044486515 | O29: =O10/$O$17 -> 0.051577594 | P29: =P10/$P$17 -> 0.058622499 | Q29: =AVERAGE(B29:P29) -> 0.056145854
A30: SDN-1 BASUTA RAYA | B30: =B11/$B$17 -> 0.10993703 | C30: =C11/$C$17 -> 0.16521422 | D30: =D11/$D$17 -> 0.092260483 | E30: =E11/$E$17 -> 0.081803805 | F30: =F11/$F$17 -> 0.084426977 | G30: =G11/$G$17 -> 0.095708482 | H30: =H11/$H$17 -> 0.21009769 | I30: =I11/$I$17 -> 0.10166302 | J30: =J11/$J$17 -> 0.05265087 | K30: =K11/$K$17 -> 0.1015721 | L30: =L11/$L$17 -> 0.059960464 | M30: =M11/$M$17 -> 0.08601316 | N30: =N11/$N$17 -> 0.070617941 | O30: =O11/$O$17 -> 0.11808321 | P30: =P11/$P$17 -> 0.079562972 | Q30: =AVERAGE(B30:P30) -> 0.10063816
A31: SDN-1 SEI PITUNG | B31: =B12/$B$17 -> 0.11682553 | C31: =C12/$C$17 -> 0.12339863 | D31: =D12/$D$17 -> 0.058120462 | E31: =E12/$E$17 -> 0.090036737 | F31: =F12/$F$17 -> 0.082507513 | G31: =G12/$G$17 -> 0.090914851 | H31: =H12/$H$17 -> 0.089682243 | I31: =I12/$I$17 -> 0.14097841 | J31: =J12/$J$17 -> 0.17762985 | K31: =K12/$K$17 -> 0.13599141 | L31: =L12/$L$17 -> 0.08027902 | M31: =M12/$M$17 -> 0.11089092 | N31: =N12/$N$17 -> 0.094547953 | O31: =O12/$O$17 -> 0.034709469 | P31: =P12/$P$17 -> 0.10024306 | Q31: =AVERAGE(B31:P31) -> 0.10178374
A32: SDN-1 PENDA KATAPI | B32: =B13/$B$17 -> 0.033608927 | C32: =C13/$C$17 -> 0.017346406 | D32: =D13/$D$17 -> 0.020149239 | E32: =E13/$E$17 -> 0.0259022 | F32: =F13/$F$17 -> 0.068466923 | G32: =G13/$G$17 -> 0.067904374 | H32: =H13/$H$17 -> 0.025384012 | I32: =I13/$I$17 -> 0.038791704 | J32: =J13/$J$17 -> 0.019396746 | K32: =K13/$K$17 -> 0.033449405 | L32: =L13/$L$17 -> 0.02050619 | M32: =M13/$M$17 -> 0.028325585 | N32: =N13/$N$17 -> 0.022243257 | O32: =O13/$O$17 -> 0.033198413 | P32: =P13/$P$17 -> 0.03550805 | Q32: =AVERAGE(B32:P32) -> 0.032678762
... A35: SDN-1 SEI DUSUN | B35: =B16/$B$17 -> 0.021929083 | C35: =C16/$C$17 -> 0.014630525 | D35: =D16/$D$17 -> 0.0421327 | E35: =E16/$E$17 -> 0.050358055 | F35: =F16/$F$17 -> 0.084426977 | G35: =G16/$G$17 -> 0.075963873 | H35: =H16/$H$17 -> 0.024278934 | I35: =I16/$I$17 -> 0.061577992 | J35: =J16/$J$17 -> 0.033889237 | K35: =K16/$K$17 -> 0.051890436 | L35: =L16/$L$17 -> 0.032551548 | M35: =M16/$M$17 -> 0.032424701 | N35: =N16/$N$17 -> 0.03691609 | O35: =O16/$O$17 -> 0.10785039 | P35: =P16/$P$17 -> 0.040646571 | Q35: =AVERAGE(B35:P35) -> 0.047431141
A36: Total | B36: =SUM(B21:B35) -> 1 | C36: =SUM(C21:C35) -> 1 | D36: =SUM(D21:D35) -> 1 | E36: =SUM(E21:E35) -> 1 | F36: =SUM(F21:F35) -> 1 | G36: =SUM(G21:G35) -> 1 | H36: =SUM(H21:H35) -> 1 | I36: =SUM(I21:I35) -> 1 | ... Q36: =SUM(Q21:Q35) -> 1
A39: Parameter | B39: Value | C39: Conclusion
A40: Max Eigen Value | B40: =MMULT(B17:P17,Q21:Q35) -> 16.641722 | C40: =IF(B44<=0.1,"Konsistensi Baik/Acceptable","Konsistensi Buruk") -> Konsistensi Baik/Acceptable
A41: Jumlah Kategori yang Ada | B41: 15
A42: CI | B42: =(B40-B41)/(B41-1) -> 0.11726585
A43: RI | B43: =INDEX(B49:P49, MATCH(B41, B48:P48, 0)) -> 1.59
A44: CR = CI/RI | B44: =B42/B43 -> 0.073752107
A47: Tabel Random Consistency Ratio (RI)
A48: Jumlah Kategori | B48: 1 | C48: 2 | D48: 3 | E48: 4 | F48: 5 | G48: 6 | H48: 7 | I48: 8 | J48: 9 | K48: 10 | L48: 11 | M48: 12 | N48: 13 | O48: 14 | P48: 15
A49: RI | B49: 0 | C49: 0 | D49: 0.58 | E49: 0.9 | F49: 1.12 | G49: 1.24 | H49: 1.32 | I49: 1.41 | J49: 1.45 | K49: 1.49 | L49: 1.51 | M49: 1.48 | N49: 1.56 | O49: 1.57 | P49: 1.59
A52: Squaring the Matrix: First Attempt
A53: PERSENTASE KERUSAKAN GEDUNG | B53: SDN-2 ANJIR KALAMPAN | C53: SDN-3 ANJIR KALAMPAN | D53: SDN-1 SAKA MANGKAHAI | E53: SDN-2 SAKA MANGKAHAI | F53: SDN-2 MANDOMAI | G53: SDN-3 MANDOMAI | H53: SDN-4 MANDOMAI | I53: SDN-1 PANTAI | J53: SDN-2 PANTAI | K53: SDN-1 BASUTA RAYA | L53: SDN-1 SEI PITUNG | M53: SDN-1 PENDA KATAPI | N53: SDN-1 SEI KAYU | O53: SDN-2 SEI KAYU | P53: SDN-1 SEI DUSUN | Q53: Total Baris | R53: Eigen Vector
A54: SDN-2 ANJIR KALAMPAN | B54: {=MMULT(B2:P16,B2:P16)} -> 15 | C54: 9.2267342 | D54: 8.6978916 | E54: 29.462662 | F54: 65.147796 | G54: 50.050063 | H54: 6.382835 | I54: 11.315724 | J54: 12.446826 | K54: 6.7034927 | L54: 7.1952603 | M54: 19.33674 | N54: 6.6407635 | O54: 5.1860221 | P54: 13.62525 | Q54: =SUM(B54:P54) -> 266.41806 | R54: =Q54/$Q$69 -> 0.036997452
A55: SDN-3 ANJIR KALAMPAN | B55: 32.855063 | C55: 15 | D55: 15.98687 | E55: 58.280663 | F55: 122.71862 | G55: 98.925413 | H55: 10.107648 | I55: 20.845801 | J55: 19.737281 | K55: 11.141545 | L55: 11.960411 | M55: 34.627256 | N55: 10.411405 | O55: 8.8819198 | P55: 27.525081 | Q55: =SUM(B55:P55) -> 499.00498 | R55: =Q55/$Q$69 -> 0.069296776
A56: SDN-1 SAKA MANGKAHAI | B56: 49.209985 | C56: 23.926443 | D56: 15 | E56: 67.562161 | F56: 128.74292 | G56: 106.87042 | H56: 13.755214 | I56: 26.606447 | J56: 26.575201 | K56: 15.076138 | L56: 13.187294 | M56: 46.37753 | N56: 12.216206 | O56: 9.0509256 | P56: 32.446839 | Q56: =SUM(B56:P56) -> 586.60372 | R56: =Q56/$Q$69 -> 0.081461606
A57: SDN-2 SAKA MANGKAHAI | B57: 10.571173 | C57: 5.6024602 | D57: 4.6157727 | E57: 15 | F57: 31.18197 | G57: 25.700967 | H57: 3.759457 | I57: 6.4190462 | J57: 6.4643517 | K57: 3.6161635 | L57: 3.9886704 | M57: 10.539049 | N57: 3.514321 | O57: 2.6680214 | P57: 7.6237391 | Q57: =SUM(B57:P57) -> 141.26516 | R57: =Q57/$Q$69 -> 0.01961748
A58: SDN-2 MANDOMAI | B58: 6.6365058 | C58: 3.2968282 | D58: 2.6224243 | E58: 8.9363972 | F58: 15 | G58: 12.854102 | H58: 1.9910554 | I58: 3.7110265 | J58: 3.8176903 | K58: 1.9348243 | L58: 2.3212506 | M58: 6.4474493 | N58: 1.9428196 | O58: 1.2885176 | P58: 4.589203 | Q58: =SUM(B58:P58) -> 77.390094 | R58: =Q58/$Q$69 -> 0.010747155
A59: SDN-3 MANDOMAI | B59: 7.4933044 | C59: 3.7467482 | D59: 3.0715794 | E59: 10.354841 | F59: 17.983686 | G59: 15 | H59: 2.2666068 | I59: 4.2564061 | J59: 4.4204678 | K59: 2.218994 | L59: 2.6512635 | M59: 7.4637083 | N59: 2.2476755 | O59: 1.5087735 | P59: 5.3321749 | Q59: =SUM(B59:P59) -> 90.01623 | R59: =Q59/$Q$69 -> 0.012500546
A60: SDN-4 MANDOMAI | B60: 53.975466 | C60: 25.772436 | D60: 23.725116 | E60: 91.717149 | F60: 172.34402 | G60: 141.0546 | H60: 15 | I60: 33.960298 | J60: 35.686088 | K60: 17.41207 | L60: 18.939826 | M60: 58.783306 | N60: 16.702801 | O60: 12.144664 | P60: 43.909224 | Q60: =SUM(B60:P60) -> 761.12707 | R60: =Q60/$Q$69 -> 0.10569765
A61: SDN-1 PANTAI | B61: 33.211077 | C61: 15.591201 | D61: 15.969424 | E61: 58.063129 | F61: 107.54288 | G61: 88.819108 | H61: 10.196672 | I61: 15 | J61: 17.093222 | K61: 9.513589 | L61: 9.8238232 | M61: 31.921957 | N61: 9.210068 | O61: 7.2714223 | P61: 27.780819 | Q61: =SUM(B61:P61) -> 457.00839 | R61: =Q61/$Q$69 -> 0.063464714
A62: SDN-2 PANTAI | B62: 30.717315 | C62: 14.600191 | D62: 12.744264 | E62: 46.50662 | F62: 93.138595 | G62: 76.377131 | H62: 9.7357604 | I62: 15.819324 | J62: 15 | K62: 9.0009124 | L62: 9.0971001 | M62: 29.308488 | N62: 8.2766568 | O62: 6.8851688 | P62: 23.714012 | Q62: =SUM(B62:P62) -> 400.92154 | R62: =Q62/$Q$69 -> 0.055675937
A63: SDN-1 BASUTA RAYA | B63: 58.991577 | C63: 26.545727 | D63: 25.240283 | E63: 86.820563 | F63: 155.98313 | G63: 129.60335 | H63: 16.450795 | I63: 28.095831 | J63: 29.705407 | K63: 15 | L63: 17.424181 | M63: 54.7566 | N63: 15.520895 | O63: 11.648215 | P63: 45.655331 | Q63: =SUM(B63:P63) -> 717.44188 | R63: =Q63/$Q$69 -> 0.099631089
A64: SDN-1 SEI PITUNG | B64: 62.940456 | C64: 29.434929 | D64: 22.074685 | E64: 92.769598 | F64: 171.81357 | G64: 144.54419 | H64: 17.615914 | I64: 29.855895 | J64: 30.252979 | K64: 17.514346 | L64: 15 | M64: 55.833831 | N64: 14.552625 | O64: 11.765354 | P64: 44.184072 | Q64: =SUM(B64:P64) -> 760.15245 | R64: =Q64/$Q$69 -> 0.1055623
A65: SDN-1 PENDA KATAPI | B65: 16.777113 | C65: 8.4657663 | D65: 7.4556368 | E65: 25.718172 | F65: 51.953461 | G65: 43.263964 | H65: 5.7506393 | I65: 9.2605196 | J65: 9.5272406 | K65: 5.380026 | L65: 5.6095358 | M65: 15 | N65: 5.1086769 | O65: 4.1448244 | P65: 11.595633 | Q65: =SUM(B65:P65) -> 225.01121 | R65: =Q65/$Q$69 -> 0.031247286
A66: SDN-1 SEI KAYU | B66: 65.359924 | C66: 29.630266 | D66: 22.908748 | E66: 93.706805 | F66: 178.82916 | G66: 148.3642 | H66: 17.935904 | I66: 31.679765 | J66: 31.370455 | K66: 17.523152 | L66: 16.374585 | M66: 55.960688 | N66: 15 | O66: 12.047391 | P66: 43.638807 | Q66: =SUM(B66:P66) -> 780.32985 | R66: =Q66/$Q$69 -> 0.10836434
... A68: SDN-1 SEI DUSUN | B68: 24.766037 | C68: 12.56693 | D68: 9.9403682 | E68: 34.677408 | F68: 69.029548 | G68: 56.575705 | H68: 8.1964428 | I68: 14.200379 | J68: 14.539035 | K68: 7.8966216 | L68: 9.3302227 | M68: 22.510381 | N68: 7.6429394 | O68: 5.6692191 | P68: 15 | Q68: =SUM(B68:P68) -> 312.54124 | R68: =Q68/$Q$69 -> 0.043402573
A69: Total | Q69: =SUM(Q54:Q68) -> 7200.984 | R69: =SUM(R54:R68) -> 1
A72: Squaring the Matrix: Second Attempt
A73: PERSENTASE KERUSAKAN GEDUNG | B73: SDN-2 ANJIR KALAMPAN | C73: SDN-3 ANJIR KALAMPAN | D73: SDN-1 SAKA MANGKAHAI | E73: SDN-2 SAKA MANGKAHAI | F73: SDN-2 MANDOMAI | G73: SDN-3 MANDOMAI | H73: SDN-4 MANDOMAI | I73: SDN-1 PANTAI | J73: SDN-2 PANTAI | K73: SDN-1 BASUTA RAYA | L73: SDN-1 SEI PITUNG | M73: SDN-1 PENDA KATAPI | N73: SDN-1 SEI KAYU | O73: SDN-2 SEI KAYU | P73: SDN-1 SEI DUSUN | Q73: Total Baris | R73: Eigen Vector
A74: SDN-2 ANJIR KALAMPAN | B74: {=MMULT(B54:P68,B54:P68)} -> 5623.8719 | C74: 2733.8 | D74: 2290.8247 | E74: 8473.8359 | F74: 16125.989 | G74: 13322.519 | H74: 1704.1872 | I74: 3080.6694 | J74: 3172.0551 | K74: 1706.1888 | L74: 1790.1255 | M74: 5422.3946 | N74: 1595.077 | O74: 1199.9526 | P74: 4098.5298 | Q74: =SUM(B74:P74) -> 72340.021 | R74: =Q74/$Q$89 -> 0.037679394
A75: SDN-3 ANJIR KALAMPAN | B75: 10001.206 | C75: 4888.0737 | D75: 4093.1666 | E75: 15071.407 | F75: 28724.471 | G75: 23711.623 | H75: 3053.8462 | I75: 5508.9304 | J75: 5682.4823 | K75: 3055.0892 | L75: 3219.1704 | M75: 9677.2546 | N75: 2864.6173 | O75: 2150.1404 | P75: 7285.4347 | Q75: =SUM(B75:P75) -> 128986.91 | R75: =Q75/$Q$89 -> 0.067184784
A76: SDN-1 SAKA MANGKAHAI | B76: 12049.792 | C76: 5897.6463 | D76: 5021.894 | E76: 18389.456 | F76: 35302.952 | G76: 29066.662 | H76: 3710.6788 | I76: 6680.0023 | J76: 6889.1042 | K76: 3710.8774 | L76: 3923.5025 | M76: 11738.717 | N76: 3494.5898 | O76: 2644.2382 | P76: 8878.6872 | Q76: =SUM(B76:P76) -> 157398.8 | R76: =Q76/$Q$89 -> 0.081983544
A77: SDN-2 SAKA MANGKAHAI | B77: 3060.482 | C77: 1491.2058 | D77: 1257.0896 | E77: 4647.2359 | F77: 8882.4976 | G77: 7324.5926 | H77: 932.01943 | I77: 1685.5498 | J77: 1737.3166 | K77: 935.17037 | L77: 980.71516 | M77: 2966.099 | N77: 874.90757 | O77: 660.48866 | P77: 2242.986 | Q77: =SUM(B77:P77) -> 39678.356 | R77: =Q77/$Q$89 -> 0.020667072
A78: SDN-2 MANDOMAI | B78: 1709.0031 | C78: 834.52287 | D78: 705.81487 | E78: 2606.2439 | F78: 5007.5982 | G78: 4124.0527 | H78: 523.85989 | I78: 943.11765 | J78: 971.39061 | K78: 525.0476 | L78: 549.65457 | M78: 1658.6424 | N78: 491.02782 | O78: 372.77137 | P78: 1255.4199 | Q78: =SUM(B78:P78) -> 22278.167 | R78: =Q78/$Q$89 -> 0.01160392
A79: SDN-3 MANDOMAI | B79: 1975.3473 | C79: 964.46737 | D79: 814.76704 | E79: 3008.7249 | F79: 5777.3273 | G79: 4759.1478 | H79: 605.17872 | I79: 1089.611 | J79: 1122.1729 | K79: 606.42952 | L79: 634.98654 | M79: 1915.9432 | N79: 567.09046 | O79: 430.19883 | P79: 1449.5752 | Q79: =SUM(B79:P79) -> 25720.968 | R79: =Q79/$Q$89 -> 0.013397155
A80: SDN-4 MANDOMAI | B80: 15588.002 | C80: 7619.9605 | D80: 6414.9822 | E80: 23589.496 | F80: 45151.746 | G80: 37236.357 | H80: 4780.4927 | I80: 8584.1005 | J80: 8843.0064 | K80: 4772.9107 | L80: 5023.1353 | M80: 15088.05 | N80: 4475.4668 | O80: 3379.5923 | P80: 11391.511 | Q80: =SUM(B80:P80) -> 201938.81 | R80: =Q80/$Q$89 -> 0.10518288
A81: SDN-1 PANTAI | B81: 9071.8366 | C81: 4448.1175 | D81: 3722.0786 | E81: 13686.82 | F81: 26207.737 | G81: 21605.788 | H81: 2784.0069 | I81: 5043.5737 | J81: 5192.9337 | K81: 2793.6311 | L81: 2949.1176 | M81: 8813.8681 | N81: 2620.5327 | O81: 1969.5721 | P81: 6606.7803 | Q81: =SUM(B81:P81) -> 117516.39 | R81: =Q81/$Q$89 -> 0.061210191
A82: SDN-2 PANTAI | B82: 8151.2595 | C82: 3990.9866 | D82: 3359.2744 | E82: 12354.874 | F82: 23643.62 | G82: 19487.772 | H82: 2498.3998 | I82: 4523.8023 | J82: 4665.495 | K82: 2507.3348 | L82: 2646.299 | M82: 7925.5301 | N82: 2353.9063 | O82: 1770.9803 | P82: 5960.6796 | Q82: =SUM(B82:P82) -> 105840.21 | R82: =Q82/$Q$89 -> 0.055128475
A83: SDN-1 BASUTA RAYA | B83: 14829.591 | C83: 7269.9173 | D83: 6107.0951 | E83: 22489.987 | F83: 43174.292 | G83: 35564.162 | H83: 4559.0688 | I83: 8233.9349 | J83: 8482.1319 | K83: 4573.8901 | L83: 4812.1041 | M83: 14413.687 | N83: 4284.8722 | O83: 3234.1585 | P83: 10834.517 | Q83: =SUM(B83:P83) -> 192863.41 | R83: =Q83/$Q$89 -> 0.10045582
A84: SDN-1 SEI PITUNG | B84: 15171.469 | C84: 7443.605 | D84: 6302.7843 | E84: 23075.974 | F84: 44295.564 | G84: 36470.664 | H84: 4676.8084 | I84: 8452.6402 | J84: 8715.538 | K84: 4687.7724 | L84: 4964.855 | M84: 14802.006 | N84: 4414.2663 | O84: 3328.1604 | P84: 11139.27 | Q84: =SUM(B84:P84) -> 197941.38 | R84: =Q84/$Q$89 -> 0.10310076
A85: SDN-1 PENDA KATAPI | B85: 4692.5147 | C85: 2291.1004 | D85: 1927.3238 | E85: 7112.1938 | F85: 13588.648 | G85: 11204.504 | H85: 1431.2371 | I85: 2594.4866 | J85: 2674.415 | K85: 1437.4546 | L85: 1511.5745 | M85: 4558.0445 | N85: 1346.6375 | O85: 1013.5827 | P85: 3436.7133 | Q85: =SUM(B85:P85) -> 60820.43 | R85: =Q85/$Q$89 -> 0.031679241
A86: SDN-1 SEI KAYU | B86: 15584.685 | C86: 7645.5905 | D86: 6470.5338 | E86: 23711.216 | F86: 45495.364 | G86: 37460.935 | H86: 4801.8558 | I86: 8674.2746 | J86: 8946.0359 | K86: 4813.345 | L86: 5091.3029 | M86: 15204.93 | N86: 4529.6094 | O86: 3415.4678 | P86: 11447.793 | Q86: =SUM(B86:P86) -> 203292.94 | R86: =Q86/$Q$89 -> 0.1058882
... A88: SDN-1 SEI DUSUN | B88: 6733.3174 | C88: 3282.9407 | D88: 2771.3441 | E88: 10241.985 | F88: 19592.577 | G88: 16150.799 | H88: 2053.3574 | I88: 3710.9094 | J88: 3824.6467 | K88: 2060.3774 | L88: 2158.5854 | M88: 6535.9026 | N88: 1927.6223 | O88: 1456.9652 | P88: 4946.8055 | Q88: =SUM(B88:P88) -> 87448.136 | R88: =Q88/$Q$89 -> 0.045548684
A89: Total | Q89: =SUM(Q74:Q88) -> 1919882.8 | R89: =SUM(R74:R88) -> 1
A91: First EV - Second EV
A92: PERSENTASE KERUSAKAN GEDUNG | B92: Value | D92: Pertimbangan
A93: SDN-2 ANJIR KALAMPAN | B93: =R54-R74 -> -0.00068194186 | D93: Karena semua nilai First EV - Second EV seluruhnya sudah cukup kecil (mendekati 0), maka kita bisa gunakan EV terakhir sebagai bobot prioritas
A94: SDN-3 ANJIR KALAMPAN | B94: =R55-R75 -> 0.0021119928
A95: SDN-1 SAKA MANGKAHAI | B95: =R56-R76 -> -0.00052193813
A96: SDN-2 SAKA MANGKAHAI | B96: =R57-R77 -> -0.0010495914
A97: SDN-2 MANDOMAI | B97: =R58-R78 -> -0.00085676509
A98: SDN-3 MANDOMAI | B98: =R59-R79 -> -0.00089660942
A99: SDN-4 MANDOMAI | B99: =R60-R80 -> 0.0005147646
A100: SDN-1 PANTAI | B100: =R61-R81 -> 0.0022545232
A101: SDN-2 PANTAI | B101: =R62-R82 -> 0.00054746265
A102: SDN-1 BASUTA RAYA | B102: =R63-R83 -> -0.00082473375
A103: SDN-1 SEI PITUNG | B103: =R64-R84 -> 0.0024615427
A104: SDN-1 PENDA KATAPI | B104: =R65-R85 -> -0.00043195444
A105: SDN-1 SEI KAYU | B105: =R66-R86 -> 0.0024761352
... A107: SDN-1 SEI DUSUN | B107: =R68-R88 -> -0.0021461104
A109: PERSENTASE KERUSAKAN GEDUNG | B109: Rank | C109: Priority
A110: SDN-2 ANJIR KALAMPAN | B110: =_xlfn.RANK.EQ(C110,$C$110:$C$124,0) -> 11 | C110: =R74 -> 0.037679394
A111: SDN-3 ANJIR KALAMPAN | B111: =_xlfn.RANK.EQ(C111,$C$110:$C$124,0) -> 7 | C111: =R75 -> 0.067184784
A112: SDN-1 SAKA MANGKAHAI | B112: =_xlfn.RANK.EQ(C112,$C$110:$C$124,0) -> 6 | C112: =R76 -> 0.081983544
A113: SDN-2 SAKA MANGKAHAI | B113: =_xlfn.RANK.EQ(C113,$C$110:$C$124,0) -> 13 | C113: =R77 -> 0.020667072
A114: SDN-2 MANDOMAI | B114: =_xlfn.RANK.EQ(C114,$C$110:$C$124,0) -> 15 | C114: =R78 -> 0.01160392
A115: SDN-3 MANDOMAI | B115: =_xlfn.RANK.EQ(C115,$C$110:$C$124,0) -> 14 | C115: =R79 -> 0.013397155
A116: SDN-4 MANDOMAI | B116: =_xlfn.RANK.EQ(C116,$C$110:$C$124,0) -> 3 | C116: =R80 -> 0.10518288
A117: SDN-1 PANTAI | B117: =_xlfn.RANK.EQ(C117,$C$110:$C$124,0) -> 8 | C117: =R81 -> 0.061210191
...

Sheet NORMALISASI LOKASI GEDUNG
B1: LOKASI GEDUNG
B2: PENGAWAS SEKOLAH DASAR KAPUAS BARAT (JHON)
B3: SEKOLAH UTAMA | C3: KRITERIA NILAI | T3: SEKOLAH PEMBANDING
C4: 9 | D4: 8 | E4: 7 | F4: 6 | G4: 5 | H4: 4 | I4: 3 | J4: 2 | K4: 1 | L4: 2 | M4: 3 | N4: 4 | O4: 5 | P4: 6 | Q4: 7 | R4: 8 | S4: 9
B5: SDN-2 ANJIR KALAMPAN | C5: 9 | D5: 8 | E5: 7 | F5: 6 | G5: 5 | H5: 4 | I5: 3 | J5: 2 | K5: 1 | L5: 2 | M5: 3 | N5: 4 | O5: 5 | P5: 6 | Q5: 7 | R5: 8 | S5: 9 | T5: SDN-3 ANJIR KALAMPAN | V5: LOKASI GEDUNG | W5: SDN-2 ANJIR KALAMPAN | X5: SDN-3 ANJIR KALAMPAN | Y5: SDN-1 SAKA MANGKAHAI | Z5: SDN-2 SAKA MANGKAHAI | AA5: SDN-2 MANDOMAI | AB5: SDN-3 MANDOMAI | AC5: SDN-4 MANDOMAI | AD5: SDN-1 PANTAI | AE5: SDN-2 PANTAI | AF5: SDN-1 BASUTA RAYA | AG5: SDN-1 SEI PITUNG | AH5: SDN-1 PENDA KATAPI | AI5: SDN-1 SEI KAYU | AJ5: SDN-2 SEI KAYU | AK5: SDN-1 SEI DUSUN
B6: SDN-2 ANJIR KALAMPAN | C6: 9 | D6: 8 | E6: 7 | F6: 6 | G6: 5 | H6: 4 | I6: 3 | J6: 2 | K6: 1 | L6: 2 | M6: 3 | N6: 4 | O6: 5 | P6: 6 | Q6: 7 | R6: 8 | S6: 9 | T6: SDN-1 SAKA MANGKAHAI | V6: SDN-2 ANJIR KALAMPAN | W6: 1 | X6: 1 | Y6: =1/3 -> 0.33333333 | Z6: =1/2 -> 0.5 | AA6: =1/3 -> 0.33333333 | AB6: =1/3 -> 0.33333333 | AC6: =1/5 -> 0.2 | AD6: =1/5 -> 0.2 | AE6: =1/5 -> 0.2 | AF6: =1/6 -> 0.16666667 | AG6: =1/4 -> 0.25 | AH6: =1/5 -> 0.2 | AI6: =1/4 -> 0.25 | AJ6: =1/4 -> 0.25 | AK6: =1/3 -> 0.33333333
B7: SDN-2 ANJIR KALAMPAN | C7: 9 | D7: 8 | E7: 7 | F7: 6 | G7: 5 | H7: 4 | I7: 3 | J7: 2 | K7: 1 | L7: 2 | M7: 3 | N7: 4 | O7: 5 | P7: 6 | Q7: 7 | R7: 8 | S7: 9 | T7: SDN-2 SAKA MANGKAHAI | V7: SDN-3 ANJIR KALAMPAN | W7: =1/X6 -> 1 | X7: 1 | Y7: 4 | Z7: 5 | AA7: 5 | AB7: 5 | AC7: 3 | AD7: 4 | AE7: 4 | AF7: =1/3 -> 0.33333333 | AG7: =1/2 -> 0.5 | AH7: =1/2 -> 0.5 | AI7: 2 | AJ7: 3 | AK7: =1/3 -> 0.33333333
B8: SDN-2 ANJIR KALAMPAN | C8: 9 | D8: 8 | E8: 7 | F8: 6 | G8: 5 | H8: 4 | I8: 3 | J8: 2 | K8: 1 | L8: 2 | M8: 3 | N8: 4 | O8: 5 | P8: 6 | Q8: 7 | R8: 8 | S8: 9 | T8: SDN-2 MANDOMAI | V8: SDN-1 SAKA MANGKAHAI | W8: =1/Y6 -> 3 | X8: =1/Y7 -> 0.25 | Y8: 1 | Z8: 2 | AA8: 4 | AB8: 4 | AC8: =1/3 -> 0.33333333 | AD8: =1/3 -> 0.33333333 | AE8: =1/3 -> 0.33333333 | AF8: =1/5 -> 0.2 | AG8: =1/4 -> 0.25 | AH8: =1/4 -> 0.25 | AI8: =1/3 -> 0.33333333 | AJ8: =1/3 -> 0.33333333 | AK8: =1/4 -> 0.25
B9: SDN-2 ANJIR KALAMPAN | C9: 9 | D9: 8 | E9: 7 | F9: 6 | G9: 5 | H9: 4 | I9: 3 | J9: 2 | K9: 1 | L9: 2 | M9: 3 | N9: 4 | O9: 5 | P9: 6 | Q9: 7 | R9: 8 | S9: 9 | T9: SDN-3 MANDOMAI | V9: SDN-2 SAKA MANGKAHAI | W9: =1/Z6 -> 2 | X9: =1/Z7 -> 0.2 | Y9: =1/Z8 -> 0.5 | Z9: 1 | AA9: 2 | AB9: 2 | AC9: =1/4 -> 0.25 | AD9: =1/4 -> 0.25 | AE9: =1/4 -> 0.25 | AF9: =1/6 -> 0.16666667 | AG9: =1/5 -> 0.2 | AH9: =1/6 -> 0.16666667 | AI9: =1/5 -> 0.2 | AJ9: =1/5 -> 0.2 | AK9: =1/5 -> 0.2
B10: SDN-2 ANJIR KALAMPAN | C10: 9 | D10: 8 | E10: 7 | F10: 6 | G10: 5 | H10: 4 | I10: 3 | J10: 2 | K10: 1 | L10: 2 | M10: 3 | N10: 4 | O10: 5 | P10: 6 | Q10: 7 | R10: 8 | S10: 9 | T10: SDN-4 MANDOMAI | V10: SDN-2 MANDOMAI | W10: =1/AA6 -> 3 | X10: =1/AA7 -> 0.2 | Y10: =1/AA8 -> 0.25 | Z10: =1/AA9 -> 0.5 | AA10: 1 | AB10: 1 | AC10: =1/5 -> 0.2 | AD10: =1/5 -> 0.2 | AE10: =1/5 -> 0.2 | AF10: =1/7 -> 0.14285714 | AG10: =1/5 -> 0.2 | AH10: =1/6 -> 0.16666667 | AI10: =1/6 -> 0.16666667 | AJ10: =1/6 -> 0.16666667 | AK10: =1/6 -> 0.16666667
B11: SDN-2 ANJIR KALAMPAN | C11: 9 | D11: 8 | E11: 7 | F11: 6 | G11: 5 | H11: 4 | I11: 3 | J11: 2 | K11: 1 | L11: 2 | M11: 3 | N11: 4 | O11: 5 | P11: 6 | Q11: 7 | R11: 8 | S11: 9 | T11: SDN-1 PANTAI | V11: SDN-3 MANDOMAI | W11: =1/AB6 -> 3 | X11: =1/AB7 -> 0.2 | Y11: =1/AB8 -> 0.25 | Z11: =1/AB9 -> 0.5 | AA11: =1/AB10 -> 1 | AB11: 1 | AC11: =1/5 -> 0.2 | AD11: =1/5 -> 0.2 | AE11: =1/5 -> 0.2 | AF11: =1/7 -> 0.14285714 | AG11: =1/5 -> 0.2 | AH11: =1/6 -> 0.16666667 | AI11: =1/6 -> 0.16666667 | AJ11: =1/6 -> 0.16666667 | AK11: =1/6 -> 0.16666667
B12: SDN-2 ANJIR KALAMPAN | C12: 9 | D12: 8 | E12: 7 | F12: 6 | G12: 5 | H12: 4 | I12: 3 | J12: 2 | K12: 1 | L12: 2 | M12: 3 | N12: 4 | O12: 5 | P12: 6 | Q12: 7 | R12: 8 | S12: 9 | T12: SDN-2 PANTAI | V12: SDN-4 MANDOMAI | W12: =1/AC6 -> 5 | X12: =1/AC7 -> 0.33333333 | Y12: =1/AC8 -> 3 | Z12: =1/AC9 -> 4 | AA12: =1/AC10 -> 5 | AB12: =1/AC11 -> 5 | AC12: 1 | AD12: 1 | AE12: 1 | AF12: =1/3 -> 0.33333333 | AG12: =1/3 -> 0.33333333 | AH12: =1/3 -> 0.33333333 | AI12: =1/2 -> 0.5 | AJ12: =1/2 -> 0.5 | AK12: =1/3 -> 0.33333333
B13: SDN-2 ANJIR KALAMPAN | C13: 9 | D13: 8 | E13: 7 | F13: 6 | G13: 5 | H13: 4 | I13: 3 | J13: 2 | K13: 1 | L13: 2 | M13: 3 | N13: 4 | O13: 5 | P13: 6 | Q13: 7 | R13: 8 | S13: 9 | T13: SDN-1 BASUTA RAYA | V13: SDN-1 PANTAI | W13: =1/AD6 -> 5 | X13: =1/AD7 -> 0.25 | Y13: =1/AD8 -> 3 | Z13: =1/AD9 -> 4 | AA13: =1/AD10 -> 5 | AB13: =1/AD11 -> 5 | AC13: =1/AD12 -> 1 | AD13: 1 | AE13: 1 | AF13: =1/3 -> 0.33333333 | AG13: =1/3 -> 0.33333333 | AH13: =1/3 -> 0.33333333 | AI13: =1/2 -> 0.5 | AJ13: =1/2 -> 0.5 | AK13: =1/3 -> 0.33333333
B14: SDN-2 ANJIR KALAMPAN | C14: 9 | D14: 8 | E14: 7 | F14: 6 | G14: 5 | H14: 4 | I14: 3 | J14: 2 | K14: 1 | L14: 2 | M14: 3 | N14: 4 | O14: 5 | P14: 6 | Q14: 7 | R14: 8 | S14: 9 | T14: SDN-1 SEI PITUNG | V14: SDN-2 PANTAI | W14: =1/AE6 -> 5 | X14: =1/AE7 -> 0.25 | Y14: =1/AE8 -> 3 | Z14: =1/AE9 -> 4 | AA14: =1/AE10 -> 5 | AB14: =1/AE11 -> 5 | AC14: =1/AE12 -> 1 | AD14: =1/AE13 -> 1 | AE14: 1 | AF14: =1/3 -> 0.33333333 | AG14: =1/3 -> 0.33333333 | AH14: =1/3 -> 0.33333333 | AI14: =1/2 -> 0.5 | AJ14: =1/2 -> 0.5 | AK14: =1/3 -> 0.33333333
B15: SDN-2 ANJIR KALAMPAN | C15: 9 | D15: 8 | E15: 7 | F15: 6 | G15: 5 | H15: 4 | I15: 3 | J15: 2 | K15: 1 | L15: 2 | M15: 3 | N15: 4 | O15: 5 | P15: 6 | Q15: 7 | R15: 8 | S15: 9 | T15: SDN-1 PENDA KATAPI | V15: SDN-1 BASUTA RAYA | W15: =1/AF6 -> 6 | X15: =1/AF7 -> 3 | Y15: =1/AF8 -> 5 | Z15: =1/AF9 -> 6 | AA15: =1/AF10 -> 7 | AB15: =1/AF11 -> 7 | AC15: =1/AF12 -> 3 | AD15: =1/AF13 -> 3 | AE15: =1/AF14 -> 3 | AF15: 1 | AG15: 1 | AH15: 1 | AI15: 2 | AJ15: 2 | AK15: 3
B16: SDN-2 ANJIR KALAMPAN | C16: 9 | D16: 8 | E16: 7 | F16: 6 | G16: 5 | H16: 4 | I16: 3 | J16: 2 | K16: 1 | L16: 2 | M16: 3 | N16: 4 | O16: 5 | P16: 6 | Q16: 7 | R16: 8 | S16: 9 | T16: SDN-1 SEI KAYU | V16: SDN-1 SEI PITUNG | W16: =1/AG6 -> 4 | X16: =1/AG7 -> 2 | Y16: =1/AG8 -> 4 | Z16: =1/AG9 -> 5 | AA16: =1/AG10 -> 5 | AB16: =1/AG11 -> 5 | AC16: =1/AG12 -> 3 | AD16: =1/AG13 -> 3 | AE16: =1/AG14 -> 3 | AF16: =1/AG15 -> 1 | AG16: 1 | AH16: 1 | AI16: 2 | AJ16: 2 | AK16: 3
B17: SDN-2 ANJIR KALAMPAN | C17: 9 | D17: 8 | E17: 7 | F17: 6 | G17: 5 | H17: 4 | I17: 3 | J17: 2 | K17: 1 | L17: 2 | M17: 3 | N17: 4 | O17: 5 | P17: 6 | Q17: 7 | R17: 8 | S17: 9 | T17: SDN-2 SEI KAYU | V17: SDN-1 PENDA KATAPI | W17: =1/AH6 -> 5 | X17: =1/AH7 -> 2 | Y17: =1/AH8 -> 4 | Z17: =1/AH9 -> 6 | AA17: =1/AH10 -> 6 | AB17: =1/AH11 -> 6 | AC17: =1/AH12 -> 3 | AD17: =1/AH13 -> 3 | AE17: =1/AH14 -> 3 | AF17: =1/AH15 -> 1 | AG17: =1/AH16 -> 1 | AH17: 1 | AI17: 2 | AJ17: 2 | AK17: 3
B18: SDN-2 ANJIR KALAMPAN | C18: 9 | D18: 8 | E18: 7 | F18: 6 | G18: 5 | H18: 4 | I18: 3 | J18: 2 | K18: 1 | L18: 2 | M18: 3 | N18: 4 | O18: 5 | P18: 6 | Q18: 7 | R18: 8 | S18: 9 | T18: SDN-1 SEI DUSUN | V18: SDN-1 SEI KAYU | W18: =1/AI6 -> 4 | X18: =1/AI7 -> 0.5 | Y18: =1/AI8 -> 3 | Z18: =1/AI9 -> 5 | AA18: =1/AI10 -> 6 | AB18: =1/AI11 -> 6 | AC18: =1/AI12 -> 2 | AD18: =1/AI13 -> 2 | AE18: =1/AI14 -> 2 | AF18: =1/AI15 -> 0.5 | AG18: =1/AI16 -> 0.5 | AH18: =1/AI17 -> 0.5 | AI18: 1 | AJ18: 1 | AK18: 2
B19: SDN-3 ANJIR KALAMPAN | C19: 9 | D19: 8 | E19: 7 | F19: 6 | G19: 5 | H19: 4 | I19: 3 | J19: 2 | K19: 1 | L19: 2 | M19: 3 | N19: 4 | O19: 5 | P19: 6 | Q19: 7 | R19: 8 | S19: 9 | T19: SDN-1 SAKA MANGKAHAI | V19: SDN-2 SEI KAYU | W19: =1/AJ6 -> 4 | X19: =1/AJ7 -> 0.33333333 | Y19: =1/AJ8 -> 3 | Z19: =1/AJ9 -> 5 | AA19: =1/AJ10 -> 6 | AB19: =1/AJ11 -> 6 | AC19: =1/AJ12 -> 2 | AD19: =1/AJ13 -> 2 | AE19: =1/AJ14 -> 2 | AF19: =1/AJ15 -> 0.5 | AG19: =1/AJ16 -> 0.5 | AH19: =1/AJ17 -> 0.5 | AI19: =1/AJ18 -> 1 | AJ19: 1 | AK19: 2
B20: SDN-3 ANJIR KALAMPAN | C20: 9 | D20: 8 | E20: 7 | F20: 6 | G20: 5 | H20: 4 | I20: 3 | J20: 2 | K20: 1 | L20: 2 | M20: 3 | N20: 4 | O20: 5 | P20: 6 | Q20: 7 | R20: 8 | S20: 9 | T20: SDN-2 SAKA MANGKAHAI | V20: SDN-1 SEI DUSUN | W20: =1/AK6 -> 3 | X20: =1/AK7 -> 3 | Y20: =1/AK8 -> 4 | Z20: =1/AK9 -> 5 | AA20: =1/AK10 -> 6 | AB20: =1/AK11 -> 6 | AC20: =1/AK12 -> 3 | AD20: =1/AK13 -> 3 | AE20: =1/AK14 -> 3 | AF20: =1/AK15 -> 0.33333333 | AG20: =1/AK16 -> 0.33333333 | AH20: =1/AK17 -> 0.33333333 | AI20: =1/AK18 -> 0.5 | AJ20: =1/AK19 -> 0.5 | AK20: 1
B21: SDN-3 ANJIR KALAMPAN | C21: 9 | D21: 8 | E21: 7 | F21: 6 | G21: 5 | H21: 4 | I21: 3 | J21: 2 | K21: 1 | L21: 2 | M21: 3 | N21: 4 | O21: 5 | P21: 6 | Q21: 7 | R21: 8 | S21: 9 | T21: SDN-2 MANDOMAI
B22: SDN-3 ANJIR KALAMPAN | C22: 9 | D22: 8 | E22: 7 | F22: 6 | G22: 5 | H22: 4 | I22: 3 | J22: 2 | K22: 1 | L22: 2 | M22: 3 | N22: 4 | O22: 5 | P22: 6 | Q22: 7 | R22: 8 | S22: 9 | T22: SDN-3 MANDOMAI
B23: SDN-3 ANJIR KALAMPAN | C23: 9 | D23: 8 | E23: 7 | F23: 6 | G23: 5 | H23: 4 | I23: 3 | J23: 2 | K23: 1 | L23: 2 | M23: 3 | N23: 4 | O23: 5 | P23: 6 | Q23: 7 | R23: 8 | S23: 9 | T23: SDN-4 MANDOMAI
B24: SDN-3 ANJIR KALAMPAN | C24: 9 | D24: 8 | E24: 7 | F24: 6 | G24: 5 | H24: 4 | I24: 3 | J24: 2 | K24: 1 | L24: 2 | M24: 3 | N24: 4 | O24: 5 | P24: 6 | Q24: 7 | R24: 8 | S24: 9 | T24: SDN-1 PANTAI
B25: SDN-3 ANJIR KALAMPAN | C25: 9 | D25: 8 | E25: 7 | F25: 6 | G25: 5 | H25: 4 | I25: 3 | J25: 2 | K25: 1 | L25: 2 | M25: 3 | N25: 4 | O25: 5 | P25: 6 | Q25: 7 | R25: 8 | S25: 9 | T25: SDN-2 PANTAI
B26: SDN-3 ANJIR KALAMPAN | C26: 9 | D26: 8 | E26: 7 | F26: 6 | G26: 5 | H26: 4 | I26: 3 | J26: 2 | K26: 1 | L26: 2 | M26: 3 | N26: 4 | O26: 5 | P26: 6 | Q26: 7 | R26: 8 | S26: 9 | T26: SDN-1 BASUTA RAYA
B27: SDN-3 ANJIR KALAMPAN | C27: 9 | D27: 8 | E27: 7 | F27: 6 | G27: 5 | H27: 4 | I27: 3 | J27: 2 | K27: 1 | L27: 2 | M27: 3 | N27: 4 | O27: 5 | P27: 6 | Q27: 7 | R27: 8 | S27: 9 | T27: SDN-1 SEI PITUNG
B28: SDN-3 ANJIR KALAMPAN | C28: 9 | D28: 8 | E28: 7 | F28: 6 | G28: 5 | H28: 4 | I28: 3 | J28: 2 | K28: 1 | L28: 2 | M28: 3 | N28: 4 | O28: 5 | P28: 6 | Q28: 7 | R28: 8 | S28: 9 | T28: SDN-1 PENDA KATAPI
B29: SDN-3 ANJIR KALAMPAN | C29: 9 | D29: 8 | E29: 7 | F29: 6 | G29: 5 | H29: 4 | I29: 3 | J29: 2 | K29: 1 | L29: 2 | M29: 3 | N29: 4 | O29: 5 | P29: 6 | Q29: 7 | R29: 8 | S29: 9 | T29: SDN-1 SEI KAYU
B30: SDN-3 ANJIR KALAMPAN | C30: 9 | D30: 8 | E30: 7 | F30: 6 | G30: 5 | H30: 4 | I30: 3 | J30: 2 | K30: 1 | L30: 2 | M30: 3 | N30: 4 | O30: 5 | P30: 6 | Q30: 7 | R30: 8 | S30: 9 | T30: SDN-2 SEI KAYU
B31: SDN-3 ANJIR KALAMPAN | C31: 9 | D31: 8 | E31: 7 | F31: 6 | G31: 5 | H31: 4 | I31: 3 | J31: 2 | K31: 1 | L31: 2 | M31: 3 | N31: 4 | O31: 5 | P31: 6 | Q31: 7 | R31: 8 | S31: 9 | T31: SDN-1 SEI DUSUN
B32: SDN-1 SAKA MANGKAHAI | C32: 9 | D32: 8 | E32: 7 | F32: 6 | G32: 5 | H32: 4 | I32: 3 | J32: 2 | K32: 1 | L32: 2 | M32: 3 | N32: 4 | O32: 5 | P32: 6 | Q32: 7 | R32: 8 | S32: 9 | T32: SDN-2 SAKA MANGKAHAI
... B109: SDN-2 SEI KAYU | C109: 9 | D109: 8 | E109: 7 | F109: 6 | G109: 5 | H109: 4 | I109: 3 | J109: 2 | K109: 1 | L109: 2 | M109: 3 | N109: 4 | O109: 5 | P109: 6 | Q109: 7 | R109: 8 | S109: 9 | T109: SDN-1 SEI DUSUN
B111: LOKASI GEDUNG
B112: KEPALA BIDANG PENGAWASAN SEKOLAH DASAR DISDIK KAPUAS (JEFRI)
B113: SEKOLAH UTAMA | C113: KRITERIA NILAI | T113: SEKOLAH PEMBANDING
C114: 9 | D114: 8 | E114: 7 | F114: 6 | G114: 5 | H114: 4 | I114: 3 | J114: 2 | K114: 1 | L114: 2 | M114: 3 | N114: 4 | O114: 5 | P114: 6 | Q114: 7 | R114: 8 | S114: 9
B115: SDN-2 ANJIR KALAMPAN | C115: 9 | D115: 8 | E115: 7 | F115: 6 | G115: 5 | H115: 4 | I115: 3 | J115: 2 | K115: 1 | L115: 2 | M115: 3 | N115: 4 | O115: 5 | P115: 6 | Q115: 7 | R115: 8 | S115: 9 | T115: SDN-3 ANJIR KALAMPAN | V115: LOKASI GEDUNG | W115: SDN-2 ANJIR KALAMPAN | X115: SDN-3 ANJIR KALAMPAN | Y115: SDN-1 SAKA MANGKAHAI | Z115: SDN-2 SAKA MANGKAHAI | AA115: SDN-2 MANDOMAI | AB115: SDN-3 MANDOMAI | AC115: SDN-4 MANDOMAI | AD115: SDN-1 PANTAI | AE115: SDN-2 PANTAI | AF115: SDN-1 BASUTA RAYA | AG115: SDN-1 SEI PITUNG | AH115: SDN-1 PENDA KATAPI | AI115: SDN-1 SEI KAYU | AJ115: SDN-2 SEI KAYU | AK115: SDN-1 SEI DUSUN
B116: SDN-2 ANJIR KALAMPAN | C116: 9 | D116: 8 | E116: 7 | F116: 6 | G116: 5 | H116: 4 | I116: 3 | J116: 2 | K116: 1 | L116: 2 | M116: 3 | N116: 4 | O116: 5 | P116: 6 | Q116: 7 | R116: 8 | S116: 9 | T116: SDN-1 SAKA MANGKAHAI | V116: SDN-2 ANJIR KALAMPAN | W116: 1 | X116: =1/3 -> 0.33333333 | Y116: =1/2 -> 0.5 | Z116: =1/2 -> 0.5 | AA116: =1/4 -> 0.25 | AB116: =1/4 -> 0.25 | AC116: =1/5 -> 0.2 | AD116: =1/5 -> 0.2 | AE116: =1/5 -> 0.2 | AF116: =1/6 -> 0.16666667 | AG116: =1/4 -> 0.25 | AH116: =1/5 -> 0.2 | AI116: =1/4 -> 0.25 | AJ116: =1/4 -> 0.25 | AK116: =1/3 -> 0.33333333
B117: SDN-2 ANJIR KALAMPAN | C117: 9 | D117: 8 | E117: 7 | F117: 6 | G117: 5 | H117: 4 | I117: 3 | J117: 2 | K117: 1 | L117: 2 | M117: 3 | N117: 4 | O117: 5 | P117: 6 | Q117: 7 | R117: 8 | S117: 9 | T117: SDN-2 SAKA MANGKAHAI | V117: SDN-3 ANJIR KALAMPAN | W117: =1/X116 -> 3 | X117: 1 | Y117: 5 | Z117: 5 | AA117: 6 | AB117: 6 | AC117: =1/3 -> 0.33333333 | AD117: =1/4 -> 0.25 | AE117: =1/4 -> 0.25 | AF117: =1/5 -> 0.2 | AG117: =1/2 -> 0.5 | AH117: =1/4 -> 0.25 | AI117: =1/3 -> 0.33333333 | AJ117: =1/3 -> 0.33333333 | AK117: =1/4 -> 0.25
B118: SDN-2 ANJIR KALAMPAN | C118: 9 | D118: 8 | E118: 7 | F118: 6 | G118: 5 | H118: 4 | I118: 3 | J118: 2 | K118: 1 | L118: 2 | M118: 3 | N118: 4 | O118: 5 | P118: 6 | Q118: 7 | R118: 8 | S118: 9 | T118: SDN-2 MANDOMAI | V118: SDN-1 SAKA MANGKAHAI | W118: =1/Y116 -> 2 | X118: =1/Y117 -> 0.2 | Y118: 1 | Z118: 2 | AA118: 4 | AB118: 4 | AC118: =1/3 -> 0.33333333 | AD118: =1/4 -> 0.25 | AE118: =1/4 -> 0.25 | AF118: =1/5 -> 0.2 | AG118: =1/3 -> 0.33333333 | AH118: =1/4 -> 0.25 | AI118: =1/6 -> 0.16666667 | AJ118: =1/6 -> 0.16666667 | AK118: =1/5 -> 0.2
B119: SDN-2 ANJIR KALAMPAN | C119: 9 | D119: 8 | E119: 7 | F119: 6 | G119: 5 | H119: 4 | I119: 3 | J119: 2 | K119: 1 | L119: 2 | M119: 3 | N119: 4 | O119: 5 | P119: 6 | Q119: 7 | R119: 8 | S119: 9 | T119: SDN-3 MANDOMAI | V119: SDN-2 SAKA MANGKAHAI | W119: =1/Z116 -> 2 | X119: =1/Z117 -> 0.2 | Y119: =1/Z118 -> 0.5 | Z119: 1 | AA119: 2 | AB119: 2 | AC119: =1/3 -> 0.33333333 | AD119: =1/4 -> 0.25 | AE119: =1/4 -> 0.25 | AF119: =1/7 -> 0.14285714 | AG119: =1/6 -> 0.16666667 | AH119: =1/5 -> 0.2 | AI119: =1/6 -> 0.16666667 | AJ119: =1/6 -> 0.16666667 | AK119: =1/4 -> 0.25
B120: SDN-2 ANJIR KALAMPAN | C120: 9 | D120: 8 | E120: 7 | F120: 6 | G120: 5 | H120: 4 | I120: 3 | J120: 2 | K120: 1 | L120: 2 | M120: 3 | N120: 4 | O120: 5 | P120: 6 | Q120: 7 | R120: 8 | S120: 9 | T120: SDN-4 MANDOMAI | V120: SDN-2 MANDOMAI | W120: =1/AA116 -> 4 | X120: =1/AA117 -> 0.16666667 | Y120: =1/AA118 -> 0.25 | Z120: =1/AA119 -> 0.5 | AA120: 1 | AB120: 1 | AC120: =1/5 -> 0.2 | AD120: =1/5 -> 0.2 | AE120: =1/5 -> 0.2 | AF120: =1/7 -> 0.14285714 | AG120: =1/5 -> 0.2 | AH120: =1/6 -> 0.16666667 | AI120: =1/6 -> 0.16666667 | AJ120: =1/6 -> 0.16666667 | AK120: =1/6 -> 0.16666667
B121: SDN-2 ANJIR KALAMPAN | C121: 9 | D121: 8 | E121: 7 | F121: 6 | G121: 5 | H121: 4 | I121: 3 | J121: 2 | K121: 1 | L121: 2 | M121: 3 | N121: 4 | O121: 5 | P121: 6 | Q121: 7 | R121: 8 | S121: 9 | T121: SDN-1 PANTAI | V121: SDN-3 MANDOMAI | W121: =1/AB116 -> 4 | X121: =1/AB117 -> 0.16666667 | Y121: =1/AB118 -> 0.25 | Z121: =1/AB119 -> 0.5 | AA121: =1/AB120 -> 1 | AB121: 1 | AC121: =1/5 -> 0.2 | AD121: =1/5 -> 0.2 | AE121: =1/5 -> 0.2 | AF121: =1/7 -> 0.14285714 | AG121: =1/5 -> 0.2 | AH121: =1/6 -> 0.16666667 | AI121: =1/6 -> 0.16666667 | AJ121: =1/6 -> 0.16666667 | AK121: =1/6 -> 0.16666667
B122: SDN-2 ANJIR KALAMPAN | C122: 9 | D122: 8 | E122: 7 | F122: 6 | G122: 5 | H122: 4 | I122: 3 | J122: 2 | K122: 1 | L122: 2 | M122: 3 | N122: 4 | O122: 5 | P122: 6 | Q122: 7 | R122: 8 | S122: 9 | T122: SDN-2 PANTAI | V122: SDN-4 MANDOMAI | W122: =1/AC116 -> 5 | X122: =1/AC117 -> 3 | Y122: =1/AC118 -> 3 | Z122: =1/AC119 -> 3 | AA122: =1/AC120 -> 5 | AB122: =1/AC121 -> 5 | AC122: 1 | AD122: 1 | AE122: 1 | AF122: =1/3 -> 0.33333333 | AG122: =1/3 -> 0.33333333 | AH122: =1/3 -> 0.33333333 | AI122: =1/2 -> 0.5 | AJ122: =1/2 -> 0.5 | AK122: =1/3 -> 0.33333333
B123: SDN-2 ANJIR KALAMPAN | C123: 9 | D123: 8 | E123: 7 | F123: 6 | G123: 5 | H123: 4 | I123: 3 | J123: 2 | K123: 1 | L123: 2 | M123: 3 | N123: 4 | O123: 5 | P123: 6 | Q123: 7 | R123: 8 | S123: 9 | T123: SDN-1 BASUTA RAYA | V123: SDN-1 PANTAI | W123: =1/AD116 -> 5 | X123: =1/AD117 -> 4 | Y123: =1/AD118 -> 4 | Z123: =1/AD119 -> 4 | AA123: =1/AD120 -> 5 | AB123: =1/AD121 -> 5 | AC123: =1/AD122 -> 1 | AD123: 1 | AE123: =1/2 -> 0.5 | AF123: =1/4 -> 0.25 | AG123: =1/3 -> 0.33333333 | AH123: =1/4 -> 0.25 | AI123: =1/2 -> 0.5 | AJ123: =1/2 -> 0.5 | AK123: =1/3 -> 0.33333333
B124: SDN-2 ANJIR KALAMPAN | C124: 9 | D124: 8 | E124: 7 | F124: 6 | G124: 5 | H124: 4 | I124: 3 | J124: 2 | K124: 1 | L124: 2 | M124: 3 | N124: 4 | O124: 5 | P124: 6 | Q124: 7 | R124: 8 | S124: 9 | T124: SDN-1 SEI PITUNG | V124: SDN-2 PANTAI | W124: =1/AE116 -> 5 | X124: =1/AE117 -> 4 | Y124: =1/AE118 -> 4 | Z124: =1/AE119 -> 4 | AA124: =1/AE120 -> 5 | AB124: =1/AE121 -> 5 | AC124: =1/AE122 -> 1 | AD124: =1/AE123 -> 2 | AE124: 1 | AF124: =1/3 -> 0.33333333 | AG124: =1/2 -> 0.5 | AH124: =1/3 -> 0.33333333 | AI124: =1/2 -> 0.5 | AJ124: =1/2 -> 0.5 | AK124: =1/3 -> 0.33333333
B125: SDN-2 ANJIR KALAMPAN | C125: 9 | D125: 8 | E125: 7 | F125: 6 | G125: 5 | H125: 4 | I125: 3 | J125: 2 | K125: 1 | L125: 2 | M125: 3 | N125: 4 | O125: 5 | P125: 6 | Q125: 7 | R125: 8 | S125: 9 | T125: SDN-1 PENDA KATAPI | V125: SDN-1 BASUTA RAYA | W125: =1/AF116 -> 6 | X125: =1/AF117 -> 5 | Y125: =1/AF118 -> 5 | Z125: =1/AF119 -> 7 | AA125: =1/AF120 -> 7 | AB125: =1/AF121 -> 7 | AC125: =1/AF122 -> 3 | AD125: =1/AF123 -> 4 | AE125: =1/AF124 -> 3 | AF125: 1 | AG125: 4 | AH125: 2 | AI125: 2 | AJ125: 2 | AK125: 3
B126: SDN-2 ANJIR KALAMPAN | C126: 9 | D126: 8 | E126: 7 | F126: 6 | G126: 5 | H126: 4 | I126: 3 | J126: 2 | K126: 1 | L126: 2 | M126: 3 | N126: 4 | O126: 5 | P126: 6 | Q126: 7 | R126: 8 | S126: 9 | T126: SDN-1 SEI KAYU | V126: SDN-1 SEI PITUNG | W126: =1/AG116 -> 4 | X126: =1/AG117 -> 2 | Y126: =1/AG118 -> 3 | Z126: =1/AG119 -> 6 | AA126: =1/AG120 -> 5 | AB126: =1/AG121 -> 5 | AC126: =1/AG122 -> 3 | AD126: =1/AG123 -> 3 | AE126: =1/AG124 -> 2 | AF126: =1/AG125 -> 0.25 | AG126: 1 | AH126: =1/3 -> 0.33333333 | AI126: =1/2 -> 0.5 | AJ126: =1/2 -> 0.5 | AK126: =1/2 -> 0.5
B127: SDN-2 ANJIR KALAMPAN | C127: 9 | D127: 8 | E127: 7 | F127: 6 | G127: 5 | H127: 4 | I127: 3 | J127: 2 | K127: 1 | L127: 2 | M127: 3 | N127: 4 | O127: 5 | P127: 6 | Q127: 7 | R127: 8 | S127: 9 | T127: SDN-2 SEI KAYU | V127: SDN-1 PENDA KATAPI | W127: =1/AH116 -> 5 | X127: =1/AH117 -> 4 | Y127: =1/AH118 -> 4 | Z127: =1/AH119 -> 5 | AA127: =1/AH120 -> 6 | AB127: =1/AH121 -> 6 | AC127: =1/AH122 -> 3 | AD127: =1/AH123 -> 4 | AE127: =1/AH124 -> 3 | AF127: =1/AH125 -> 0.5 | AG127: =1/AH126 -> 3 | AH127: 1 | AI127: 3 | AJ127: 2 | AK127: 3
B128: SDN-2 ANJIR KALAMPAN | C128: 9 | D128: 8 | E128: 7 | F128: 6 | G128: 5 | H128: 4 | I128: 3 | J128: 2 | K128: 1 | L128: 2 | M128: 3 | N128: 4 | O128: 5 | P128: 6 | Q128: 7 | R128: 8 | S128: 9 | T128: SDN-1 SEI DUSUN | V128: SDN-1 SEI KAYU | W128: =1/AI116 -> 4 | X128: =1/AI117 -> 3 | Y128: =1/AI118 -> 6 | Z128: =1/AI119 -> 6 | AA128: =1/AI120 -> 6 | AB128: =1/AI121 -> 6 | AC128: =1/AI122 -> 2 | AD128: =1/AI123 -> 2 | AE128: =1/AI124 -> 2 | AF128: =1/AI125 -> 0.5 | AG128: =1/AI126 -> 2 | AH128: =1/AI127 -> 0.33333333 | AI128: 1 | AJ128: =1/2 -> 0.5 | AK128: =1/3 -> 0.33333333
B129: SDN-3 ANJIR KALAMPAN | C129: 9 | D129: 8 | E129: 7 | F129: 6 | G129: 5 | H129: 4 | I129: 3 | J129: 2 | K129: 1 | L129: 2 | M129: 3 | N129: 4 | O129: 5 | P129: 6 | Q129: 7 | R129: 8 | S129: 9 | T129: SDN-1 SAKA MANGKAHAI | V129: SDN-2 SEI KAYU | W129: =1/AJ116 -> 4 | X129: =1/AJ117 -> 3 | Y129: =1/AJ118 -> 6 | Z129: =1/AJ119 -> 6 | AA129: =1/AJ120 -> 6 | AB129: =1/AJ121 -> 6 | AC129: =1/AJ122 -> 2 | AD129: =1/AJ123 -> 2 | AE129: =1/AJ124 -> 2 | AF129: =1/AJ125 -> 0.5 | AG129: =1/AJ126 -> 2 | AH129: =1/AJ127 -> 0.5 | AI129: =1/AJ128 -> 2 | AJ129: 1 | AK129: 2
B130: SDN-3 ANJIR KALAMPAN | C130: 9 | D130: 8 | E130: 7 | F130: 6 | G130: 5 | H130: 4 | I130: 3 | J130: 2 | K130: 1 | L130: 2 | M130: 3 | N130: 4 | O130: 5 | P130: 6 | Q130: 7 | R130: 8 | S130: 9 | T130: SDN-2 SAKA MANGKAHAI | V130: SDN-1 SEI DUSUN | W130: =1/AK116 -> 3 | X130: =1/AK117 -> 4 | Y130: =1/AK118 -> 5 | Z130: =1/AK119 -> 4 | AA130: =1/AK120 -> 6 | AB130: =1/AK121 -> 6 | AC130: =1/AK122 -> 3 | AD130: =1/AK123 -> 3 | AE130: =1/AK124 -> 3 | AF130: =1/AK125 -> 0.33333333 | AG130: =1/AK126 -> 2 | AH130: =1/AK127 -> 0.33333333 | AI130: =1/AK128 -> 3 | AJ130: =1/AK129 -> 0.5 | AK130: 1
B131: SDN-3 ANJIR KALAMPAN | C131: 9 | D131: 8 | E131: 7 | F131: 6 | G131: 5 | H131: 4 | I131: 3 | J131: 2 | K131: 1 | L131: 2 | M131: 3 | N131: 4 | O131: 5 | P131: 6 | Q131: 7 | R131: 8 | S131: 9 | T131: SDN-2 MANDOMAI
B132: SDN-3 ANJIR KALAMPAN | C132: 9 | D132: 8 | E132: 7 | F132: 6 | G132: 5 | H132: 4 | I132: 3 | J132: 2 | K132: 1 | L132: 2 | M132: 3 | N132: 4 | O132: 5 | P132: 6 | Q132: 7 | R132: 8 | S132: 9 | T132: SDN-3 MANDOMAI
B133: SDN-3 ANJIR KALAMPAN | C133: 9 | D133: 8 | E133: 7 | F133: 6 | G133: 5 | H133: 4 | I133: 3 | J133: 2 | K133: 1 | L133: 2 | M133: 3 | N133: 4 | O133: 5 | P133: 6 | Q133: 7 | R133: 8 | S133: 9 | T133: SDN-4 MANDOMAI
B134: SDN-3 ANJIR KALAMPAN | C134: 9 | D134: 8 | E134: 7 | F134: 6 | G134: 5 | H134: 4 | I134: 3 | J134: 2 | K134: 1 | L134: 2 | M134: 3 | N134: 4 | O134: 5 | P134: 6 | Q134: 7 | R134: 8 | S134: 9 | T134: SDN-1 PANTAI
B135: SDN-3 ANJIR KALAMPAN | C135: 9 | D135: 8 | E135: 7 | F135: 6 | G135: 5 | H135: 4 | I135: 3 | J135: 2 | K135: 1 | L135: 2 | M135: 3 | N135: 4 | O135: 5 | P135: 6 | Q135: 7 | R135: 8 | S135: 9 | T135: SDN-2 PANTAI
B136: SDN-3 ANJIR KALAMPAN | C136: 9 | D136: 8 | E136: 7 | F136: 6 | G136: 5 | H136: 4 | I136: 3 | J136: 2 | K136: 1 | L136: 2 | M136: 3 | N136: 4 | O136: 5 | P136: 6 | Q136: 7 | R136: 8 | S136: 9 | T136: SDN-1 BASUTA RAYA
B137: SDN-3 ANJIR KALAMPAN | C137: 9 | D137: 8 | E137: 7 | F137: 6 | G137: 5 | H137: 4 | I137: 3 | J137: 2 | K137: 1 | L137: 2 | M137: 3 | N137: 4 | O137: 5 | P137: 6 | Q137: 7 | R137: 8 | S137: 9 | T137: SDN-1 SEI PITUNG
B138: SDN-3 ANJIR KALAMPAN | C138: 9 | D138: 8 | E138: 7 | F138: 6 | G138: 5 | H138: 4 | I138: 3 | J138: 2 | K138: 1 | L138: 2 | M138: 3 | N138: 4 | O138: 5 | P138: 6 | Q138: 7 | R138: 8 | S138: 9 | T138: SDN-1 PENDA KATAPI
B139: SDN-3 ANJIR KALAMPAN | C139: 9 | D139: 8 | E139: 7 | F139: 6 | G139: 5 | H139: 4 | I139: 3 | J139: 2 | K139: 1 | L139: 2 | M139: 3 | N139: 4 | O139: 5 | P139: 6 | Q139: 7 | R139: 8 | S139: 9 | T139: SDN-1 SEI KAYU
B140: SDN-3 ANJIR KALAMPAN | C140: 9 | D140: 8 | E140: 7 | F140: 6 | G140: 5 | H140: 4 | I140: 3 | J140: 2 | K140: 1 | L140: 2 | M140: 3 | N140: 4 | O140: 5 | P140: 6 | Q140: 7 | R140: 8 | S140: 9 | T140: SDN-2 SEI KAYU
B141: SDN-3 ANJIR KALAMPAN | C141: 9 | D141: 8 | E141: 7 | F141: 6 | G141: 5 | H141: 4 | I141: 3 | J141: 2 | K141: 1 | L141: 2 | M141: 3 | N141: 4 | O141: 5 | P141: 6 | Q141: 7 | R141: 8 | S141: 9 | T141: SDN-1 SEI DUSUN
B142: SDN-1 SAKA MANGKAHAI | C142: 9 | D142: 8 | E142: 7 | F142: 6 | G142: 5 | H142: 4 | I142: 3 | J142: 2 | K142: 1 | L142: 2 | M142: 3 | N142: 4 | O142: 5 | P142: 6 | Q142: 7 | R142: 8 | S142: 9 | T142: SDN-2 SAKA MANGKAHAI
... B219: SDN-2 SEI KAYU | C219: 9 | D219: 8 | E219: 7 | F219: 6 | G219: 5 | H219: 4 | I219: 3 | J219: 2 | K219: 1 | L219: 2 | M219: 3 | N219: 4 | O219: 5 | P219: 6 | Q219: 7 | R219: 8 | S219: 9 | T219: SDN-1 SEI DUSUN
B221: LOKASI GEDUNG
B222: DPRD
B223: SEKOLAH UTAMA | C223: KRITERIA NILAI | T223: SEKOLAH PEMBANDING
C224: 9 | D224: 8 | E224: 7 | F224: 6 | G224: 5 | H224: 4 | I224: 3 | J224: 2 | K224: 1 | L224: 2 | M224: 3 | N224: 4 | O224: 5 | P224: 6 | Q224: 7 | R224: 8 | S224: 9
B225: SDN-2 ANJIR KALAMPAN | C225: 9 | D225: 8 | E225: 7 | F225: 6 | G225: 5 | H225: 4 | I225: 3 | J225: 2 | K225: 1 | L225: 2 | M225: 3 | N225: 4 | O225: 5 | P225: 6 | Q225: 7 | R225: 8 | S225: 9 | T225: SDN-3 ANJIR KALAMPAN | V225: LOKASI GEDUNG | W225: SDN-2 ANJIR KALAMPAN | X225: SDN-3 ANJIR KALAMPAN | Y225: SDN-1 SAKA MANGKAHAI | Z225: SDN-2 SAKA MANGKAHAI | AA225: SDN-2 MANDOMAI | AB225: SDN-3 MANDOMAI | AC225: SDN-4 MANDOMAI | AD225: SDN-1 PANTAI | AE225: SDN-2 PANTAI | AF225: SDN-1 BASUTA RAYA | AG225: SDN-1 SEI PITUNG | AH225: SDN-1 PENDA KATAPI | AI225: SDN-1 SEI KAYU | AJ225: SDN-2 SEI KAYU | AK225: SDN-1 SEI DUSUN
B226: SDN-2 ANJIR KALAMPAN | C226: 9 | D226: 8 | E226: 7 | F226: 6 | G226: 5 | H226: 4 | I226: 3 | J226: 2 | K226: 1 | L226: 2 | M226: 3 | N226: 4 | O226: 5 | P226: 6 | Q226: 7 | R226: 8 | S226: 9 | T226: SDN-1 SAKA MANGKAHAI | V226: SDN-2 ANJIR KALAMPAN | W226: 1 | X226: =1/7 -> 0.14285714 | Y226: =1/3 -> 0.33333333 | Z226: =1/3 -> 0.33333333 | AA226: 2 | AB226: 2 | AC226: =1/3 -> 0.33333333 | AD226: =1/2 -> 0.5 | AE226: =1/2 -> 0.5 | AF226: =1/6 -> 0.16666667 | AG226: =1/9 -> 0.11111111 | AH226: =1/2 -> 0.5 | AI226: =1/3 -> 0.33333333 | AJ226: =1/3 -> 0.33333333 | AK226: =1/2 -> 0.5
B227: SDN-2 ANJIR KALAMPAN | C227: 9 | D227: 8 | E227: 7 | F227: 6 | G227: 5 | H227: 4 | I227: 3 | J227: 2 | K227: 1 | L227: 2 | M227: 3 | N227: 4 | O227: 5 | P227: 6 | Q227: 7 | R227: 8 | S227: 9 | T227: SDN-2 SAKA MANGKAHAI | V227: SDN-3 ANJIR KALAMPAN | W227: =1/X226 -> 7 | X227: 1 | Y227: 3 | Z227: 3 | AA227: 9 | AB227: 9 | AC227: 5 | AD227: 5 | AE227: 5 | AF227: 3 | AG227: =1/3 -> 0.33333333 | AH227: 4 | AI227: 6 | AJ227: 6 | AK227: 4
B228: SDN-2 ANJIR KALAMPAN | C228: 9 | D228: 8 | E228: 7 | F228: 6 | G228: 5 | H228: 4 | I228: 3 | J228: 2 | K228: 1 | L228: 2 | M228: 3 | N228: 4 | O228: 5 | P228: 6 | Q228: 7 | R228: 8 | S228: 9 | T228: SDN-2 MANDOMAI | V228: SDN-1 SAKA MANGKAHAI | W228: =1/Y226 -> 3 | X228: =1/Y227 -> 0.33333333 | Y228: 1 | Z228: 1 | AA228: 5 | AB228: 5 | AC228: 3 | AD228: 3 | AE228: 3 | AF228: =1/6 -> 0.16666667 | AG228: =1/8 -> 0.125 | AH228: =1/3 -> 0.33333333 | AI228: 2 | AJ228: 2 | AK228: =1/3 -> 0.33333333
B229: SDN-2 ANJIR KALAMPAN | C229: 9 | D229: 8 | E229: 7 | F229: 6 | G229: 5 | H229: 4 | I229: 3 | J229: 2 | K229: 1 | L229: 2 | M229: 3 | N229: 4 | O229: 5 | P229: 6 | Q229: 7 | R229: 8 | S229: 9 | T229: SDN-3 MANDOMAI | V229: SDN-2 SAKA MANGKAHAI | W229: =1/Z226 -> 3 | X229: =1/Z227 -> 0.33333333 | Y229: =1/Z228 -> 1 | Z229: 1 | AA229: 5 | AB229: 5 | AC229: 3 | AD229: 3 | AE229: 3 | AF229: =1/6 -> 0.16666667 | AG229: =1/8 -> 0.125 | AH229: =1/3 -> 0.33333333 | AI229: =1/2 -> 0.5 | AJ229: =1/2 -> 0.5 | AK229: =1/3 -> 0.33333333
B230: SDN-2 ANJIR KALAMPAN | C230: 9 | D230: 8 | E230: 7 | F230: 6 | G230: 5 | H230: 4 | I230: 3 | J230: 2 | K230: 1 | L230: 2 | M230: 3 | N230: 4 | O230: 5 | P230: 6 | Q230: 7 | R230: 8 | S230: 9 | T230: SDN-4 MANDOMAI | V230: SDN-2 MANDOMAI | W230: =1/AA226 -> 0.5 | X230: =1/AA227 -> 0.11111111 | Y230: =1/AA228 -> 0.2 | Z230: =1/AA229 -> 0.2 | AA230: 1 | AB230: 1 | AC230: =1/5 -> 0.2 | AD230: =1/5 -> 0.2 | AE230: =1/5 -> 0.2 | AF230: =1/7 -> 0.14285714 | AG230: =1/9 -> 0.11111111 | AH230: =1/6 -> 0.16666667 | AI230: =1/4 -> 0.25 | AJ230: =1/4 -> 0.25 | AK230: =1/6 -> 0.16666667
B231: SDN-2 ANJIR KALAMPAN | C231: 9 | D231: 8 | E231: 7 | F231: 6 | G231: 5 | H231: 4 | I231: 3 | J231: 2 | K231: 1 | L231: 2 | M231: 3 | N231: 4 | O231: 5 | P231: 6 | Q231: 7 | R231: 8 | S231: 9 | T231: SDN-1 PANTAI | V231: SDN-3 MANDOMAI | W231: =1/AB226 -> 0.5 | X231: =1/AB227 -> 0.11111111 | Y231: =1/AB228 -> 0.2 | Z231: =1/AB229 -> 0.2 | AA231: =1/AB230 -> 1 | AB231: 1 | AC231: =1/5 -> 0.2 | AD231: =1/5 -> 0.2 | AE231: =1/5 -> 0.2 | AF231: =1/7 -> 0.14285714 | AG231: =1/9 -> 0.11111111 | AH231: =1/6 -> 0.16666667 | AI231: =1/4 -> 0.25 | AJ231: =1/4 -> 0.25 | AK231: =1/6 -> 0.16666667
B232: SDN-2 ANJIR KALAMPAN | C232: 9 | D232: 8 | E232: 7 | F232: 6 | G232: 5 | H232: 4 | I232: 3 | J232: 2 | K232: 1 | L232: 2 | M232: 3 | N232: 4 | O232: 5 | P232: 6 | Q232: 7 | R232: 8 | S232: 9 | T232: SDN-2 PANTAI | V232: SDN-4 MANDOMAI | W232: =1/AC226 -> 3 | X232: =1/AC227 -> 0.2 | Y232: =1/AC228 -> 0.33333333 | Z232: =1/AC229 -> 0.33333333 | AA232: =1/AC230 -> 5 | AB232: =1/AC231 -> 5 | AC232: 1 | AD232: 1 | AE232: 1 | AF232: =1/4 -> 0.25 | AG232: =1/6 -> 0.16666667 | AH232: =1/5 -> 0.2 | AI232: =1/4 -> 0.25 | AJ232: =1/4 -> 0.25 | AK232: =1/5 -> 0.2
B233: SDN-2 ANJIR KALAMPAN | C233: 9 | D233: 8 | E233: 7 | F233: 6 | G233: 5 | H233: 4 | I233: 3 | J233: 2 | K233: 1 | L233: 2 | M233: 3 | N233: 4 | O233: 5 | P233: 6 | Q233: 7 | R233: 8 | S233: 9 | T233: SDN-1 BASUTA RAYA | V233: SDN-1 PANTAI | W233: =1/AD226 -> 2 | X233: =1/AD227 -> 0.2 | Y233: =1/AD228 -> 0.33333333 | Z233: =1/AD229 -> 0.33333333 | AA233: =1/AD230 -> 5 | AB233: =1/AD231 -> 5 | AC233: =1/AD232 -> 1 | AD233: 1 | AE233: 1 | AF233: =1/4 -> 0.25 | AG233: =1/6 -> 0.16666667 | AH233: =1/5 -> 0.2 | AI233: =1/4 -> 0.25 | AJ233: =1/4 -> 0.25 | AK233: =1/5 -> 0.2
B234: SDN-2 ANJIR KALAMPAN | C234: 9 | D234: 8 | E234: 7 | F234: 6 | G234: 5 | H234: 4 | I234: 3 | J234: 2 | K234: 1 | L234: 2 | M234: 3 | N234: 4 | O234: 5 | P234: 6 | Q234: 7 | R234: 8 | S234: 9 | T234: SDN-1 SEI PITUNG | V234: SDN-2 PANTAI | W234: =1/AE226 -> 2 | X234: =1/AE227 -> 0.2 | Y234: =1/AE228 -> 0.33333333 | Z234: =1/AE229 -> 0.33333333 | AA234: =1/AE230 -> 5 | AB234: =1/AE231 -> 5 | AC234: =1/AE232 -> 1 | AD234: =1/AE233 -> 1 | AE234: 1 | AF234: =1/4 -> 0.25 | AG234: =1/6 -> 0.16666667 | AH234: =1/5 -> 0.2 | AI234: =1/4 -> 0.25 | AJ234: =1/4 -> 0.25 | AK234: =1/5 -> 0.2
B235: SDN-2 ANJIR KALAMPAN | C235: 9 | D235: 8 | E235: 7 | F235: 6 | G235: 5 | H235: 4 | I235: 3 | J235: 2 | K235: 1 | L235: 2 | M235: 3 | N235: 4 | O235: 5 | P235: 6 | Q235: 7 | R235: 8 | S235: 9 | T235: SDN-1 PENDA KATAPI | V235: SDN-1 BASUTA RAYA | W235: =1/AF226 -> 6 | X235: =1/AF227 -> 0.33333333 | Y235: =1/AF228 -> 6 | Z235: =1/AF229 -> 6 | AA235: =1/AF230 -> 7 | AB235: =1/AF231 -> 7 | AC235: =1/AF232 -> 4 | AD235: =1/AF233 -> 4 | AE235: =1/AF234 -> 4 | AF235: 1 | AG235: =1/3 -> 0.33333333 | AH235: 3 | AI235: 4 | AJ235: 4 | AK235: 3
B236: SDN-2 ANJIR KALAMPAN | C236: 9 | D236: 8 | E236: 7 | F236: 6 | G236: 5 | H236: 4 | I236: 3 | J236: 2 | K236: 1 | L236: 2 | M236: 3 | N236: 4 | O236: 5 | P236: 6 | Q236: 7 | R236: 8 | S236: 9 | T236: SDN-1 SEI KAYU | V236: SDN-1 SEI PITUNG | W236: =1/AG226 -> 9 | X236: =1/AG227 -> 3 | Y236: =1/AG228 -> 8 | Z236: =1/AG229 -> 8 | AA236: =1/AG230 -> 9 | AB236: =1/AG231 -> 9 | AC236: =1/AG232 -> 6 | AD236: =1/AG233 -> 6 | AE236: =1/AG234 -> 6 | AF236: =1/AG235 -> 3 | AG236: 1 | AH236: 6 | AI236: 7 | AJ236: 7 | AK236: 6
B237: SDN-2 ANJIR KALAMPAN | C237: 9 | D237: 8 | E237: 7 | F237: 6 | G237: 5 | H237: 4 | I237: 3 | J237: 2 | K237: 1 | L237: 2 | M237: 3 | N237: 4 | O237: 5 | P237: 6 | Q237: 7 | R237: 8 | S237: 9 | T237: SDN-2 SEI KAYU | V237: SDN-1 PENDA KATAPI | W237: =1/AH226 -> 2 | X237: =1/AH227 -> 0.25 | Y237: =1/AH228 -> 3 | Z237: =1/AH229 -> 3 | AA237: =1/AH230 -> 6 | AB237: =1/AH231 -> 6 | AC237: =1/AH232 -> 5 | AD237: =1/AH233 -> 5 | AE237: =1/AH234 -> 5 | AF237: =1/AH235 -> 0.33333333 | AG237: =1/AH236 -> 0.16666667 | AH237: 1 | AI237: 2 | AJ237: 2 | AK237: 1
B238: SDN-2 ANJIR KALAMPAN | C238: 9 | D238: 8 | E238: 7 | F238: 6 | G238: 5 | H238: 4 | I238: 3 | J238: 2 | K238: 1 | L238: 2 | M238: 3 | N238: 4 | O238: 5 | P238: 6 | Q238: 7 | R238: 8 | S238: 9 | T238: SDN-1 SEI DUSUN | V238: SDN-1 SEI KAYU | W238: =1/AI226 -> 3 | X238: =1/AI227 -> 0.16666667 | Y238: =1/AI228 -> 0.5 | Z238: =1/AI229 -> 2 | AA238: =1/AI230 -> 4 | AB238: =1/AI231 -> 4 | AC238: =1/AI232 -> 4 | AD238: =1/AI233 -> 4 | AE238: =1/AI234 -> 4 | AF238: =1/AI235 -> 0.25 | AG238: =1/AI236 -> 0.14285714 | AH238: =1/AI237 -> 0.5 | AI238: 1 | AJ238: 1 | AK238: =1/2 -> 0.5
B239: SDN-3 ANJIR KALAMPAN | C239: 9 | D239: 8 | E239: 7 | F239: 6 | G239: 5 | H239: 4 | I239: 3 | J239: 2 | K239: 1 | L239: 2 | M239: 3 | N239: 4 | O239: 5 | P239: 6 | Q239: 7 | R239: 8 | S239: 9 | T239: SDN-1 SAKA MANGKAHAI | V239: SDN-2 SEI KAYU | W239: =1/AJ226 -> 3 | X239: =1/AJ227 -> 0.16666667 | Y239: =1/AJ228 -> 0.5 | Z239: =1/AJ229 -> 2 | AA239: =1/AJ230 -> 4 | AB239: =1/AJ231 -> 4 | AC239: =1/AJ232 -> 4 | AD239: =1/AJ233 -> 4 | AE239: =1/AJ234 -> 4 | AF239: =1/AJ235 -> 0.25 | AG239: =1/AJ236 -> 0.14285714 | AH239: =1/AJ237 -> 0.5 | AI239: =1/AJ238 -> 1 | AJ239: 1 | AK239: =1/2 -> 0.5
B240: SDN-3 ANJIR KALAMPAN | C240: 9 | D240: 8 | E240: 7 | F240: 6 | G240: 5 | H240: 4 | I240: 3 | J240: 2 | K240: 1 | L240: 2 | M240: 3 | N240: 4 | O240: 5 | P240: 6 | Q240: 7 | R240: 8 | S240: 9 | T240: SDN-2 SAKA MANGKAHAI | V240: SDN-1 SEI DUSUN | W240: =1/AK226 -> 2 | X240: =1/AK227 -> 0.25 | Y240: =1/AK228 -> 3 | Z240: =1/AK229 -> 3 | AA240: =1/AK230 -> 6 | AB240: =1/AK231 -> 6 | AC240: =1/AK232 -> 5 | AD240: =1/AK233 -> 5 | AE240: =1/AK234 -> 5 | AF240: =1/AK235 -> 0.33333333 | AG240: =1/AK236 -> 0.16666667 | AH240: =1/AK237 -> 1 | AI240: =1/AK238 -> 2 | AJ240: =1/AK239 -> 2 | AK240: 1
B241: SDN-3 ANJIR KALAMPAN | C241: 9 | D241: 8 | E241: 7 | F241: 6 | G241: 5 | H241: 4 | I241: 3 | J241: 2 | K241: 1 | L241: 2 | M241: 3 | N241: 4 | O241: 5 | P241: 6 | Q241: 7 | R241: 8 | S241: 9 | T241: SDN-2 MANDOMAI
B242: SDN-3 ANJIR KALAMPAN | C242: 9 | D242: 8 | E242: 7 | F242: 6 | G242: 5 | H242: 4 | I242: 3 | J242: 2 | K242: 1 | L242: 2 | M242: 3 | N242: 4 | O242: 5 | P242: 6 | Q242: 7 | R242: 8 | S242: 9 | T242: SDN-3 MANDOMAI
B243: SDN-3 ANJIR KALAMPAN | C243: 9 | D243: 8 | E243: 7 | F243: 6 | G243: 5 | H243: 4 | I243: 3 | J243: 2 | K243: 1 | L243: 2 | M243: 3 | N243: 4 | O243: 5 | P243: 6 | Q243: 7 | R243: 8 | S243: 9 | T243: SDN-4 MANDOMAI
B244: SDN-3 ANJIR KALAMPAN | C244: 9 | D244: 8 | E244: 7 | F244: 6 | G244: 5 | H244: 4 | I244: 3 | J244: 2 | K244: 1 | L244: 2 | M244: 3 | N244: 4 | O244: 5 | P244: 6 | Q244: 7 | R244: 8 | S244: 9 | T244: SDN-1 PANTAI
B245: SDN-3 ANJIR KALAMPAN | C245: 9 | D245: 8 | E245: 7 | F245: 6 | G245: 5 | H245: 4 | I245: 3 | J245: 2 | K245: 1 | L245: 2 | M245: 3 | N245: 4 | O245: 5 | P245: 6 | Q245: 7 | R245: 8 | S245: 9 | T245: SDN-2 PANTAI
B246: SDN-3 ANJIR KALAMPAN | C246: 9 | D246: 8 | E246: 7 | F246: 6 | G246: 5 | H246: 4 | I246: 3 | J246: 2 | K246: 1 | L246: 2 | M246: 3 | N246: 4 | O246: 5 | P246: 6 | Q246: 7 | R246: 8 | S246: 9 | T246: SDN-1 BASUTA RAYA
B247: SDN-3 ANJIR KALAMPAN | C247: 9 | D247: 8 | E247: 7 | F247: 6 | G247: 5 | H247: 4 | I247: 3 | J247: 2 | K247: 1 | L247: 2 | M247: 3 | N247: 4 | O247: 5 | P247: 6 | Q247: 7 | R247: 8 | S247: 9 | T247: SDN-1 SEI PITUNG
B248: SDN-3 ANJIR KALAMPAN | C248: 9 | D248: 8 | E248: 7 | F248: 6 | G248: 5 | H248: 4 | I248: 3 | J248: 2 | K248: 1 | L248: 2 | M248: 3 | N248: 4 | O248: 5 | P248: 6 | Q248: 7 | R248: 8 | S248: 9 | T248: SDN-1 PENDA KATAPI
B249: SDN-3 ANJIR KALAMPAN | C249: 9 | D249: 8 | E249: 7 | F249: 6 | G249: 5 | H249: 4 | I249: 3 | J249: 2 | K249: 1 | L249: 2 | M249: 3 | N249: 4 | O249: 5 | P249: 6 | Q249: 7 | R249: 8 | S249: 9 | T249: SDN-1 SEI KAYU
B250: SDN-3 ANJIR KALAMPAN | C250: 9 | D250: 8 | E250: 7 | F250: 6 | G250: 5 | H250: 4 | I250: 3 | J250: 2 | K250: 1 | L250: 2 | M250: 3 | N250: 4 | O250: 5 | P250: 6 | Q250: 7 | R250: 8 | S250: 9 | T250: SDN-2 SEI KAYU
B251: SDN-3 ANJIR KALAMPAN | C251: 9 | D251: 8 | E251: 7 | F251: 6 | G251: 5 | H251: 4 | I251: 3 | J251: 2 | K251: 1 | L251: 2 | M251: 3 | N251: 4 | O251: 5 | P251: 6 | Q251: 7 | R251: 8 | S251: 9 | T251: SDN-1 SEI DUSUN
B252: SDN-1 SAKA MANGKAHAI | C252: 9 | D252: 8 | E252: 7 | F252: 6 | G252: 5 | H252: 4 | I252: 3 | J252: 2 | K252: 1 | L252: 2 | M252: 3 | N252: 4 | O252: 5 | P252: 6 | Q252: 7 | R252: 8 | S252: 9 | T252: SDN-2 SAKA MANGKAHAI
... B329: SDN-2 SEI KAYU | C329: 9 | D329: 8 | E329: 7 | F329: 6 | G329: 5 | H329: 4 | I329: 3 | J329: 2 | K329: 1 | L329: 2 | M329: 3 | N329: 4 | O329: 5 | P329: 6 | Q329: 7 | R329: 8 | S329: 9 | T329: SDN-1 SEI DUSUN

Sheet AHP & Rank (Lokasi Gedung)
A1: LOKASI GEDUNG | B1: SDN-2 ANJIR KALAMPAN | C1: SDN-3 ANJIR KALAMPAN | D1: SDN-1 SAKA MANGKAHAI | E1: SDN-2 SAKA MANGKAHAI | F1: SDN-2 MANDOMAI | G1: SDN-3 MANDOMAI | H1: SDN-4 MANDOMAI | I1: SDN-1 PANTAI | J1: SDN-2 PANTAI | K1: SDN-1 BASUTA RAYA | L1: SDN-1 SEI PITUNG | M1: SDN-1 PENDA KATAPI | N1: SDN-1 SEI KAYU | O1: SDN-2 SEI KAYU | P1: SDN-1 SEI DUSUN
A2: SDN-2 ANJIR KALAMPAN | B2: 1 | C2: =GEOMEAN('NORMALISASI LOKASI GEDUNG'!X6,'NORMALISASI LOKASI GEDUNG'!X116,'NORMALISASI LOKASI GEDUNG'!X226) -> 0.36246012 | D2: =GEOMEAN('NORMALISASI LOKASI GEDUNG'!Y6,'NORMALISASI LOKASI GEDUNG'!Y116,'NORMALISASI LOKASI GEDUNG'!Y226) -> 0.38157141 | E2: =GEOMEAN('NORMALISASI LOKASI GEDUNG'!Z6,'NORMALISASI LOKASI GEDUNG'!Z116,'NORMALISASI LOKASI GEDUNG'!Z226) -> 0.43679023 | F2: =GEOMEAN('NORMALISASI LOKASI GEDUNG'!AA6,'NORMALISASI LOKASI GEDUNG'!AA116,'NORMALISASI LOKASI GEDUNG'!AA226) -> 0.55032121 | G2: =GEOMEAN('NORMALISASI LOKASI GEDUNG'!AB6,'NORMALISASI LOKASI GEDUNG'!AB116,'NORMALISASI LOKASI GEDUNG'!AB226) -> 0.55032121 | H2: =GEOMEAN('NORMALISASI LOKASI GEDUNG'!AC6,'NORMALISASI LOKASI GEDUNG'!AC116,'NORMALISASI LOKASI GEDUNG'!AC226) -> 0.23712622 | I2: =GEOMEAN('NORMALISASI LOKASI GEDUNG'!AD6,'NORMALISASI LOKASI GEDUNG'!AD116,'NORMALISASI LOKASI GEDUNG'!AD226) -> 0.27144176 | J2: =GEOMEAN('NORMALISASI LOKASI GEDUNG'!AE6,'NORMALISASI LOKASI GEDUNG'!AE116,'NORMALISASI LOKASI GEDUNG'!AE226) -> 0.27144176 | ... P2: =GEOMEAN('NORMALISASI LOKASI GEDUNG'!AK6,'NORMALISASI LOKASI GEDUNG'!AK116,'NORMALISASI LOKASI GEDUNG'!AK226) -> 0.38157141
A3: SDN-3 ANJIR KALAMPAN | B3: =1/C2 -> 2.7589242 | C3: 1 | D3: =GEOMEAN('NORMALISASI LOKASI GEDUNG'!Y7,'NORMALISASI LOKASI GEDUNG'!Y117,'NORMALISASI LOKASI GEDUNG'!Y227) -> 3.9148676 | E3: =GEOMEAN('NORMALISASI LOKASI GEDUNG'!Z7,'NORMALISASI LOKASI GEDUNG'!Z117,'NORMALISASI LOKASI GEDUNG'!Z227) -> 4.2171633 | F3: =GEOMEAN('NORMALISASI LOKASI GEDUNG'!AA7,'NORMALISASI LOKASI GEDUNG'!AA117,'NORMALISASI LOKASI GEDUNG'!AA227) -> 6.4633041 | G3: =GEOMEAN('NORMALISASI LOKASI GEDUNG'!AB7,'NORMALISASI LOKASI GEDUNG'!AB117,'NORMALISASI LOKASI GEDUNG'!AB227) -> 6.4633041 | H3: =GEOMEAN('NORMALISASI LOKASI GEDUNG'!AC7,'NORMALISASI LOKASI GEDUNG'!AC117,'NORMALISASI LOKASI GEDUNG'!AC227) -> 1.7099759 | I3: =GEOMEAN('NORMALISASI LOKASI GEDUNG'!AD7,'NORMALISASI LOKASI GEDUNG'!AD117,'NORMALISASI LOKASI GEDUNG'!AD227) -> 1.7099759 | J3: =GEOMEAN('NORMALISASI LOKASI GEDUNG'!AE7,'NORMALISASI LOKASI GEDUNG'!AE117,'NORMALISASI LOKASI GEDUNG'!AE227) -> 1.7099759 | K3: =GEOMEAN('NORMALISASI LOKASI GEDUNG'!AF7,'NORMALISASI LOKASI GEDUNG'!AF117,'NORMALISASI LOKASI GEDUNG'!AF227) -> 0.58480355 | ... P3: =GEOMEAN('NORMALISASI LOKASI GEDUNG'!AK7,'NORMALISASI LOKASI GEDUNG'!AK117,'NORMALISASI LOKASI GEDUNG'!AK227) -> 0.69336127
A4: SDN-1 SAKA MANGKAHAI | B4: =1/D2 -> 2.6207414 | C4: =1/D3 -> 0.25543648 | D4: 1 | E4: =GEOMEAN('NORMALISASI LOKASI GEDUNG'!Z8,'NORMALISASI LOKASI GEDUNG'!Z118,'NORMALISASI LOKASI GEDUNG'!Z228) -> 1.5874011 | F4: =GEOMEAN('NORMALISASI LOKASI GEDUNG'!AA8,'NORMALISASI LOKASI GEDUNG'!AA118,'NORMALISASI LOKASI GEDUNG'!AA228) -> 4.3088694 | G4: =GEOMEAN('NORMALISASI LOKASI GEDUNG'!AB8,'NORMALISASI LOKASI GEDUNG'!AB118,'NORMALISASI LOKASI GEDUNG'!AB228) -> 4.3088694 | H4: =GEOMEAN('NORMALISASI LOKASI GEDUNG'!AC8,'NORMALISASI LOKASI GEDUNG'!AC118,'NORMALISASI LOKASI GEDUNG'!AC228) -> 0.69336127 | I4: =GEOMEAN('NORMALISASI LOKASI GEDUNG'!AD8,'NORMALISASI LOKASI GEDUNG'!AD118,'NORMALISASI LOKASI GEDUNG'!AD228) -> 0.62996052 | J4: =GEOMEAN('NORMALISASI LOKASI GEDUNG'!AE8,'NORMALISASI LOKASI GEDUNG'!AE118,'NORMALISASI LOKASI GEDUNG'!AE228) -> 0.62996052 | K4: =GEOMEAN('NORMALISASI LOKASI GEDUNG'!AF8,'NORMALISASI LOKASI GEDUNG'!AF118,'NORMALISASI LOKASI GEDUNG'!AF228) -> 0.18820721 | L4: =GEOMEAN('NORMALISASI LOKASI GEDUNG'!AG8,'NORMALISASI LOKASI GEDUNG'!AG118,'NORMALISASI LOKASI GEDUNG'!AG228) -> 0.21839512 | ... P4: =GEOMEAN('NORMALISASI LOKASI GEDUNG'!AK8,'NORMALISASI LOKASI GEDUNG'!AK118,'NORMALISASI LOKASI GEDUNG'!AK228) -> 0.25543648
