Workbook

Sheet Ranking
A1: Squaring the Matrix: First Attempt
B2: Persentase Kerusakan Gedung | C2: Lokasi Gedung | D2: Usia Bangunan | E2: Jumlah Siswa | F2: Total Baris | G2: Eigen Vector
A3: Persentase Kerusakan Gedung | B3: {=MMULT(AHP!B2:E5,AHP!B2:E5)} -> 4 | C3: 6.9480418 | D3: 9.3145354 | E3: 29.150162 | F3: =SUM(B3:E3) -> 49.412739 | G3: =F3/$F$7 -> 0.45075914
A4: Lokasi Gedung | B4: 2.4345561 | C4: 4 | D4: 5.5307727 | E4: 18.400613 | F4: =SUM(B4:E4) -> 30.365942 | G4: =F4/$F$7 -> 0.27700804
A5: Usia Bangunan | B5: 1.9109424 | C5: 3.2801566 | D5: 4 | E5: 13.800119 | F5: =SUM(B5:E5) -> 22.991218 | G5: =F5/$F$7 -> 0.2097334
A6: Jumlah Siswa | B6: 0.55978366 | C6: 0.99587151 | D6: 1.2956047 | E6: 4 | F6: =SUM(B6:E6) -> 6.8512598 | G6: =F6/$F$7 -> 0.062499429
A7: Total | F7: =SUM(F3:F6) -> 109.62116 | G7: =SUM(G3:G6) -> 1
A9: Squaring the Matrix: Second Attempt
B10: Persentase Kerusakan Gedung | C10: Lokasi Gedung | D10: Usia Bangunan | E10: Jumlah Siswa | F10: Total Baris | G10: Eigen Vector
A11: Persentase Kerusakan Gedung | B11: {=MMULT(B3:E6,B3:E6)} -> 67.032722 | C11: 115.16728 | D11: 150.71141 | E11: 489.59121 | F11: =SUM(B11:E11) -> 822.50263 | G11: =F11/$F$15 -> 0.45363746
A12: Lokasi Gedung | B12: 40.3458 | C12: 69.381844 | D12: 90.762861 | E12: 294.49793 | F12: =SUM(B12:E12) -> 494.98843 | G12: =F12/$F$15 -> 0.27300253
A13: Usia Bangunan | B13: 30.998345 | C13: 53.261705 | D13: 69.820839 | E13: 226.46212 | F13: =SUM(B13:E13) -> 380.54301 | G13: =F13/$F$15 -> 0.20988208
A14: Jumlah Siswa | B14: 9.3786002 | C14: 16.106158 | D14: 21.086901 | E14: 68.521928 | F14: =SUM(B14:E14) -> 115.09359 | G14: =F14/$F$15 -> 0.063477929
A15: Total | F15: =SUM(F11:F14) -> 1813.1277 | G15: =SUM(G11:G14) -> 1
A17: First EV - Second EV
A18: Kategori | B18: Value | D18: Pertimbangan
A19: Persentase Kerusakan Gedung | B19: =G3-G11 -> -0.0028783224 | D19: Karena semua nilai First EV - Second EV seluruhnya sudah cukup kecil (mendekati 0), maka kita bisa gunakan EV terakhir sebagai bobot prioritas
A20: Lokasi Gedung | B20: =G4-G12 -> 0.0040055089
A21: Usia Bangunan | B21: =G5-G13 -> -0.00014868734
A22: Jumlah Siswa | B22: =G6-G14 -> -0.00097849912
A24: Kriteria | B24: Rank | C24: Priority
A25: Persentase Kerusakan Gedung | B25: =_xlfn.RANK.EQ(C25,$C$25:$C$28,0) -> 1 | C25: =G11 -> 0.45363746
A26: Lokasi Gedung | B26: =_xlfn.RANK.EQ(C26,$C$25:$C$28,0) -> 2 | C26: =G12 -> 0.27300253
A27: Usia Bangunan | B27: =_xlfn.RANK.EQ(C27,$C$25:$C$28,0) -> 3 | C27: =G13 -> 0.20988208
A28: Jumlah Siswa | B28: =_xlfn.RANK.EQ(C28,$C$25:$C$28,0) -> 4 | C28: =G14 -> 0.063477929

Sheet AHP
B1: Persentase Kerusakan Gedung | C1: Lokasi Gedung | D1: Usia Bangunan | E1: Jumlah Siswa
A2: Persentase Kerusakan Gedung | B2: 1 | C2: =GEOMEAN('Pairw Comp Matrix'!C4,'Pairw Comp Matrix'!C12,'Pairw Comp Matrix'!C20) -> 2 | D2: =GEOMEAN('Pairw Comp Matrix'!D4,'Pairw Comp Matrix'!D12,'Pairw Comp Matrix'!D20) -> 2.0800838 | E2: =GEOMEAN('Pairw Comp Matrix'!E4,'Pairw Comp Matrix'!E12,'Pairw Comp Matrix'!E20) -> 6.4633041
A3: Lokasi Gedung | B3: =1/C2 -> 0.5 | C3: 1 | D3: =GEOMEAN('Pairw Comp Matrix'!D5,'Pairw Comp Matrix'!D13,'Pairw Comp Matrix'!D21) -> 1.8392828 | E3: =GEOMEAN('Pairw Comp Matrix'!E5,'Pairw Comp Matrix'!E13,'Pairw Comp Matrix'!E21) -> 3.5568933
A4: Usia Bangunan | B4: =1/D2 -> 0.48074986 | C4: =1/D3 -> 0.54369019 | D4: 1 | E4: =GEOMEAN('Pairw Comp Matrix'!E6,'Pairw Comp Matrix'!E14,'Pairw Comp Matrix'!E22) -> 4.3795191
A5: Jumlah Siswa | B5: =1/E2 -> 0.15471963 | C5: =1/E3 -> 0.28114422 | D5: =1/E4 -> 0.22833557 | E5: 1
A6: Total | B6: =SUM(B2:B5) -> 2.1354695 | C6: =SUM(C2:C5) -> 3.8248344 | D6: =SUM(D2:D5) -> 5.1477022 | E6: =SUM(E2:E5) -> 15.399717
B9: Persentase Kerusakan Gedung | C9: Lokasi Gedung | D9: Usia Bangunan | E9: Jumlah Siswa | F9: Prioritas
A10: Persentase Kerusakan Gedung | B10: =B2/$B$6 -> 0.4682811 | C10: =C2/$C$6 -> 0.52289845 | D10: =D2/$D$6 -> 0.40408006 | E10: =E2/$E$6 -> 0.4197028 | F10: =AVERAGE(B10:E10) -> 0.4537406
A11: Lokasi Gedung | B11: =B3/$B$6 -> 0.23414055 | C11: =C3/$C$6 -> 0.26144923 | D11: =D3/$D$6 -> 0.35730171 | E11: =E3/$E$6 -> 0.23097135 | F11: =AVERAGE(B11:E11) -> 0.27096571
A12: Usia Bangunan | B12: =B4/$B$6 -> 0.22512607 | C12: =C4/$C$6 -> 0.14214738 | D12: =D4/$D$6 -> 0.19426143 | E12: =E4/$E$6 -> 0.28438959 | F12: =AVERAGE(B12:E12) -> 0.21148112
A13: Jumlah Siswa | B13: =B5/$B$6 -> 0.072452278 | C13: =C5/$C$6 -> 0.073504939 | D13: =D5/$D$6 -> 0.044356795 | E13: =E5/$E$6 -> 0.06493626 | F13: =AVERAGE(B13:E13) -> 0.063812568
A14: Total | B14: =SUM(B10:B13) -> 1 | C14: =SUM(C10:C13) -> 1 | D14: =SUM(D10:D13) -> 1 | E14: =SUM(E10:E13) -> 1 | F14: =SUM(F10:F13) -> 1
A17: Parameter | B17: Value | C17: Conclusion
A18: Max Eigen Value | B18: =MMULT(B6:E6,F10:F13) -> 4.0766855 | C18: =IF(B22<=0.1,"Konsistensi Baik/Acceptable","Konsistensi Buruk") -> Konsistensi Baik/Acceptable
A19: Jumlah Kategori yang Ada | B19: 4
A20: CI | B20: =(B18-B19)/(B19-1) -> 0.025561819
A21: RI | B21: =INDEX(B26:K26, MATCH(B19, B25:K25, 0)) -> 0.9
A22: CR = CI/RI | B22: =B20/B21 -> 0.028402021
A24: Tabel Random Consistency Ratio (RI)
A25: Jumlah Kategori | B25: 1 | C25: 2 | D25: 3 | E25: 4 | F25: 5 | G25: 6 | H25: 7 | I25: 8 | J25: 9 | K25: 10
A26: RI | B26: 0 | C26: 0 | D26: 0.58 | E26: 0.9 | F26: 1.12 | G26: 1.24 | H26: 1.32 | I26: 1.41 | J26: 1.45 | K26: 1.49

Sheet Pairw Comp Matrix
A1: PENGAWAS SEKOLAH DASAR KAPUAS BARAT (JHON)
B3: PERSENTASE KERUSAKAN GEDUNG | C3: LOKASI GEDUNG | D3: USIA BANGUNAN | E3: JUMLAH SISWA
A4: PERSENTASE KERUSAKAN GEDUNG | B4: 1 | C4: 4 | D4: 6 | E4: 6
A5: LOKASI GEDUNG | B5: =1/C4 -> 0.25 | C5: 1 | D5: 8 | E5: 9
A6: USIA BANGUNAN | B6: =1/D4 -> 0.16666667 | C6: =1/D5 -> 0.125 | D6: 1 | E6: 7
A7: JUMLAH SISWA | B7: =1/E4 -> 0.16666667 | C7: =1/E5 -> 0.11111111 | D7: =1/E6 -> 0.14285714 | E7: 1
A9: KEPALA BIDANG PENGAWASAN SEKOLAH DASAR DISDIK KAPUAS (JEFRI)
B11: PERSENTASE KERUSAKAN GEDUNG | C11: LOKASI GEDUNG | D11: USIA BANGUNAN | E11: JUMLAH SISWA
A12: PERSENTASE KERUSAKAN GEDUNG | B12: 1 | C12: =1/4 -> 0.25 | D12: =1/4 -> 0.25 | E12: 9
A13: LOKASI GEDUNG | B13: =1/C12 -> 4 | C13: 1 | D13: =1/9 -> 0.11111111 | E13: 1
A14: USIA BANGUNAN | B14: =1/D12 -> 4 | C14: =1/D13 -> 9 | D14: 1 | E14: 3
A15: JUMLAH SISWA | B15: =1/E12 -> 0.11111111 | C15: =1/E13 -> 1 | D15: =1/E14 -> 0.33333333 | E15: 1
A17: KOMISI IV DPRD KAB. KAPUAS
B19: PERSENTASE KERUSAKAN GEDUNG | C19: LOKASI GEDUNG | D19: USIA BANGUNAN | E19: JUMLAH SISWA
A20: PERSENTASE KERUSAKAN GEDUNG | B20: 1 | C20: 8 | D20: 6 | E20: 5
A21: LOKASI GEDUNG | B21: =1/C20 -> 0.125 | C21: 1 | D21: 7 | E21: 5
A22: USIA BANGUNAN | B22: =1/D20 -> 0.16666667 | C22: =1/D21 -> 0.14285714 | D22: 1 | E22: 4
A23: JUMLAH SISWA | B23: =1/E20 -> 0.2 | C23: =1/E21 -> 0.2 | D23: =1/E22 -> 0.25 | E23: 1

Sheet PERBANDINGAN KRITERIA
B1: PERBANDINGAN KRITERIA | V1: PERBANDINGAN KRITERIA | AP1: PERBANDINGAN KRITERIA
B2: PENGAWAS SEKOLAH DASAR KAPUAS BARAT (JHON) | V2: KEPALA BIDANG PENGAWASAN SEKOLAH DASAR DISDIK KAPUAS (JEFRI) | AP2: KOMISI IV DPRD KAB. KAPUAS | BJ2: PANDUAN PENGISIAN | BN2: CONDONG KE A | BV2: NETRAL | BW2: CONDONG KE B
B3: KRITERIA UTAMA | C3: KRITERIA NILAI | T3: KRITERIA PEMBANDING | V3: KRITERIA UTAMA | W3: KRITERIA NILAI | AN3: KRITERIA PEMBANDING | AP3: KRITERIA UTAMA | AQ3: KRITERIA NILAI | BH3: KRITERIA PEMBANDING | BJ3: TINGKAT KEPENTINGAN | BK3: DEFINISI | BM3: PILIHAN A | BN3: 9 | BO3: 8 | BP3: 7 | BQ3: 6 | BR3: 5 | BS3: 4 | BT3: 3 | BU3: 2 | BV3: 1 | BW3: 2 | BX3: 3 | BY3: 4 | BZ3: 5 | CA3: 6 | CB3: 7 | CC3: 8 | CD3: 9 | CE3: PILIHAN B
C4: 9 | D4: 8 | E4: 7 | F4: 6 | G4: 5 | H4: 4 | I4: 3 | J4: 2 | K4: 1 | L4: 2 | M4: 3 | N4: 4 | O4: 5 | P4: 6 | Q4: 7 | R4: 8 | S4: 9 | W4: 9 | X4: 8 | Y4: 7 | Z4: 6 | AA4: 5 | AB4: 4 | AC4: 3 | AD4: 2 | AE4: 1 | AF4: 2 | AG4: 3 | AH4: 4 | AI4: 5 | AJ4: 6 | AK4: 7 | AL4: 8 | AM4: 9 | AQ4: 9 | AR4: 8 | AS4: 7 | AT4: 6 | AU4: 5 | AV4: 4 | AW4: 3 | AX4: 2 | AY4: 1 | AZ4: 2 | BA4: 3 | BB4: 4 | BC4: 5 | BD4: 6 | BE4: 7 | BF4: 8 | BG4: 9 | BJ4: 1 | BK4: KEDUA ELEMEN SAMA PENTING
B5: PERSENTASE KERUSAKAN GEDUNG | C5: 9 | D5: 8 | E5: 7 | F5: 6 | G5: 5 | H5: 4 | I5: 3 | J5: 2 | K5: 1 | L5: 2 | M5: 3 | N5: 4 | O5: 5 | P5: 6 | Q5: 7 | R5: 8 | S5: 9 | T5: LOKASI GFEDUNG | V5: PERSENTASE KERUSAKAN GEDUNG | W5: 9 | X5: 8 | Y5: 7 | Z5: 6 | AA5: 5 | AB5: 4 | AC5: 3 | AD5: 2 | AE5: 1 | AF5: 2 | AG5: 3 | AH5: 4 | AI5: 5 | AJ5: 6 | AK5: 7 | AL5: 8 | AM5: 9 | AN5: LOKASI GFEDUNG | AP5: PERSENTASE KERUSAKAN GEDUNG | AQ5: 9 | AR5: 8 | AS5: 7 | AT5: 6 | AU5: 5 | AV5: 4 | AW5: 3 | AX5: 2 | AY5: 1 | AZ5: 2 | BA5: 3 | BB5: 4 | BC5: 5 | BD5: 6 | BE5: 7 | BF5: 8 | BG5: 9 | BH5: LOKASI GFEDUNG | BJ5: 3 | BK5: ELEMEN YANG SATU SEDIKIT LEBIH PENTING DARI YANG LAIN
B6: PERSENTASE KERUSAKAN GEDUNG | C6: 9 | D6: 8 | E6: 7 | F6: 6 | G6: 5 | H6: 4 | I6: 3 | J6: 2 | K6: 1 | L6: 2 | M6: 3 | N6: 4 | O6: 5 | P6: 6 | Q6: 7 | R6: 8 | S6: 9 | T6: USIA BANGUNAN | V6: PERSENTASE KERUSAKAN GEDUNG | W6: 9 | X6: 8 | Y6: 7 | Z6: 6 | AA6: 5 | AB6: 4 | AC6: 3 | AD6: 2 | AE6: 1 | AF6: 2 | AG6: 3 | AH6: 4 | AI6: 5 | AJ6: 6 | AK6: 7 | AL6: 8 | AM6: 9 | AN6: USIA BANGUNAN | AP6: PERSENTASE KERUSAKAN GEDUNG | AQ6: 9 | AR6: 8 | AS6: 7 | AT6: 6 | AU6: 5 | AV6: 4 | AW6: 3 | AX6: 2 | AY6: 1 | AZ6: 2 | BA6: 3 | BB6: 4 | BC6: 5 | BD6: 6 | BE6: 7 | BF6: 8 | BG6: 9 | BH6: USIA BANGUNAN | BJ6: 5 | BK6: ELEMEN YANG SATU LEBIH PENTING DARI YANG LAIN
B7: PERSENTASE KERUSAKAN GEDUNG | C7: 9 | D7: 8 | E7: 7 | F7: 6 | G7: 5 | H7: 4 | I7: 3 | J7: 2 | K7: 1 | L7: 2 | M7: 3 | N7: 4 | O7: 5 | P7: 6 | Q7: 7 | R7: 8 | S7: 9 | T7: JUMLAH SISWA | V7: PERSENTASE KERUSAKAN GEDUNG | W7: 9 | X7: 8 | Y7: 7 | Z7: 6 | AA7: 5 | AB7: 4 | AC7: 3 | AD7: 2 | AE7: 1 | AF7: 2 | AG7: 3 | AH7: 4 | AI7: 5 | AJ7: 6 | AK7: 7 | AL7: 8 | AM7: 9 | AN7: JUMLAH SISWA | AP7: PERSENTASE KERUSAKAN GEDUNG | AQ7: 9 | AR7: 8 | AS7: 7 | AT7: 6 | AU7: 5 | AV7: 4 | AW7: 3 | AX7: 2 | AY7: 1 | AZ7: 2 | BA7: 3 | BB7: 4 | BC7: 5 | BD7: 6 | BE7: 7 | BF7: 8 | BG7: 9 | BH7: JUMLAH SISWA | BJ7: 7 | BK7: ELEMEN YANG SATU SANGAT PENTING DARI YANG LAIN
B8: LOKASI GEDUNG | C8: 9 | D8: 8 | E8: 7 | F8: 6 | G8: 5 | H8: 4 | I8: 3 | J8: 2 | K8: 1 | L8: 2 | M8: 3 | N8: 4 | O8: 5 | P8: 6 | Q8: 7 | R8: 8 | S8: 9 | T8: USIA BANGUNAN | V8: LOKASI GEDUNG | W8: 9 | X8: 8 | Y8: 7 | Z8: 6 | AA8: 5 | AB8: 4 | AC8: 3 | AD8: 2 | AE8: 1 | AF8: 2 | AG8: 3 | AH8: 4 | AI8: 5 | AJ8: 6 | AK8: 7 | AL8: 8 | AM8: 9 | AN8: USIA BANGUNAN | AP8: LOKASI GEDUNG | AQ8: 9 | AR8: 8 | AS8: 7 | AT8: 6 | AU8: 5 | AV8: 4 | AW8: 3 | AX8: 2 | AY8: 1 | AZ8: 2 | BA8: 3 | BB8: 4 | BC8: 5 | BD8: 6 | BE8: 7 | BF8: 8 | BG8: 9 | BH8: USIA BANGUNAN | BJ8: 9 | BK8: ELEMEN YANG SATU MUTLAK LEBIH PENTING DARI YANG LAIN
B9: LOKASI GEDUNG | C9: 9 | D9: 8 | E9: 7 | F9: 6 | G9: 5 | H9: 4 | I9: 3 | J9: 2 | K9: 1 | L9: 2 | M9: 3 | N9: 4 | O9: 5 | P9: 6 | Q9: 7 | R9: 8 | S9: 9 | T9: JUMLAH SISWA | V9: LOKASI GEDUNG | W9: 9 | X9: 8 | Y9: 7 | Z9: 6 | AA9: 5 | AB9: 4 | AC9: 3 | AD9: 2 | AE9: 1 | AF9: 2 | AG9: 3 | AH9: 4 | AI9: 5 | AJ9: 6 | AK9: 7 | AL9: 8 | AM9: 9 | AN9: JUMLAH SISWA | AP9: LOKASI GEDUNG | AQ9: 9 | AR9: 8 | AS9: 7 | AT9: 6 | AU9: 5 | AV9: 4 | AW9: 3 | AX9: 2 | AY9: 1 | AZ9: 2 | BA9: 3 | BB9: 4 | BC9: 5 | BD9: 6 | BE9: 7 | BF9: 8 | BG9: 9 | BH9: JUMLAH SISWA | BJ9: 2,4,6,8 | BK9: NILAI KOMPROMI (NILAI TENGAH ANTARA DUA PERBANDINGAN)
B10: USIA BANGUNAN | C10: 9 | D10: 8 | E10: 7 | F10: 6 | G10: 5 | H10: 4 | I10: 3 | J10: 2 | K10: 1 | L10: 2 | M10: 3 | N10: 4 | O10: 5 | P10: 6 | Q10: 7 | R10: 8 | S10: 9 | T10: JUMLAH SISWA | V10: USIA BANGUNAN | W10: 9 | X10: 8 | Y10: 7 | Z10: 6 | AA10: 5 | AB10: 4 | AC10: 3 | AD10: 2 | AE10: 1 | AF10: 2 | AG10: 3 | AH10: 4 | AI10: 5 | AJ10: 6 | AK10: 7 | AL10: 8 | AM10: 9 | AN10: JUMLAH SISWA | AP10: USIA BANGUNAN | AQ10: 9 | AR10: 8 | AS10: 7 | AT10: 6 | AU10: 5 | AV10: 4 | AW10: 3 | AX10: 2 | AY10: 1 | AZ10: 2 | BA10: 3 | BB10: 4 | BC10: 5 | BD10: 6 | BE10: 7 | BF10: 8 | BG10: 9 | BH10: JUMLAH SISWA

Sheet PERSENTASE KERUSAKAN GEDUNG
B1: PERSENTASE KERUSAKAN GEDUNG | V1: PERSENTASE KERUSAKAN GEDUNG | AP1: PERSENTASE KERUSAKAN GEDUNG
B2: PENGAWAS SEKOLAH DASAR KAPUAS BARAT (JHON) | V2: KEPALA BIDANG PENGAWASAN SEKOLAH DASAR DISDIK KAPUAS (JEFRI) | AP2: KOMISI IV DPRD KAB. KAPUAS
B3: SEKOLAH UTAMA | C3: KRITERIA NILAI | T3: SEKOLAH PEMBANDING | V3: SEKOLAH UTAMA | W3: KRITERIA NILAI | AN3: SEKOLAH PEMBANDING | AP3: SEKOLAH UTAMA | AQ3: KRITERIA NILAI | BH3: SEKOLAH PEMBANDING
C4: 9 | D4: 8 | E4: 7 | F4: 6 | G4: 5 | H4: 4 | I4: 3 | J4: 2 | K4: 1 | L4: 2 | M4: 3 | N4: 4 | O4: 5 | P4: 6 | Q4: 7 | R4: 8 | S4: 9 | W4: 9 | X4: 8 | Y4: 7 | Z4: 6 | AA4: 5 | AB4: 4 | AC4: 3 | AD4: 2 | AE4: 1 | AF4: 2 | AG4: 3 | AH4: 4 | AI4: 5 | AJ4: 6 | AK4: 7 | AL4: 8 | AM4: 9 | AQ4: 9 | AR4: 8 | AS4: 7 | AT4: 6 | AU4: 5 | AV4: 4 | AW4: 3 | AX4: 2 | AY4: 1 | AZ4: 2 | BA4: 3 | BB4: 4 | BC4: 5 | BD4: 6 | BE4: 7 | BF4: 8 | BG4: 9
B5: SDN-2 ANJIR KALAMPAN | C5: 9 | D5: 8 | E5: 7 | F5: 6 | G5: 5 | H5: 4 | I5: 3 | J5: 2 | K5: 1 | L5: 2 | M5: 3 | N5: 4 | O5: 5 | P5: 6 | Q5: 7 | R5: 8 | S5: 9 | T5: SDN-3 ANJIR KALAMPAN | V5: SDN-2 ANJIR KALAMPAN | W5: 9 | X5: 8 | Y5: 7 | Z5: 6 | AA5: 5 | AB5: 4 | AC5: 3 | AD5: 2 | AE5: 1 | AF5: 2 | AG5: 3 | AH5: 4 | AI5: 5 | AJ5: 6 | AK5: 7 | AL5: 8 | AM5: 9 | AN5: SDN-3 ANJIR KALAMPAN | AP5: SDN-2 ANJIR KALAMPAN | AQ5: 9 | AR5: 8 | AS5: 7 | AT5: 6 | AU5: 5 | AV5: 4 | AW5: 3 | AX5: 2 | AY5: 1 | AZ5: 2 | BA5: 3 | BB5: 4 | BC5: 5 | BD5: 6 | BE5: 7 | BF5: 8 | BG5: 9 | BH5: SDN-3 ANJIR KALAMPAN
B6: SDN-2 ANJIR KALAMPAN | C6: 9 | D6: 8 | E6: 7 | F6: 6 | G6: 5 | H6: 4 | I6: 3 | J6: 2 | K6: 1 | L6: 2 | M6: 3 | N6: 4 | O6: 5 | P6: 6 | Q6: 7 | R6: 8 | S6: 9 | T6: SDN-1 SAKA MANGKAHAI | V6: SDN-2 ANJIR KALAMPAN | W6: 9 | X6: 8 | Y6: 7 | Z6: 6 | AA6: 5 | AB6: 4 | AC6: 3 | AD6: 2 | AE6: 1 | AF6: 2 | AG6: 3 | AH6: 4 | AI6: 5 | AJ6: 6 | AK6: 7 | AL6: 8 | AM6: 9 | AN6: SDN-1 SAKA MANGKAHAI | AP6: SDN-2 ANJIR KALAMPAN | AQ6: 9 | AR6: 8 | AS6: 7 | AT6: 6 | AU6: 5 | AV6: 4 | AW6: 3 | AX6: 2 | AY6: 1 | AZ6: 2 | BA6: 3 | BB6: 4 | BC6: 5 | BD6: 6 | BE6: 7 | BF6: 8 | BG6: 9 | BH6: SDN-1 SAKA MANGKAHAI | BJ6: PANDUAN PENGISIAN | BN6: CONDONG KE A | BV6: NETRAL | BW6: CONDONG KE B
B7: SDN-2 ANJIR KALAMPAN | C7: 9 | D7: 8 | E7: 7 | F7: 6 | G7: 5 | H7: 4 | I7: 3 | J7: 2 | K7: 1 | L7: 2 | M7: 3 | N7: 4 | O7: 5 | P7: 6 | Q7: 7 | R7: 8 | S7: 9 | T7: SDN-2 SAKA MANGKAHAI | V7: SDN-2 ANJIR KALAMPAN | W7: 9 | X7: 8 | Y7: 7 | Z7: 6 | AA7: 5 | AB7: 4 | AC7: 3 | AD7: 2 | AE7: 1 | AF7: 2 | AG7: 3 | AH7: 4 | AI7: 5 | AJ7: 6 | AK7: 7 | AL7: 8 | AM7: 9 | AN7: SDN-2 SAKA MANGKAHAI | AP7: SDN-2 ANJIR KALAMPAN | AQ7: 9 | AR7: 8 | AS7: 7 | AT7: 6 | AU7: 5 | AV7: 4 | AW7: 3 | AX7: 2 | AY7: 1 | AZ7: 2 | BA7: 3 | BB7: 4 | BC7: 5 | BD7: 6 | BE7: 7 | BF7: 8 | BG7: 9 | BH7: SDN-2 SAKA MANGKAHAI | BJ7: TINGKAT KEPENTINGAN | BK7: DEFINISI | BM7: PILIHAN A | BN7: 9 | BO7: 8 | BP7: 7 | BQ7: 6 | BR7: 5 | BS7: 4 | BT7: 3 | BU7: 2 | BV7: 1 | BW7: 2 | BX7: 3 | BY7: 4 | BZ7: 5 | CA7: 6 | CB7: 7 | CC7: 8 | CD7: 9 | CE7: PILIHAN B
B8: SDN-2 ANJIR KALAMPAN | C8: 9 | D8: 8 | E8: 7 | F8: 6 | G8: 5 | H8: 4 | I8: 3 | J8: 2 | K8: 1 | L8: 2 | M8: 3 | N8: 4 | O8: 5 | P8: 6 | Q8: 7 | R8: 8 | S8: 9 | T8: SDN-2 MANDOMAI | V8: SDN-2 ANJIR KALAMPAN | W8: 9 | X8: 8 | Y8: 7 | Z8: 6 | AA8: 5 | AB8: 4 | AC8: 3 | AD8: 2 | AE8: 1 | AF8: 2 | AG8: 3 | AH8: 4 | AI8: 5 | AJ8: 6 | AK8: 7 | AL8: 8 | AM8: 9 | AN8: SDN-2 MANDOMAI | AP8: SDN-2 ANJIR KALAMPAN | AQ8: 9 | AR8: 8 | AS8: 7 | AT8: 6 | AU8: 5 | AV8: 4 | AW8: 3 | AX8: 2 | AY8: 1 | AZ8: 2 | BA8: 3 | BB8: 4 | BC8: 5 | BD8: 6 | BE8: 7 | BF8: 8 | BG8: 9 | BH8: SDN-2 MANDOMAI | BJ8: 1 | BK8: KEDUA ELEMEN SAMA PENTING
B9: SDN-2 ANJIR KALAMPAN | C9: 9 | D9: 8 | E9: 7 | F9: 6 | G9: 5 | H9: 4 | I9: 3 | J9: 2 | K9: 1 | L9: 2 | M9: 3 | N9: 4 | O9: 5 | P9: 6 | Q9: 7 | R9: 8 | S9: 9 | T9: SDN-3 MANDOMAI | V9: SDN-2 ANJIR KALAMPAN | W9: 9 | X9: 8 | Y9: 7 | Z9: 6 | AA9: 5 | AB9: 4 | AC9: 3 | AD9: 2 | AE9: 1 | AF9: 2 | AG9: 3 | AH9: 4 | AI9: 5 | AJ9: 6 | AK9: 7 | AL9: 8 | AM9: 9 | AN9: SDN-3 MANDOMAI | AP9: SDN-2 ANJIR KALAMPAN | AQ9: 9 | AR9: 8 | AS9: 7 | AT9: 6 | AU9: 5 | AV9: 4 | AW9: 3 | AX9: 2 | AY9: 1 | AZ9: 2 | BA9: 3 | BB9: 4 | BC9: 5 | BD9: 6 | BE9: 7 | BF9: 8 | BG9: 9 | BH9: SDN-3 MANDOMAI | BJ9: 3 | BK9: ELEMEN YANG SATU SEDIKIT LEBIH PENTING DARI YANG LAIN
B10: SDN-2 ANJIR KALAMPAN | C10: 9 | D10: 8 | E10: 7 | F10: 6 | G10: 5 | H10: 4 | I10: 3 | J10: 2 | K10: 1 | L10: 2 | M10: 3 | N10: 4 | O10: 5 | P10: 6 | Q10: 7 | R10: 8 | S10: 9 | T10: SDN-4 MANDOMAI | V10: SDN-2 ANJIR KALAMPAN | W10: 9 | X10: 8 | Y10: 7 | Z10: 6 | AA10: 5 | AB10: 4 | AC10: 3 | AD10: 2 | AE10: 1 | AF10: 2 | AG10: 3 | AH10: 4 | AI10: 5 | AJ10: 6 | AK10: 7 | AL10: 8 | AM10: 9 | AN10: SDN-4 MANDOMAI | AP10: SDN-2 ANJIR KALAMPAN | AQ10: 9 | AR10: 8 | AS10: 7 | AT10: 6 | AU10: 5 | AV10: 4 | AW10: 3 | AX10: 2 | AY10: 1 | AZ10: 2 | BA10: 3 | BB10: 4 | BC10: 5 | BD10: 6 | BE10: 7 | BF10: 8 | BG10: 9 | BH10: SDN-4 MANDOMAI | BJ10: 5 | BK10: ELEMEN YANG SATU LEBIH PENTING DARI YANG LAIN
B11: SDN-2 ANJIR KALAMPAN | C11: 9 | D11: 8 | E11: 7 | F11: 6 | G11: 5 | H11: 4 | I11: 3 | J11: 2 | K11: 1 | L11: 2 | M11: 3 | N11: 4 | O11: 5 | P11: 6 | Q11: 7 | R11: 8 | S11: 9 | T11: SDN-1 PANTAI | V11: SDN-2 ANJIR KALAMPAN | W11: 9 | X11: 8 | Y11: 7 | Z11: 6 | AA11: 5 | AB11: 4 | AC11: 3 | AD11: 2 | AE11: 1 | AF11: 2 | AG11: 3 | AH11: 4 | AI11: 5 | AJ11: 6 | AK11: 7 | AL11: 8 | AM11: 9 | AN11: SDN-1 PANTAI | AP11: SDN-2 ANJIR KALAMPAN | AQ11: 9 | AR11: 8 | AS11: 7 | AT11: 6 | AU11: 5 | AV11: 4 | AW11: 3 | AX11: 2 | AY11: 1 | AZ11: 2 | BA11: 3 | BB11: 4 | BC11: 5 | BD11: 6 | BE11: 7 | BF11: 8 | BG11: 9 | BH11: SDN-1 PANTAI | BJ11: 7 | BK11: ELEMEN YANG SATU SANGAT PENTING DARI YANG LAIN
B12: SDN-2 ANJIR KALAMPAN | C12: 9 | D12: 8 | E12: 7 | F12: 6 | G12: 5 | H12: 4 | I12: 3 | J12: 2 | K12: 1 | L12: 2 | M12: 3 | N12: 4 | O12: 5 | P12: 6 | Q12: 7 | R12: 8 | S12: 9 | T12: SDN-2 PANTAI | V12: SDN-2 ANJIR KALAMPAN | W12: 9 | X12: 8 | Y12: 7 | Z12: 6 | AA12: 5 | AB12: 4 | AC12: 3 | AD12: 2 | AE12: 1 | AF12: 2 | AG12: 3 | AH12: 4 | AI12: 5 | AJ12: 6 | AK12: 7 | AL12: 8 | AM12: 9 | AN12: SDN-2 PANTAI | AP12: SDN-2 ANJIR KALAMPAN | AQ12: 9 | AR12: 8 | AS12: 7 | AT12: 6 | AU12: 5 | AV12: 4 | AW12: 3 | AX12: 2 | AY12: 1 | AZ12: 2 | BA12: 3 | BB12: 4 | BC12: 5 | BD12: 6 | BE12: 7 | BF12: 8 | BG12: 9 | BH12: SDN-2 PANTAI | BJ12: 9 | BK12: ELEMEN YANG SATU MUTLAK LEBIH PENTING DARI YANG LAIN
B13: SDN-2 ANJIR KALAMPAN | C13: 9 | D13: 8 | E13: 7 | F13: 6 | G13: 5 | H13: 4 | I13: 3 | J13: 2 | K13: 1 | L13: 2 | M13: 3 | N13: 4 | O13: 5 | P13: 6 | Q13: 7 | R13: 8 | S13: 9 | T13: SDN-1 BASUTA RAYA | V13: SDN-2 ANJIR KALAMPAN | W13: 9 | X13: 8 | Y13: 7 | Z13: 6 | AA13: 5 | AB13: 4 | AC13: 3 | AD13: 2 | AE13: 1 | AF13: 2 | AG13: 3 | AH13: 4 | AI13: 5 | AJ13: 6 | AK13: 7 | AL13: 8 | AM13: 9 | AN13: SDN-1 BASUTA RAYA | AP13: SDN-2 ANJIR KALAMPAN | AQ13: 9 | AR13: 8 | AS13: 7 | AT13: 6 | AU13: 5 | AV13: 4 | AW13: 3 | AX13: 2 | AY13: 1 | AZ13: 2 | BA13: 3 | BB13: 4 | BC13: 5 | BD13: 6 | BE13: 7 | BF13: 8 | BG13: 9 | BH13: SDN-1 BASUTA RAYA | BJ13: 2,4,6,8 | BK13: NILAI KOMPROMI (NILAI TENGAH ANTARA DUA PERBANDINGAN)
B14: SDN-2 ANJIR KALAMPAN | C14: 9 | D14: 8 | E14: 7 | F14: 6 | G14: 5 | H14: 4 | I14: 3 | J14: 2 | K14: 1 | L14: 2 | M14: 3 | N14: 4 | O14: 5 | P14: 6 | Q14: 7 | R14: 8 | S14: 9 | T14: SDN-1 SEI PITUNG | V14: SDN-2 ANJIR KALAMPAN | W14: 9 | X14: 8 | Y14: 7 | Z14: 6 | AA14: 5 | AB14: 4 | AC14: 3 | AD14: 2 | AE14: 1 | AF14: 2 | AG14: 3 | AH14: 4 | AI14: 5 | AJ14: 6 | AK14: 7 | AL14: 8 | AM14: 9 | AN14: SDN-1 SEI PITUNG | AP14: SDN-2 ANJIR KALAMPAN | AQ14: 9 | AR14: 8 | AS14: 7 | AT14: 6 | AU14: 5 | AV14: 4 | AW14: 3 | AX14: 2 | AY14: 1 | AZ14: 2 | BA14: 3 | BB14: 4 | BC14: 5 | BD14: 6 | BE14: 7 | BF14: 8 | BG14: 9 | BH14: SDN-1 SEI PITUNG
B15: SDN-2 ANJIR KALAMPAN | C15: 9 | D15: 8 | E15: 7 | F15: 6 | G15: 5 | H15: 4 | I15: 3 | J15: 2 | K15: 1 | L15: 2 | M15: 3 | N15: 4 | O15: 5 | P15: 6 | Q15: 7 | R15: 8 | S15: 9 | T15: SDN-1 PENDA KATAPI | V15: SDN-2 ANJIR KALAMPAN | W15: 9 | X15: 8 | Y15: 7 | Z15: 6 | AA15: 5 | AB15: 4 | AC15: 3 | AD15: 2 | AE15: 1 | AF15: 2 | AG15: 3 | AH15: 4 | AI15: 5 | AJ15: 6 | AK15: 7 | AL15: 8 | AM15: 9 | AN15: SDN-1 PENDA KATAPI | AP15: SDN-2 ANJIR KALAMPAN | AQ15: 9 | AR15: 8 | AS15: 7 | AT15: 6 | AU15: 5 | AV15: 4 | AW15: 3 | AX15: 2 | AY15: 1 | AZ15: 2 | BA15: 3 | BB15: 4 | BC15: 5 | BD15: 6 | BE15: 7 | BF15: 8 | BG15: 9 | BH15: SDN-1 PENDA KATAPI
B16: SDN-2 ANJIR KALAMPAN | C16: 9 | D16: 8 | E16: 7 | F16: 6 | G16: 5 | H16: 4 | I16: 3 | J16: 2 | K16: 1 | L16: 2 | M16: 3 | N16: 4 | O16: 5 | P16: 6 | Q16: 7 | R16: 8 | S16: 9 | T16: SDN-1 SEI KAYU | V16: SDN-2 ANJIR KALAMPAN | W16: 9 | X16: 8 | Y16: 7 | Z16: 6 | AA16: 5 | AB16: 4 | AC16: 3 | AD16: 2 | AE16: 1 | AF16: 2 | AG16: 3 | AH16: 4 | AI16: 5 | AJ16: 6 | AK16: 7 | AL16: 8 | AM16: 9 | AN16: SDN-1 SEI KAYU | AP16: SDN-2 ANJIR KALAMPAN | AQ16: 9 | AR16: 8 | AS16: 7 | AT16: 6 | AU16: 5 | AV16: 4 | AW16: 3 | AX16: 2 | AY16: 1 | AZ16: 2 | BA16: 3 | BB16: 4 | BC16: 5 | BD16: 6 | BE16: 7 | BF16: 8 | BG16: 9 | BH16: SDN-1 SEI KAYU
B17: SDN-2 ANJIR KALAMPAN | C17: 9 | D17: 8 | E17: 7 | F17: 6 | G17: 5 | H17: 4 | I17: 3 | J17: 2 | K17: 1 | L17: 2 | M17: 3 | N17: 4 | O17: 5 | P17: 6 | Q17: 7 | R17: 8 | S17: 9 | T17: SDN-2 SEI KAYU | V17: SDN-2 ANJIR KALAMPAN | W17: 9 | X17: 8 | Y17: 7 | Z17: 6 | AA17: 5 | AB17: 4 | AC17: 3 | AD17: 2 | AE17: 1 | AF17: 2 | AG17: 3 | AH17: 4 | AI17: 5 | AJ17: 6 | AK17: 7 | AL17: 8 | AM17: 9 | AN17: SDN-2 SEI KAYU | AP17: SDN-2 ANJIR KALAMPAN | AQ17: 9 | AR17: 8 | AS17: 7 | AT17: 6 | AU17: 5 | AV17: 4 | AW17: 3 | AX17: 2 | AY17: 1 | AZ17: 2 | BA17: 3 | BB17: 4 | BC17: 5 | BD17: 6 | BE17: 7 | BF17: 8 | BG17: 9 | BH17: SDN-2 SEI KAYU
B18: SDN-2 ANJIR KALAMPAN | C18: 9 | D18: 8 | E18: 7 | F18: 6 | G18: 5 | H18: 4 | I18: 3 | J18: 2 | K18: 1 | L18: 2 | M18: 3 | N18: 4 | O18: 5 | P18: 6 | Q18: 7 | R18: 8 | S18: 9 | T18: SDN-1 SEI DUSUN | V18: SDN-2 ANJIR KALAMPAN | W18: 9 | X18: 8 | Y18: 7 | Z18: 6 | AA18: 5 | AB18: 4 | AC18: 3 | AD18: 2 | AE18: 1 | AF18: 2 | AG18: 3 | AH18: 4 | AI18: 5 | AJ18: 6 | AK18: 7 | AL18: 8 | AM18: 9 | AN18: SDN-1 SEI DUSUN | AP18: SDN-2 ANJIR KALAMPAN | AQ18: 9 | AR18: 8 | AS18: 7 | AT18: 6 | AU18: 5 | AV18: 4 | AW18: 3 | AX18: 2 | AY18: 1 | AZ18: 2 | BA18: 3 | BB18: 4 | BC18: 5 | BD18: 6 | BE18: 7 | BF18: 8 | BG18: 9 | BH18: SDN-1 SEI DUSUN
B19: SDN-3 ANJIR KALAMPAN | C19: 9 | D19: 8 | E19: 7 | F19: 6 | G19: 5 | H19: 4 | I19: 3 | J19: 2 | K19: 1 | L19: 2 | M19: 3 | N19: 4 | O19: 5 | P19: 6 | Q19: 7 | R19: 8 | S19: 9 | T19: SDN-1 SAKA MANGKAHAI | V19: SDN-3 ANJIR KALAMPAN | W19: 9 | X19: 8 | Y19: 7 | Z19: 6 | AA19: 5 | AB19: 4 | AC19: 3 | AD19: 2 | AE19: 1 | AF19: 2 | AG19: 3 | AH19: 4 | AI19: 5 | AJ19: 6 | AK19: 7 | AL19: 8 | AM19: 9 | AN19: SDN-1 SAKA MANGKAHAI | AP19: SDN-3 ANJIR KALAMPAN | AQ19: 9 | AR19: 8 | AS19: 7 | AT19: 6 | AU19: 5 | AV19: 4 | AW19: 3 | AX19: 2 | AY19: 1 | AZ19: 2 | BA19: 3 | BB19: 4 | BC19: 5 | BD19: 6 | BE19: 7 | BF19: 8 | BG19: 9 | BH19: SDN-1 SAKA MANGKAHAI
B20: SDN-3 ANJIR KALAMPAN | C20: 9 | D20: 8 | E20: 7 | F20: 6 | G20: 5 | H20: 4 | I20: 3 | J20: 2 | K20: 1 | L20: 2 | M20: 3 | N20: 4 | O20: 5 | P20: 6 | Q20: 7 | R20: 8 | S20: 9 | T20: SDN-2 SAKA MANGKAHAI | V20: SDN-3 ANJIR KALAMPAN | W20: 9 | X20: 8 | Y20: 7 | Z20: 6 | AA20: 5 | AB20: 4 | AC20: 3 | AD20: 2 | AE20: 1 | AF20: 2 | AG20: 3 | AH20: 4 | AI20: 5 | AJ20: 6 | AK20: 7 | AL20: 8 | AM20: 9 | AN20: SDN-2 SAKA MANGKAHAI | AP20: SDN-3 ANJIR KALAMPAN | AQ20: 9 | AR20: 8 | AS20: 7 | AT20: 6 | AU20: 5 | AV20: 4 | AW20: 3 | AX20: 2 | AY20: 1 | AZ20: 2 | BA20: 3 | BB20: 4 | BC20: 5 | BD20: 6 | BE20: 7 | BF20: 8 | BG20: 9 | BH20: SDN-2 SAKA MANGKAHAI
B21: SDN-3 ANJIR KALAMPAN | C21: 9 | D21: 8 | E21: 7 | F21: 6 | G21: 5 | H21: 4 | I21: 3 | J21: 2 | K21: 1 | L21: 2 | M21: 3 | N21: 4 | O21: 5 | P21: 6 | Q21: 7 | R21: 8 | S21: 9 | T21: SDN-2 MANDOMAI | V21: SDN-3 ANJIR KALAMPAN | W21: 9 | X21: 8 | Y21: 7 | Z21: 6 | AA21: 5 | AB21: 4 | AC21: 3 | AD21: 2 | AE21: 1 | AF21: 2 | AG21: 3 | AH21: 4 | AI21: 5 | AJ21: 6 | AK21: 7 | AL21: 8 | AM21: 9 | AN21: SDN-2 MANDOMAI | AP21: SDN-3 ANJIR KALAMPAN | AQ21: 9 | AR21: 8 | AS21: 7 | AT21: 6 | AU21: 5 | AV21: 4 | AW21: 3 | AX21: 2 | AY21: 1 | AZ21: 2 | BA21: 3 | BB21: 4 | BC21: 5 | BD21: 6 | BE21: 7 | BF21: 8 | BG21: 9 | BH21: SDN-2 MANDOMAI
B22: SDN-3 ANJIR KALAMPAN | C22: 9 | D22: 8 | E22: 7 | F22: 6 | G22: 5 | H22: 4 | I22: 3 | J22: 2 | K22: 1 | L22: 2 | M22: 3 | N22: 4 | O22: 5 | P22: 6 | Q22: 7 | R22: 8 | S22: 9 | T22: SDN-3 MANDOMAI | V22: SDN-3 ANJIR KALAMPAN | W22: 9 | X22: 8 | Y22: 7 | Z22: 6 | AA22: 5 | AB22: 4 | AC22: 3 | AD22: 2 | AE22: 1 | AF22: 2 | AG22: 3 | AH22: 4 | AI22: 5 | AJ22: 6 | AK22: 7 | AL22: 8 | AM22: 9 | AN22: SDN-3 MANDOMAI | AP22: SDN-3 ANJIR KALAMPAN | AQ22: 9 | AR22: 8 | AS22: 7 | AT22: 6 | AU22: 5 | AV22: 4 | AW22: 3 | AX22: 2 | AY22: 1 | AZ22: 2 | BA22: 3 | BB22: 4 | BC22: 5 | BD22: 6 | BE22: 7 | BF22: 8 | BG22: 9 | BH22: SDN-3 MANDOMAI
B23: SDN-3 ANJIR KALAMPAN | C23: 9 | D23: 8 | E23: 7 | F23: 6 | G23: 5 | H23: 4 | I23: 3 | J23: 2 | K23: 1 | L23: 2 | M23: 3 | N23: 4 | O23: 5 | P23: 6 | Q23: 7 | R23: 8 | S23: 9 | T23: SDN-4 MANDOMAI | V23: SDN-3 ANJIR KALAMPAN | W23: 9 | X23: 8 | Y23: 7 | Z23: 6 | AA23: 5 | AB23: 4 | AC23: 3 | AD23: 2 | AE23: 1 | AF23: 2 | AG23: 3 | AH23: 4 | AI23: 5 | AJ23: 6 | AK23: 7 | AL23: 8 | AM23: 9 | AN23: SDN-4 MANDOMAI | AP23: SDN-3 ANJIR KALAMPAN | AQ23: 9 | AR23: 8 | AS23: 7 | AT23: 6 | AU23: 5 | AV23: 4 | AW23: 3 | AX23: 2 | AY23: 1 | AZ23: 2 | BA23: 3 | BB23: 4 | BC23: 5 | BD23: 6 | BE23: 7 | BF23: 8 | BG23: 9 | BH23: SDN-4 MANDOMAI
B24: SDN-3 ANJIR KALAMPAN | C24: 9 | D24: 8 | E24: 7 | F24: 6 | G24: 5 | H24: 4 | I24: 3 | J24: 2 | K24: 1 | L24: 2 | M24: 3 | N24: 4 | O24: 5 | P24: 6 | Q24: 7 | R24: 8 | S24: 9 | T24: SDN-1 PANTAI | V24: SDN-3 ANJIR KALAMPAN | W24: 9 | X24: 8 | Y24: 7 | Z24: 6 | AA24: 5 | AB24: 4 | AC24: 3 | AD24: 2 | AE24: 1 | AF24: 2 | AG24: 3 | AH24: 4 | AI24: 5 | AJ24: 6 | AK24: 7 | AL24: 8 | AM24: 9 | AN24: SDN-1 PANTAI | AP24: SDN-3 ANJIR KALAMPAN | AQ24: 9 | AR24: 8 | AS24: 7 | AT24: 6 | AU24: 5 | AV24: 4 | AW24: 3 | AX24: 2 | AY24: 1 | AZ24: 2 | BA24: 3 | BB24: 4 | BC24: 5 | BD24: 6 | BE24: 7 | BF24: 8 | BG24: 9 | BH24: SDN-1 PANTAI
B25: SDN-3 ANJIR KALAMPAN | C25: 9 | D25: 8 | E25: 7 | F25: 6 | G25: 5 | H25: 4 | I25: 3 | J25: 2 | K25: 1 | L25: 2 | M25: 3 | N25: 4 | O25: 5 | P25: 6 | Q25: 7 | R25: 8 | S25: 9 | T25: SDN-2 PANTAI | V25: SDN-3 ANJIR KALAMPAN | W25: 9 | X25: 8 | Y25: 7 | Z25: 6 | AA25: 5 | AB25: 4 | AC25: 3 | AD25: 2 | AE25: 1 | AF25: 2 | AG25: 3 | AH25: 4 | AI25: 5 | AJ25: 6 | AK25: 7 | AL25: 8 | AM25: 9 | AN25: SDN-2 PANTAI | AP25: SDN-3 ANJIR KALAMPAN | AQ25: 9 | AR25: 8 | AS25: 7 | AT25: 6 | AU25: 5 | AV25: 4 | AW25: 3 | AX25: 2 | AY25: 1 | AZ25: 2 | BA25: 3 | BB25: 4 | BC25: 5 | BD25: 6 | BE25: 7 | BF25: 8 | BG25: 9 | BH25: SDN-2 PANTAI
... B109: SDN-2 SEI KAYU | C109: 9 | D109: 8 | E109: 7 | F109: 6 | G109: 5 | H109: 4 | I109: 3 | J109: 2 | K109: 1 | L109: 2 | M109: 3 | N109: 4 | O109: 5 | P109: 6 | Q109: 7 | R109: 8 | S109: 9 | T109: SDN-1 SEI DUSUN | V109: SDN-2 SEI KAYU | W109: 9 | X109: 8 | Y109: 7 | Z109: 6 | AA109: 5 | AB109: 4 | AC109: 3 | AD109: 2 | AE109: 1 | AF109: 2 | AG109: 3 | AH109: 4 | AI109: 5 | AJ109: 6 | AK109: 7 | AL109: 8 | AM109: 9 | AN109: SDN-1 SEI DUSUN | AP109: SDN-2 SEI KAYU | AQ109: 9 | AR109: 8 | AS109: 7 | AT109: 6 | AU109: 5 | AV109: 4 | AW109: 3 | AX109: 2 | AY109: 1 | AZ109: 2 | BA109: 3 | BB109: 4 | BC109: 5 | BD109: 6 | BE109: 7 | BF109: 8 | BG109: 9 | BH109: SDN-1 SEI DUSUN

Sheet LOKASI GEDUNG
B1: LOKASI GEDUNG | V1: LOKASI GEDUNG | AP1: LOKASI GEDUNG
B2: PENGAWAS SEKOLAH DASAR KAPUAS BARAT (JHON) | V2: KEPALA BIDANG PENGAWASAN SEKOLAH DASAR DISDIK KAPUAS (JEFRI) | AP2: KOMISI IV DPRD KAB. KAPUAS
B3: SEKOLAH UTAMA | C3: KRITERIA NILAI | T3: SEKOLAH PEMBANDING | V3: SEKOLAH UTAMA | W3: KRITERIA NILAI | AN3: SEKOLAH PEMBANDING | AP3: SEKOLAH UTAMA | AQ3: KRITERIA NILAI | BH3: SEKOLAH PEMBANDING
C4: 9 | D4: 8 | E4: 7 | F4: 6 | G4: 5 | H4: 4 | I4: 3 | J4: 2 | K4: 1 | L4: 2 | M4: 3 | N4: 4 | O4: 5 | P4: 6 | Q4: 7 | R4: 8 | S4: 9 | W4: 9 | X4: 8 | Y4: 7 | Z4: 6 | AA4: 5 | AB4: 4 | AC4: 3 | AD4: 2 | AE4: 1 | AF4: 2 | AG4: 3 | AH4: 4 | AI4: 5 | AJ4: 6 | AK4: 7 | AL4: 8 | AM4: 9 | AQ4: 9 | AR4: 8 | AS4: 7 | AT4: 6 | AU4: 5 | AV4: 4 | AW4: 3 | AX4: 2 | AY4: 1 | AZ4: 2 | BA4: 3 | BB4: 4 | BC4: 5 | BD4: 6 | BE4: 7 | BF4: 8 | BG4: 9
B5: SDN-2 ANJIR KALAMPAN | C5: 9 | D5: 8 | E5: 7 | F5: 6 | G5: 5 | H5: 4 | I5: 3 | J5: 2 | K5: 1 | L5: 2 | M5: 3 | N5: 4 | O5: 5 | P5: 6 | Q5: 7 | R5: 8 | S5: 9 | T5: SDN-3 ANJIR KALAMPAN | V5: SDN-2 ANJIR KALAMPAN | W5: 9 | X5: 8 | Y5: 7 | Z5: 6 | AA5: 5 | AB5: 4 | AC5: 3 | AD5: 2 | AE5: 1 | AF5: 2 | AG5: 3 | AH5: 4 | AI5: 5 | AJ5: 6 | AK5: 7 | AL5: 8 | AM5: 9 | AN5: SDN-3 ANJIR KALAMPAN | AP5: SDN-2 ANJIR KALAMPAN | AQ5: 9 | AR5: 8 | AS5: 7 | AT5: 6 | AU5: 5 | AV5: 4 | AW5: 3 | AX5: 2 | AY5: 1 | AZ5: 2 | BA5: 3 | BB5: 4 | BC5: 5 | BD5: 6 | BE5: 7 | BF5: 8 | BG5: 9 | BH5: SDN-3 ANJIR KALAMPAN | BJ5: PANDUAN PENGISIAN | BN5: CONDONG KE A | BV5: NETRAL | BW5: CONDONG KE B
B6: SDN-2 ANJIR KALAMPAN | C6: 9 | D6: 8 | E6: 7 | F6: 6 | G6: 5 | H6: 4 | I6: 3 | J6: 2 | K6: 1 | L6: 2 | M6: 3 | N6: 4 | O6: 5 | P6: 6 | Q6: 7 | R6: 8 | S6: 9 | T6: SDN-1 SAKA MANGKAHAI | V6: SDN-2 ANJIR KALAMPAN | W6: 9 | X6: 8 | Y6: 7 | Z6: 6 | AA6: 5 | AB6: 4 | AC6: 3 | AD6: 2 | AE6: 1 | AF6: 2 | AG6: 3 | AH6: 4 | AI6: 5 | AJ6: 6 | AK6: 7 | AL6: 8 | AM6: 9 | AN6: SDN-1 SAKA MANGKAHAI | AP6: SDN-2 ANJIR KALAMPAN | AQ6: 9 | AR6: 8 | AS6: 7 | AT6: 6 | AU6: 5 | AV6: 4 | AW6: 3 | AX6: 2 | AY6: 1 | AZ6: 2 | BA6: 3 | BB6: 4 | BC6: 5 | BD6: 6 | BE6: 7 | BF6: 8 | BG6: 9 | BH6: SDN-1 SAKA MANGKAHAI | BJ6: TINGKAT KEPENTINGAN | BK6: DEFINISI | BM6: PILIHAN A | BN6: 9 | BO6: 8 | BP6: 7 | BQ6: 6 | BR6: 5 | BS6: 4 | BT6: 3 | BU6: 2 | BV6: 1 | BW6: 2 | BX6: 3 | BY6: 4 | BZ6: 5 | CA6: 6 | CB6: 7 | CC6: 8 | CD6: 9 | CE6: PILIHAN B
B7: SDN-2 ANJIR KALAMPAN | C7: 9 | D7: 8 | E7: 7 | F7: 6 | G7: 5 | H7: 4 | I7: 3 | J7: 2 | K7: 1 | L7: 2 | M7: 3 | N7: 4 | O7: 5 | P7: 6 | Q7: 7 | R7: 8 | S7: 9 | T7: SDN-2 SAKA MANGKAHAI | V7: SDN-2 ANJIR KALAMPAN | W7: 9 | X7: 8 | Y7: 7 | Z7: 6 | AA7: 5 | AB7: 4 | AC7: 3 | AD7: 2 | AE7: 1 | AF7: 2 | AG7: 3 | AH7: 4 | AI7: 5 | AJ7: 6 | AK7: 7 | AL7: 8 | AM7: 9 | AN7: SDN-2 SAKA MANGKAHAI | AP7: SDN-2 ANJIR KALAMPAN | AQ7: 9 | AR7: 8 | AS7: 7 | AT7: 6 | AU7: 5 | AV7: 4 | AW7: 3 | AX7: 2 | AY7: 1 | AZ7: 2 | BA7: 3 | BB7: 4 | BC7: 5 | BD7: 6 | BE7: 7 | BF7: 8 | BG7: 9 | BH7: SDN-2 SAKA MANGKAHAI | BJ7: 1 | BK7: KEDUA ELEMEN SAMA PENTING
B8: SDN-2 ANJIR KALAMPAN | C8: 9 | D8: 8 | E8: 7 | F8: 6 | G8: 5 | H8: 4 | I8: 3 | J8: 2 | K8: 1 | L8: 2 | M8: 3 | N8: 4 | O8: 5 | P8: 6 | Q8: 7 | R8: 8 | S8: 9 | T8: SDN-2 MANDOMAI | V8: SDN-2 ANJIR KALAMPAN | W8: 9 | X8: 8 | Y8: 7 | Z8: 6 | AA8: 5 | AB8: 4 | AC8: 3 | AD8: 2 | AE8: 1 | AF8: 2 | AG8: 3 | AH8: 4 | AI8: 5 | AJ8: 6 | AK8: 7 | AL8: 8 | AM8: 9 | AN8: SDN-2 MANDOMAI | AP8: SDN-2 ANJIR KALAMPAN | AQ8: 9 | AR8: 8 | AS8: 7 | AT8: 6 | AU8: 5 | AV8: 4 | AW8: 3 | AX8: 2 | AY8: 1 | AZ8: 2 | BA8: 3 | BB8: 4 | BC8: 5 | BD8: 6 | BE8: 7 | BF8: 8 | BG8: 9 | BH8: SDN-2 MANDOMAI | BJ8: 3 | BK8: ELEMEN YANG SATU SEDIKIT LEBIH PENTING DARI YANG LAIN
B9: SDN-2 ANJIR KALAMPAN | C9: 9 | D9: 8 | E9: 7 | F9: 6 | G9: 5 | H9: 4 | I9: 3 | J9: 2 | K9: 1 | L9: 2 | M9: 3 | N9: 4 | O9: 5 | P9: 6 | Q9: 7 | R9: 8 | S9: 9 | T9: SDN-3 MANDOMAI | V9: SDN-2 ANJIR KALAMPAN | W9: 9 | X9: 8 | Y9: 7 | Z9: 6 | AA9: 5 | AB9: 4 | AC9: 3 | AD9: 2 | AE9: 1 | AF9: 2 | AG9: 3 | AH9: 4 | AI9: 5 | AJ9: 6 | AK9: 7 | AL9: 8 | AM9: 9 | AN9: SDN-3 MANDOMAI | AP9: SDN-2 ANJIR KALAMPAN | AQ9: 9 | AR9: 8 | AS9: 7 | AT9: 6 | AU9: 5 | AV9: 4 | AW9: 3 | AX9: 2 | AY9: 1 | AZ9: 2 | BA9: 3 | BB9: 4 | BC9: 5 | BD9: 6 | BE9: 7 | BF9: 8 | BG9: 9 | BH9: SDN-3 MANDOMAI | BJ9: 5 | BK9: ELEMEN YANG SATU LEBIH PENTING DARI YANG LAIN
B10: SDN-2 ANJIR KALAMPAN | C10: 9 | D10: 8 | E10: 7 | F10: 6 | G10: 5 | H10: 4 | I10: 3 | J10: 2 | K10: 1 | L10: 2 | M10: 3 | N10: 4 | O10: 5 | P10: 6 | Q10: 7 | R10: 8 | S10: 9 | T10: SDN-4 MANDOMAI | V10: SDN-2 ANJIR KALAMPAN | W10: 9 | X10: 8 | Y10: 7 | Z10: 6 | AA10: 5 | AB10: 4 | AC10: 3 | AD10: 2 | AE10: 1 | AF10: 2 | AG10: 3 | AH10: 4 | AI10: 5 | AJ10: 6 | AK10: 7 | AL10: 8 | AM10: 9 | AN10: SDN-4 MANDOMAI | AP10: SDN-2 ANJIR KALAMPAN | AQ10: 9 | AR10: 8 | AS10: 7 | AT10: 6 | AU10: 5 | AV10: 4 | AW10: 3 | AX10: 2 | AY10: 1 | AZ10: 2 | BA10: 3 | BB10: 4 | BC10: 5 | BD10: 6 | BE10: 7 | BF10: 8 | BG10: 9 | BH10: SDN-4 MANDOMAI | BJ10: 7 | BK10: ELEMEN YANG SATU SANGAT PENTING DARI YANG LAIN
B11: SDN-2 ANJIR KALAMPAN | C11: 9 | D11: 8 | E11: 7 | F11: 6 | G11: 5 | H11: 4 | I11: 3 | J11: 2 | K11: 1 | L11: 2 | M11: 3 | N11: 4 | O11: 5 | P11: 6 | Q11: 7 | R11: 8 | S11: 9 | T11: SDN-1 PANTAI | V11: SDN-2 ANJIR KALAMPAN | W11: 9 | X11: 8 | Y11: 7 | Z11: 6 | AA11: 5 | AB11: 4 | AC11: 3 | AD11: 2 | AE11: 1 | AF11: 2 | AG11: 3 | AH11: 4 | AI11: 5 | AJ11: 6 | AK11: 7 | AL11: 8 | AM11: 9 | AN11: SDN-1 PANTAI | AP11: SDN-2 ANJIR KALAMPAN | AQ11: 9 | AR11: 8 | AS11: 7 | AT11: 6 | AU11: 5 | AV11: 4 | AW11: 3 | AX11: 2 | AY11: 1 | AZ11: 2 | BA11: 3 | BB11: 4 | BC11: 5 | BD11: 6 | BE11: 7 | BF11: 8 | BG11: 9 | BH11: SDN-1 PANTAI | BJ11: 9 | BK11: ELEMEN YANG SATU MUTLAK LEBIH PENTING DARI YANG LAIN
B12: SDN-2 ANJIR KALAMPAN | C12: 9 | D12: 8 | E12: 7 | F12: 6 | G12: 5 | H12: 4 | I12: 3 | J12: 2 | K12: 1 | L12: 2 | M12: 3 | N12: 4 | O12: 5 | P12: 6 | Q12: 7 | R12: 8 | S12: 9 | T12: SDN-2 PANTAI | V12: SDN-2 ANJIR KALAMPAN | W12: 9 | X12: 8 | Y12: 7 | Z12: 6 | AA12: 5 | AB12: 4 | AC12: 3 | AD12: 2 | AE12: 1 | AF12: 2 | AG12: 3 | AH12: 4 | AI12: 5 | AJ12: 6 | AK12: 7 | AL12: 8 | AM12: 9 | AN12: SDN-2 PANTAI | AP12: SDN-2 ANJIR KALAMPAN | AQ12: 9 | AR12: 8 | AS12: 7 | AT12: 6 | AU12: 5 | AV12: 4 | AW12: 3 | AX12: 2 | AY12: 1 | AZ12: 2 | BA12: 3 | BB12: 4 | BC12: 5 | BD12: 6 | BE12: 7 | BF12: 8 | BG12: 9 | BH12: SDN-2 PANTAI | BJ12: 2,4,6,8 | BK12: NILAI KOMPROMI (NILAI TENGAH ANTARA DUA PERBANDINGAN)
B13: SDN-2 ANJIR KALAMPAN | C13: 9 | D13: 8 | E13: 7 | F13: 6 | G13: 5 | H13: 4 | I13: 3 | J13: 2 | K13: 1 | L13: 2 | M13: 3 | N13: 4 | O13: 5 | P13: 6 | Q13: 7 | R13: 8 | S13: 9 | T13: SDN-1 BASUTA RAYA | V13: SDN-2 ANJIR KALAMPAN | W13: 9 | X13: 8 | Y13: 7 | Z13: 6 | AA13: 5 | AB13: 4 | AC13: 3 | AD13: 2 | AE13: 1 | AF13: 2 | AG13: 3 | AH13: 4 | AI13: 5 | AJ13: 6 | AK13: 7 | AL13: 8 | AM13: 9 | AN13: SDN-1 BASUTA RAYA | AP13: SDN-2 ANJIR KALAMPAN | AQ13: 9 | AR13: 8 | AS13: 7 | AT13: 6 | AU13: 5 | AV13: 4 | AW13: 3 | AX13: 2 | AY13: 1 | AZ13: 2 | BA13: 3 | BB13: 4 | BC13: 5 | BD13: 6 | BE13: 7 | BF13: 8 | BG13: 9 | BH13: SDN-1 BASUTA RAYA
B14: SDN-2 ANJIR KALAMPAN | C14: 9 | D14: 8 | E14: 7 | F14: 6 | G14: 5 | H14: 4 | I14: 3 | J14: 2 | K14: 1 | L14: 2 | M14: 3 | N14: 4 | O14: 5 | P14: 6 | Q14: 7 | R14: 8 | S14: 9 | T14: SDN-1 SEI PITUNG | V14: SDN-2 ANJIR KALAMPAN | W14: 9 | X14: 8 | Y14: 7 | Z14: 6 | AA14: 5 | AB14: 4 | AC14: 3 | AD14: 2 | AE14: 1 | AF14: 2 | AG14: 3 | AH14: 4 | AI14: 5 | AJ14: 6 | AK14: 7 | AL14: 8 | AM14: 9 | AN14: SDN-1 SEI PITUNG | AP14: SDN-2 ANJIR KALAMPAN | AQ14: 9 | AR14: 8 | AS14: 7 | AT14: 6 | AU14: 5 | AV14: 4 | AW14: 3 | AX14: 2 | AY14: 1 | AZ14: 2 | BA14: 3 | BB14: 4 | BC14: 5 | BD14: 6 | BE14: 7 | BF14: 8 | BG14: 9 | BH14: SDN-1 SEI PITUNG
B15: SDN-2 ANJIR KALAMPAN | C15: 9 | D15: 8 | E15: 7 | F15: 6 | G15: 5 | H15: 4 | I15: 3 | J15: 2 | K15: 1 | L15: 2 | M15: 3 | N15: 4 | O15: 5 | P15: 6 | Q15: 7 | R15: 8 | S15: 9 | T15: SDN-1 PENDA KATAPI | V15: SDN-2 ANJIR KALAMPAN | W15: 9 | X15: 8 | Y15: 7 | Z15: 6 | AA15: 5 | AB15: 4 | AC15: 3 | AD15: 2 | AE15: 1 | AF15: 2 | AG15: 3 | AH15: 4 | AI15: 5 | AJ15: 6 | AK15: 7 | AL15: 8 | AM15: 9 | AN15: SDN-1 PENDA KATAPI | AP15: SDN-2 ANJIR KALAMPAN | AQ15: 9 | AR15: 8 | AS15: 7 | AT15: 6 | AU15: 5 | AV15: 4 | AW15: 3 | AX15: 2 | AY15: 1 | AZ15: 2 | BA15: 3 | BB15: 4 | BC15: 5 | BD15: 6 | BE15: 7 | BF15: 8 | BG15: 9 | BH15: SDN-1 PENDA KATAPI
B16: SDN-2 ANJIR KALAMPAN | C16: 9 | D16: 8 | E16: 7 | F16: 6 | G16: 5 | H16: 4 | I16: 3 | J16: 2 | K16: 1 | L16: 2 | M16: 3 | N16: 4 | O16: 5 | P16: 6 | Q16: 7 | R16: 8 | S16: 9 | T16: SDN-1 SEI KAYU | V16: SDN-2 ANJIR KALAMPAN | W16: 9 | X16: 8 | Y16: 7 | Z16: 6 | AA16: 5 | AB16: 4 | AC16: 3 | AD16: 2 | AE16: 1 | AF16: 2 | AG16: 3 | AH16: 4 | AI16: 5 | AJ16: 6 | AK16: 7 | AL16: 8 | AM16: 9 | AN16: SDN-1 SEI KAYU | AP16: SDN-2 ANJIR KALAMPAN | AQ16: 9 | AR16: 8 | AS16: 7 | AT16: 6 | AU16: 5 | AV16: 4 | AW16: 3 | AX16: 2 | AY16: 1 | AZ16: 2 | BA16: 3 | BB16: 4 | BC16: 5 | BD16: 6 | BE16: 7 | BF16: 8 | BG16: 9 | BH16: SDN-1 SEI KAYU
B17: SDN-2 ANJIR KALAMPAN | C17: 9 | D17: 8 | E17: 7 | F17: 6 | G17: 5 | H17: 4 | I17: 3 | J17: 2 | K17: 1 | L17: 2 | M17: 3 | N17: 4 | O17: 5 | P17: 6 | Q17: 7 | R17: 8 | S17: 9 | T17: SDN-2 SEI KAYU | V17: SDN-2 ANJIR KALAMPAN | W17: 9 | X17: 8 | Y17: 7 | Z17: 6 | AA17: 5 | AB17: 4 | AC17: 3 | AD17: 2 | AE17: 1 | AF17: 2 | AG17: 3 | AH17: 4 | AI17: 5 | AJ17: 6 | AK17: 7 | AL17: 8 | AM17: 9 | AN17: SDN-2 SEI KAYU | AP17: SDN-2 ANJIR KALAMPAN | AQ17: 9 | AR17: 8 | AS17: 7 | AT17: 6 | AU17: 5 | AV17: 4 | AW17: 3 | AX17: 2 | AY17: 1 | AZ17: 2 | BA17: 3 | BB17: 4 | BC17: 5 | BD17: 6 | BE17: 7 | BF17: 8 | BG17: 9 | BH17: SDN-2 SEI KAYU
B18: SDN-2 ANJIR KALAMPAN | C18: 9 | D18: 8 | E18: 7 | F18: 6 | G18: 5 | H18: 4 | I18: 3 | J18: 2 | K18: 1 | L18: 2 | M18: 3 | N18: 4 | O18: 5 | P18: 6 | Q18: 7 | R18: 8 | S18: 9 | T18: SDN-1 SEI DUSUN | V18: SDN-2 ANJIR KALAMPAN | W18: 9 | X18: 8 | Y18: 7 | Z18: 6 | AA18: 5 | AB18: 4 | AC18: 3 | AD18: 2 | AE18: 1 | AF18: 2 | AG18: 3 | AH18: 4 | AI18: 5 | AJ18: 6 | AK18: 7 | AL18: 8 | AM18: 9 | AN18: SDN-1 SEI DUSUN | AP18: SDN-2 ANJIR KALAMPAN | AQ18: 9 | AR18: 8 | AS18: 7 | AT18: 6 | AU18: 5 | AV18: 4 | AW18: 3 | AX18: 2 | AY18: 1 | AZ18: 2 | BA18: 3 | BB18: 4 | BC18: 5 | BD18: 6 | BE18: 7 | BF18: 8 | BG18: 9 | BH18: SDN-1 SEI DUSUN
B19: SDN-3 ANJIR KALAMPAN | C19: 9 | D19: 8 | E19: 7 | F19: 6 | G19: 5 | H19: 4 | I19: 3 | J19: 2 | K19: 1 | L19: 2 | M19: 3 | N19: 4 | O19: 5 | P19: 6 | Q19: 7 | R19: 8 | S19: 9 | T19: SDN-1 SAKA MANGKAHAI | V19: SDN-3 ANJIR KALAMPAN | W19: 9 | X19: 8 | Y19: 7 | Z19: 6 | AA19: 5 | AB19: 4 | AC19: 3 | AD19: 2 | AE19: 1 | AF19: 2 | AG19: 3 | AH19: 4 | AI19: 5 | AJ19: 6 | AK19: 7 | AL19: 8 | AM19: 9 | AN19: SDN-1 SAKA MANGKAHAI | AP19: SDN-3 ANJIR KALAMPAN | AQ19: 9 | AR19: 8 | AS19: 7 | AT19: 6 | AU19: 5 | AV19: 4 | AW19: 3 | AX19: 2 | AY19: 1 | AZ19: 2 | BA19: 3 | BB19: 4 | BC19: 5 | BD19: 6 | BE19: 7 | BF19: 8 | BG19: 9 | BH19: SDN-1 SAKA MANGKAHAI
B20: SDN-3 ANJIR KALAMPAN | C20: 9 | D20: 8 | E20: 7 | F20: 6 | G20: 5 | H20: 4 | I20: 3 | J20: 2 | K20: 1 | L20: 2 | M20: 3 | N20: 4 | O20: 5 | P20: 6 | Q20: 7 | R20: 8 | S20: 9 | T20: SDN-2 SAKA MANGKAHAI | V20: SDN-3 ANJIR KALAMPAN | W20: 9 | X20: 8 | Y20: 7 | Z20: 6 | AA20: 5 | AB20: 4 | AC20: 3 | AD20: 2 | AE20: 1 | AF20: 2 | AG20: 3 | AH20: 4 | AI20: 5 | AJ20: 6 | AK20: 7 | AL20: 8 | AM20: 9 | AN20: SDN-2 SAKA MANGKAHAI | AP20: SDN-3 ANJIR KALAMPAN | AQ20: 9 | AR20: 8 | AS20: 7 | AT20: 6 | AU20: 5 | AV20: 4 | AW20: 3 | AX20: 2 | AY20: 1 | AZ20: 2 | BA20: 3 | BB20: 4 | BC20: 5 | BD20: 6 | BE20: 7 | BF20: 8 | BG20: 9 | BH20: SDN-2 SAKA MANGKAHAI
B21: SDN-3 ANJIR KALAMPAN | C21: 9 | D21: 8 | E21: 7 | F21: 6 | G21: 5 | H21: 4 | I21: 3 | J21: 2 | K21: 1 | L21: 2 | M21: 3 | N21: 4 | O21: 5 | P21: 6 | Q21: 7 | R21: 8 | S21: 9 | T21: SDN-2 MANDOMAI | V21: SDN-3 ANJIR KALAMPAN | W21: 9 | X21: 8 | Y21: 7 | Z21: 6 | AA21: 5 | AB21: 4 | AC21: 3 | AD21: 2 | AE21: 1 | AF21: 2 | AG21: 3 | AH21: 4 | AI21: 5 | AJ21: 6 | AK21: 7 | AL21: 8 | AM21: 9 | AN21: SDN-2 MANDOMAI | AP21: SDN-3 ANJIR KALAMPAN | AQ21: 9 | AR21: 8 | AS21: 7 | AT21: 6 | AU21: 5 | AV21: 4 | AW21: 3 | AX21: 2 | AY21: 1 | AZ21: 2 | BA21: 3 | BB21: 4 | BC21: 5 | BD21: 6 | BE21: 7 | BF21: 8 | BG21: 9 | BH21: SDN-2 MANDOMAI
B22: SDN-3 ANJIR KALAMPAN | C22: 9 | D22: 8 | E22: 7 | F22: 6 | G22: 5 | H22: 4 | I22: 3 | J22: 2 | K22: 1 | L22: 2 | M22: 3 | N22: 4 | O22: 5 | P22: 6 | Q22: 7 | R22: 8 | S22: 9 | T22: SDN-3 MANDOMAI | V22: SDN-3 ANJIR KALAMPAN | W22: 9 | X22: 8 | Y22: 7 | Z22: 6 | AA22: 5 | AB22: 4 | AC22: 3 | AD22: 2 | AE22: 1 | AF22: 2 | AG22: 3 | AH22: 4 | AI22: 5 | AJ22: 6 | AK22: 7 | AL22: 8 | AM22: 9 | AN22: SDN-3 MANDOMAI | AP22: SDN-3 ANJIR KALAMPAN | AQ22: 9 | AR22: 8 | AS22: 7 | AT22: 6 | AU22: 5 | AV22: 4 | AW22: 3 | AX22: 2 | AY22: 1 | AZ22: 2 | BA22: 3 | BB22: 4 | BC22: 5 | BD22: 6 | BE22: 7 | BF22: 8 | BG22: 9 | BH22: SDN-3 MANDOMAI
B23: SDN-3 ANJIR KALAMPAN | C23: 9 | D23: 8 | E23: 7 | F23: 6 | G23: 5 | H23: 4 | I23: 3 | J23: 2 | K23: 1 | L23: 2 | M23: 3 | N23: 4 | O23: 5 | P23: 6 | Q23: 7 | R23: 8 | S23: 9 | T23: SDN-4 MANDOMAI | V23: SDN-3 ANJIR KALAMPAN | W23: 9 | X23: 8 | Y23: 7 | Z23: 6 | AA23: 5 | AB23: 4 | AC23: 3 | AD23: 2 | AE23: 1 | AF23: 2 | AG23: 3 | AH23: 4 | AI23: 5 | AJ23: 6 | AK23: 7 | AL23: 8 | AM23: 9 | AN23: SDN-4 MANDOMAI | AP23: SDN-3 ANJIR KALAMPAN | AQ23: 9 | AR23: 8 | AS23: 7 | AT23: 6 | AU23: 5 | AV23: 4 | AW23: 3 | AX23: 2 | AY23: 1 | AZ23: 2 | BA23: 3 | BB23: 4 | BC23: 5 | BD23: 6 | BE23: 7 | BF23: 8 | BG23: 9 | BH23: SDN-4 MANDOMAI
B24: SDN-3 ANJIR KALAMPAN | C24: 9 | D24: 8 | E24: 7 | F24: 6 | G24: 5 | H24: 4 | I24: 3 | J24: 2 | K24: 1 | L24: 2 | M24: 3 | N24: 4 | O24: 5 | P24: 6 | Q24: 7 | R24: 8 | S24: 9 | T24: SDN-1 PANTAI | V24: SDN-3 ANJIR KALAMPAN | W24: 9 | X24: 8 | Y24: 7 | Z24: 6 | AA24: 5 | AB24: 4 | AC24: 3 | AD24: 2 | AE24: 1 | AF24: 2 | AG24: 3 | AH24: 4 | AI24: 5 | AJ24: 6 | AK24: 7 | AL24: 8 | AM24: 9 | AN24: SDN-1 PANTAI | AP24: SDN-3 ANJIR KALAMPAN | AQ24: 9 | AR24: 8 | AS24: 7 | AT24: 6 | AU24: 5 | AV24: 4 | AW24: 3 | AX24: 2 | AY24: 1 | AZ24: 2 | BA24: 3 | BB24: 4 | BC24: 5 | BD24: 6 | BE24: 7 | BF24: 8 | BG24: 9 | BH24: SDN-1 PANTAI
... B109: SDN-2 SEI KAYU | C109: 9 | D109: 8 | E109: 7 | F109: 6 | G109: 5 | H109: 4 | I109: 3 | J109: 2 | K109: 1 | L109: 2 | M109: 3 | N109: 4 | O109: 5 | P109: 6 | Q109: 7 | R109: 8 | S109: 9 | T109: SDN-1 SEI DUSUN | V109: SDN-2 SEI KAYU | W109: 9 | X109: 8 | Y109: 7 | Z109: 6 | AA109: 5 | AB109: 4 | AC109: 3 | AD109: 2 | AE109: 1 | AF109: 2 | AG109: 3 | AH109: 4 | AI109: 5 | AJ109: 6 | AK109: 7 | AL109: 8 | AM109: 9 | AN109: SDN-1 SEI DUSUN | AP109: SDN-2 SEI KAYU | AQ109: 9 | AR109: 8 | AS109: 7 | AT109: 6 | AU109: 5 | AV109: 4 | AW109: 3 | AX109: 2 | AY109: 1 | AZ109: 2 | BA109: 3 | BB109: 4 | BC109: 5 | BD109: 6 | BE109: 7 | BF109: 8 | BG109: 9 | BH109: SDN-1 SEI DUSUN

Sheet USIA BANGUNAN
B1: USIA BANGUNAN | V1: USIA BANGUNAN | AP1: USIA BANGUNAN
B2: PENGAWAS SEKOLAH DASAR KAPUAS BARAT (JHON) | V2: KEPALA BIDANG PENGAWASAN SEKOLAH DASAR DISDIK KAPUAS (JEFRI) | AP2: KOMISI IV DPRD KAB. KAPUAS
B3: SEKOLAH UTAMA | C3: KRITERIA NILAI | T3: SEKOLAH PEMBANDING | V3: SEKOLAH UTAMA | W3: KRITERIA NILAI | AN3: SEKOLAH PEMBANDING | AP3: SEKOLAH UTAMA | AQ3: KRITERIA NILAI | BH3: SEKOLAH PEMBANDING
C4: 9 | D4: 8 | E4: 7 | F4: 6 | G4: 5 | H4: 4 | I4: 3 | J4: 2 | K4: 1 | L4: 2 | M4: 3 | N4: 4 | O4: 5 | P4: 6 | Q4: 7 | R4: 8 | S4: 9 | W4: 9 | X4: 8 | Y4: 7 | Z4: 6 | AA4: 5 | AB4: 4 | AC4: 3 | AD4: 2 | AE4: 1 | AF4: 2 | AG4: 3 | AH4: 4 | AI4: 5 | AJ4: 6 | AK4: 7 | AL4: 8 | AM4: 9 | AQ4: 9 | AR4: 8 | AS4: 7 | AT4: 6 | AU4: 5 | AV4: 4 | AW4: 3 | AX4: 2 | AY4: 1 | AZ4: 2 | BA4: 3 | BB4: 4 | BC4: 5 | BD4: 6 | BE4: 7 | BF4: 8 | BG4: 9
B5: SDN-2 ANJIR KALAMPAN | C5: 9 | D5: 8 | E5: 7 | F5: 6 | G5: 5 | H5: 4 | I5: 3 | J5: 2 | K5: 1 | L5: 2 | M5: 3 | N5: 4 | O5: 5 | P5: 6 | Q5: 7 | R5: 8 | S5: 9 | T5: SDN-3 ANJIR KALAMPAN | V5: SDN-2 ANJIR KALAMPAN | W5: 9 | X5: 8 | Y5: 7 | Z5: 6 | AA5: 5 | AB5: 4 | AC5: 3 | AD5: 2 | AE5: 1 | AF5: 2 | AG5: 3 | AH5: 4 | AI5: 5 | AJ5: 6 | AK5: 7 | AL5: 8 | AM5: 9 | AN5: SDN-3 ANJIR KALAMPAN | AP5: SDN-2 ANJIR KALAMPAN | AQ5: 9 | AR5: 8 | AS5: 7 | AT5: 6 | AU5: 5 | AV5: 4 | AW5: 3 | AX5: 2 | AY5: 1 | AZ5: 2 | BA5: 3 | BB5: 4 | BC5: 5 | BD5: 6 | BE5: 7 | BF5: 8 | BG5: 9 | BH5: SDN-3 ANJIR KALAMPAN | BJ5: PANDUAN PENGISIAN | BN5: CONDONG KE A | BV5: NETRAL | BW5: CONDONG KE B
B6: SDN-2 ANJIR KALAMPAN | C6: 9 | D6: 8 | E6: 7 | F6: 6 | G6: 5 | H6: 4 | I6: 3 | J6: 2 | K6: 1 | L6: 2 | M6: 3 | N6: 4 | O6: 5 | P6: 6 | Q6: 7 | R6: 8 | S6: 9 | T6: SDN-1 SAKA MANGKAHAI | V6: SDN-2 ANJIR KALAMPAN | W6: 9 | X6: 8 | Y6: 7 | Z6: 6 | AA6: 5 | AB6: 4 | AC6: 3 | AD6: 2 | AE6: 1 | AF6: 2 | AG6: 3 | AH6: 4 | AI6: 5 | AJ6: 6 | AK6: 7 | AL6: 8 | AM6: 9 | AN6: SDN-1 SAKA MANGKAHAI | AP6: SDN-2 ANJIR KALAMPAN | AQ6: 9 | AR6: 8 | AS6: 7 | AT6: 6 | AU6: 5 | AV6: 4 | AW6: 3 | AX6: 2 | AY6: 1 | AZ6: 2 | BA6: 3 | BB6: 4 | BC6: 5 | BD6: 6 | BE6: 7 | BF6: 8 | BG6: 9 | BH6: SDN-1 SAKA MANGKAHAI | BJ6: TINGKAT KEPENTINGAN | BK6: DEFINISI | BM6: PILIHAN A | BN6: 9 | BO6: 8 | BP6: 7 | BQ6: 6 | BR6: 5 | BS6: 4 | BT6: 3 | BU6: 2 | BV6: 1 | BW6: 2 | BX6: 3 | BY6: 4 | BZ6: 5 | CA6: 6 | CB6: 7 | CC6: 8 | CD6: 9 | CE6: PILIHAN B
B7: SDN-2 ANJIR KALAMPAN | C7: 9 | D7: 8 | E7: 7 | F7: 6 | G7: 5 | H7: 4 | I7: 3 | J7: 2 | K7: 1 | L7: 2 | M7: 3 | N7: 4 | O7: 5 | P7: 6 | Q7: 7 | R7: 8 | S7: 9 | T7: SDN-2 SAKA MANGKAHAI | V7: SDN-2 ANJIR KALAMPAN | W7: 9 | X7: 8 | Y7: 7 | Z7: 6 | AA7: 5 | AB7: 4 | AC7: 3 | AD7: 2 | AE7: 1 | AF7: 2 | AG7: 3 | AH7: 4 | AI7: 5 | AJ7: 6 | AK7: 7 | AL7: 8 | AM7: 9 | AN7: SDN-2 SAKA MANGKAHAI | AP7: SDN-2 ANJIR KALAMPAN | AQ7: 9 | AR7: 8 | AS7: 7 | AT7: 6 | AU7: 5 | AV7: 4 | AW7: 3 | AX7: 2 | AY7: 1 | AZ7: 2 | BA7: 3 | BB7: 4 | BC7: 5 | BD7: 6 | BE7: 7 | BF7: 8 | BG7: 9 | BH7: SDN-2 SAKA MANGKAHAI | BJ7: 1 | BK7: KEDUA ELEMEN SAMA PENTING
B8: SDN-2 ANJIR KALAMPAN | C8: 9 | D8: 8 | E8: 7 | F8: 6 | G8: 5 | H8: 4 | I8: 3 | J8: 2 | K8: 1 | L8: 2 | M8: 3 | N8: 4 | O8: 5 | P8: 6 | Q8: 7 | R8: 8 | S8: 9 | T8: SDN-2 MANDOMAI | V8: SDN-2 ANJIR KALAMPAN | W8: 9 | X8: 8 | Y8: 7 | Z8: 6 | AA8: 5 | AB8: 4 | AC8: 3 | AD8: 2 | AE8: 1 | AF8: 2 | AG8: 3 | AH8: 4 | AI8: 5 | AJ8: 6 | AK8: 7 | AL8: 8 | AM8: 9 | AN8: SDN-2 MANDOMAI | AP8: SDN-2 ANJIR KALAMPAN | AQ8: 9 | AR8: 8 | AS8: 7 | AT8: 6 | AU8: 5 | AV8: 4 | AW8: 3 | AX8: 2 | AY8: 1 | AZ8: 2 | BA8: 3 | BB8: 4 | BC8: 5 | BD8: 6 | BE8: 7 | BF8: 8 | BG8: 9 | BH8: SDN-2 MANDOMAI | BJ8: 3 | BK8: ELEMEN YANG SATU SEDIKIT LEBIH PENTING DARI YANG LAIN
B9: SDN-2 ANJIR KALAMPAN | C9: 9 | D9: 8 | E9: 7 | F9: 6 | G9: 5 | H9: 4 | I9: 3 | J9: 2 | K9: 1 | L9: 2 | M9: 3 | N9: 4 | O9: 5 | P9: 6 | Q9: 7 | R9: 8 | S9: 9 | T9: SDN-3 MANDOMAI | V9: SDN-2 ANJIR KALAMPAN | W9: 9 | X9: 8 | Y9: 7 | Z9: 6 | AA9: 5 | AB9: 4 | AC9: 3 | AD9: 2 | AE9: 1 | AF9: 2 | AG9: 3 | AH9: 4 | AI9: 5 | AJ9: 6 | AK9: 7 | AL9: 8 | AM9: 9 | AN9: SDN-3 MANDOMAI | AP9: SDN-2 ANJIR KALAMPAN | AQ9: 9 | AR9: 8 | AS9: 7 | AT9: 6 | AU9: 5 | AV9: 4 | AW9: 3 | AX9: 2 | AY9: 1 | AZ9: 2 | BA9: 3 | BB9: 4 | BC9: 5 | BD9: 6 | BE9: 7 | BF9: 8 | BG9: 9 | BH9: SDN-3 MANDOMAI | BJ9: 5 | BK9: ELEMEN YANG SATU LEBIH PENTING DARI YANG LAIN
B10: SDN-2 ANJIR KALAMPAN | C10: 9 | D10: 8 | E10: 7 | F10: 6 | G10: 5 | H10: 4 | I10: 3 | J10: 2 | K10: 1 | L10: 2 | M10: 3 | N10: 4 | O10: 5 | P10: 6 | Q10: 7 | R10: 8 | S10: 9 | T10: SDN-4 MANDOMAI | V10: SDN-2 ANJIR KALAMPAN | W10: 9 | X10: 8 | Y10: 7 | Z10: 6 | AA10: 5 | AB10: 4 | AC10: 3 | AD10: 2 | AE10: 1 | AF10: 2 | AG10: 3 | AH10: 4 | AI10: 5 | AJ10: 6 | AK10: 7 | AL10: 8 | AM10: 9 | AN10: SDN-4 MANDOMAI | AP10: SDN-2 ANJIR KALAMPAN | AQ10: 9 | AR10: 8 | AS10: 7 | AT10: 6 | AU10: 5 | AV10: 4 | AW10: 3 | AX10: 2 | AY10: 1 | AZ10: 2 | BA10: 3 | BB10: 4 | BC10: 5 | BD10: 6 | BE10: 7 | BF10: 8 | BG10: 9 | BH10: SDN-4 MANDOMAI | BJ10: 7 | BK10: ELEMEN YANG SATU SANGAT PENTING DARI YANG LAIN
B11: SDN-2 ANJIR KALAMPAN | C11: 9 | D11: 8 | E11: 7 | F11: 6 | G11: 5 | H11: 4 | I11: 3 | J11: 2 | K11: 1 | L11: 2 | M11: 3 | N11: 4 | O11: 5 | P11: 6 | Q11: 7 | R11: 8 | S11: 9 | T11: SDN-1 PANTAI | V11: SDN-2 ANJIR KALAMPAN | W11: 9 | X11: 8 | Y11: 7 | Z11: 6 | AA11: 5 | AB11: 4 | AC11: 3 | AD11: 2 | AE11: 1 | AF11: 2 | AG11: 3 | AH11: 4 | AI11: 5 | AJ11: 6 | AK11: 7 | AL11: 8 | AM11: 9 | AN11: SDN-1 PANTAI | AP11: SDN-2 ANJIR KALAMPAN | AQ11: 9 | AR11: 8 | AS11: 7 | AT11: 6 | AU11: 5 | AV11: 4 | AW11: 3 | AX11: 2 | AY11: 1 | AZ11: 2 | BA11: 3 | BB11: 4 | BC11: 5 | BD11: 6 | BE11: 7 | BF11: 8 | BG11: 9 | BH11: SDN-1 PANTAI | BJ11: 9 | BK11: ELEMEN YANG SATU MUTLAK LEBIH PENTING DARI YANG LAIN
B12: SDN-2 ANJIR KALAMPAN | C12: 9 | D12: 8 | E12: 7 | F12: 6 | G12: 5 | H12: 4 | I12: 3 | J12: 2 | K12: 1 | L12: 2 | M12: 3 | N12: 4 | O12: 5 | P12: 6 | Q12: 7 | R12: 8 | S12: 9 | T12: SDN-2 PANTAI | V12: SDN-2 ANJIR KALAMPAN | W12: 9 | X12: 8 | Y12: 7 | Z12: 6 | AA12: 5 | AB12: 4 | AC12: 3 | AD12: 2 | AE12: 1 | AF12: 2 | AG12: 3 | AH12: 4 | AI12: 5 | AJ12: 6 | AK12: 7 | AL12: 8 | AM12: 9 | AN12: SDN-2 PANTAI | AP12: SDN-2 ANJIR KALAMPAN | AQ12: 9 | AR12: 8 | AS12: 7 | AT12: 6 | AU12: 5 | AV12: 4 | AW12: 3 | AX12: 2 | AY12: 1 | AZ12: 2 | BA12: 3 | BB12: 4 | BC12: 5 | BD12: 6 | BE12: 7 | BF12: 8 | BG12: 9 | BH12: SDN-2 PANTAI | BJ12: 2,4,6,8 | BK12: NILAI KOMPROMI (NILAI TENGAH ANTARA DUA PERBANDINGAN)
B13: SDN-2 ANJIR KALAMPAN | C13: 9 | D13: 8 | E13: 7 | F13: 6 | G13: 5 | H13: 4 | I13: 3 | J13: 2 | K13: 1 | L13: 2 | M13: 3 | N13: 4 | O13: 5 | P13: 6 | Q13: 7 | R13: 8 | S13: 9 | T13: SDN-1 BASUTA RAYA | V13: SDN-2 ANJIR KALAMPAN | W13: 9 | X13: 8 | Y13: 7 | Z13: 6 | AA13: 5 | AB13: 4 | AC13: 3 | AD13: 2 | AE13: 1 | AF13: 2 | AG13: 3 | AH13: 4 | AI13: 5 | AJ13: 6 | AK13: 7 | AL13: 8 | AM13: 9 | AN13: SDN-1 BASUTA RAYA | AP13: SDN-2 ANJIR KALAMPAN | AQ13: 9 | AR13: 8 | AS13: 7 | AT13: 6 | AU13: 5 | AV13: 4 | AW13: 3 | AX13: 2 | AY13: 1 | AZ13: 2 | BA13: 3 | BB13: 4 | BC13: 5 | BD13: 6 | BE13: 7 | BF13: 8 | BG13: 9 | BH13: SDN-1 BASUTA RAYA
B14: SDN-2 ANJIR KALAMPAN | C14: 9 | D14: 8 | E14: 7 | F14: 6 | G14: 5 | H14: 4 | I14: 3 | J14: 2 | K14: 1 | L14: 2 | M14: 3 | N14: 4 | O14: 5 | P14: 6 | Q14: 7 | R14: 8 | S14: 9 | T14: SDN-1 SEI PITUNG | V14: SDN-2 ANJIR KALAMPAN | W14: 9 | X14: 8 | Y14: 7 | Z14: 6 | AA14: 5 | AB14: 4 | AC14: 3 | AD14: 2 | AE14: 1 | AF14: 2 | AG14: 3 | AH14: 4 | AI14: 5 | AJ14: 6 | AK14: 7 | AL14: 8 | AM14: 9 | AN14: SDN-1 SEI PITUNG | AP14: SDN-2 ANJIR KALAMPAN | AQ14: 9 | AR14: 8 | AS14: 7 | AT14: 6 | AU14: 5 | AV14: 4 | AW14: 3 | AX14: 2 | AY14: 1 | AZ14: 2 | BA14: 3 | BB14: 4 | BC14: 5 | BD14: 6 | BE14: 7 | BF14: 8 | BG14: 9 | BH14: SDN-1 SEI PITUNG
B15: SDN-2 ANJIR KALAMPAN | C15: 9 | D15: 8 | E15: 7 | F15: 6 | G15: 5 | H15: 4 | I15: 3 | J15: 2 | K15: 1 | L15: 2 | M15: 3 | N15: 4 | O15: 5 | P15: 6 | Q15: 7 | R15: 8 | S15: 9 | T15: SDN-1 PENDA KATAPI | V15: SDN-2 ANJIR KALAMPAN | W15: 9 | X15: 8 | Y15: 7 | Z15: 6 | AA15: 5 | AB15: 4 | AC15: 3 | AD15: 2 | AE15: 1 | AF15: 2 | AG15: 3 | AH15: 4 | AI15: 5 | AJ15: 6 | AK15: 7 | AL15: 8 | AM15: 9 | AN15: SDN-1 PENDA KATAPI | AP15: SDN-2 ANJIR KALAMPAN | AQ15: 9 | AR15: 8 | AS15: 7 | AT15: 6 | AU15: 5 | AV15: 4 | AW15: 3 | AX15: 2 | AY15: 1 | AZ15: 2 | BA15: 3 | BB15: 4 | BC15: 5 | BD15: 6 | BE15: 7 | BF15: 8 | BG15: 9 | BH15: SDN-1 PENDA KATAPI
B16: SDN-2 ANJIR KALAMPAN | C16: 9 | D16: 8 | E16: 7 | F16: 6 | G16: 5 | H16: 4 | I16: 3 | J16: 2 | K16: 1 | L16: 2 | M16: 3 | N16: 4 | O16: 5 | P16: 6 | Q16: 7 | R16: 8 | S16: 9 | T16: SDN-1 SEI KAYU | V16: SDN-2 ANJIR KALAMPAN | W16: 9 | X16: 8 | Y16: 7 | Z16: 6 | AA16: 5 | AB16: 4 | AC16: 3 | AD16: 2 | AE16: 1 | AF16: 2 | AG16: 3 | AH16: 4 | AI16: 5 | AJ16: 6 | AK16: 7 | AL16: 8 | AM16: 9 | AN16: SDN-1 SEI KAYU | AP16: SDN-2 ANJIR KALAMPAN | AQ16: 9 | AR16: 8 | AS16: 7 | AT16: 6 | AU16: 5 | AV16: 4 | AW16: 3 | AX16: 2 | AY16: 1 | AZ16: 2 | BA16: 3 | BB16: 4 | BC16: 5 | BD16: 6 | BE16: 7 | BF16: 8 | BG16: 9 | BH16: SDN-1 SEI KAYU
B17: SDN-2 ANJIR KALAMPAN | C17: 9 | D17: 8 | E17: 7 | F17: 6 | G17: 5 | H17: 4 | I17: 3 | J17: 2 | K17: 1 | L17: 2 | M17: 3 | N17: 4 | O17: 5 | P17: 6 | Q17: 7 | R17: 8 | S17: 9 | T17: SDN-2 SEI KAYU | V17: SDN-2 ANJIR KALAMPAN | W17: 9 | X17: 8 | Y17: 7 | Z17: 6 | AA17: 5 | AB17: 4 | AC17: 3 | AD17: 2 | AE17: 1 | AF17: 2 | AG17: 3 | AH17: 4 | AI17: 5 | AJ17: 6 | AK17: 7 | AL17: 8 | AM17: 9 | AN17: SDN-2 SEI KAYU | AP17: SDN-2 ANJIR KALAMPAN | AQ17: 9 | AR17: 8 | AS17: 7 | AT17: 6 | AU17: 5 | AV17: 4 | AW17: 3 | AX17: 2 | AY17: 1 | AZ17: 2 | BA17: 3 | BB17: 4 | BC17: 5 | BD17: 6 | BE17: 7 | BF17: 8 | BG17: 9 | BH17: SDN-2 SEI KAYU
B18: SDN-2 ANJIR KALAMPAN | C18: 9 | D18: 8 | E18: 7 | F18: 6 | G18: 5 | H18: 4 | I18: 3 | J18: 2 | K18: 1 | L18: 2 | M18: 3 | N18: 4 | O18: 5 | P18: 6 | Q18: 7 | R18: 8 | S18: 9 | T18: SDN-1 SEI DUSUN | V18: SDN-2 ANJIR KALAMPAN | W18: 9 | X18: 8 | Y18: 7 | Z18: 6 | AA18: 5 | AB18: 4 | AC18: 3 | AD18: 2 | AE18: 1 | AF18: 2 | AG18: 3 | AH18: 4 | AI18: 5 | AJ18: 6 | AK18: 7 | AL18: 8 | AM18: 9 | AN18: SDN-1 SEI DUSUN | AP18: SDN-2 ANJIR KALAMPAN | AQ18: 9 | AR18: 8 | AS18: 7 | AT18: 6 | AU18: 5 | AV18: 4 | AW18: 3 | AX18: 2 | AY18: 1 | AZ18: 2 | BA18: 3 | BB18: 4 | BC18: 5 | BD18: 6 | BE18: 7 | BF18: 8 | BG18: 9 | BH18: SDN-1 SEI DUSUN
B19: SDN-3 ANJIR KALAMPAN | C19: 9 | D19: 8 | E19: 7 | F19: 6 | G19: 5 | H19: 4 | I19: 3 | J19: 2 | K19: 1 | L19: 2 | M19: 3 | N19: 4 | O19: 5 | P19: 6 | Q19: 7 | R19: 8 | S19: 9 | T19: SDN-1 SAKA MANGKAHAI | V19: SDN-3 ANJIR KALAMPAN | W19: 9 | X19: 8 | Y19: 7 | Z19: 6 | AA19: 5 | AB19: 4 | AC19: 3 | AD19: 2 | AE19: 1 | AF19: 2 | AG19: 3 | AH19: 4 | AI19: 5 | AJ19: 6 | AK19: 7 | AL19: 8 | AM19: 9 | AN19: SDN-1 SAKA MANGKAHAI | AP19: SDN-3 ANJIR KALAMPAN | AQ19: 9 | AR19: 8 | AS19: 7 | AT19: 6 | AU19: 5 | AV19: 4 | AW19: 3 | AX19: 2 | AY19: 1 | AZ19: 2 | BA19: 3 | BB19: 4 | BC19: 5 | BD19: 6 | BE19: 7 | BF19: 8 | BG19: 9 | BH19: SDN-1 SAKA MANGKAHAI
B20: SDN-3 ANJIR KALAMPAN | C20: 9 | D20: 8 | E20: 7 | F20: 6 | G20: 5 | H20: 4 | I20: 3 | J20: 2 | K20: 1 | L20: 2 | M20: 3 | N20: 4 | O20: 5 | P20: 6 | Q20: 7 | R20: 8 | S20: 9 | T20: SDN-2 SAKA MANGKAHAI | V20: SDN-3 ANJIR KALAMPAN | W20: 9 | X20: 8 | Y20: 7 | Z20: 6 | AA20: 5 | AB20: 4 | AC20: 3 | AD20: 2 | AE20: 1 | AF20: 2 | AG20: 3 | AH20: 4 | AI20: 5 | AJ20: 6 | AK20: 7 | AL20: 8 | AM20: 9 | AN20: SDN-2 SAKA MANGKAHAI | AP20: SDN-3 ANJIR KALAMPAN | AQ20: 9 | AR20: 8 | AS20: 7 | AT20: 6 | AU20: 5 | AV20: 4 | AW20: 3 | AX20: 2 | AY20: 1 | AZ20: 2 | BA20: 3 | BB20: 4 | BC20: 5 | BD20: 6 | BE20: 7 | BF20: 8 | BG20: 9 | BH20: SDN-2 SAKA MANGKAHAI
B21: SDN-3 ANJIR KALAMPAN | C21: 9 | D21: 8 | E21: 7 | F21: 6 | G21: 5 | H21: 4 | I21: 3 | J21: 2 | K21: 1 | L21: 2 | M21: 3 | N21: 4 | O21: 5 | P21: 6 | Q21: 7 | R21: 8 | S21: 9 | T21: SDN-2 MANDOMAI | V21: SDN-3 ANJIR KALAMPAN | W21: 9 | X21: 8 | Y21: 7 | Z21: 6 | AA21: 5 | AB21: 4 | AC21: 3 | AD21: 2 | AE21: 1 | AF21: 2 | AG21: 3 | AH21: 4 | AI21: 5 | AJ21: 6 | AK21: 7 | AL21: 8 | AM21: 9 | AN21: SDN-2 MANDOMAI | AP21: SDN-3 ANJIR KALAMPAN | AQ21: 9 | AR21: 8 | AS21: 7 | AT21: 6 | AU21: 5 | AV21: 4 | AW21: 3 | AX21: 2 | AY21: 1 | AZ21: 2 | BA21: 3 | BB21: 4 | BC21: 5 | BD21: 6 | BE21: 7 | BF21: 8 | BG21: 9 | BH21: SDN-2 MANDOMAI
B22: SDN-3 ANJIR KALAMPAN | C22: 9 | D22: 8 | E22: 7 | F22: 6 | G22: 5 | H22: 4 | I22: 3 | J22: 2 | K22: 1 | L22: 2 | M22: 3 | N22: 4 | O22: 5 | P22: 6 | Q22: 7 | R22: 8 | S22: 9 | T22: SDN-3 MANDOMAI | V22: SDN-3 ANJIR KALAMPAN | W22: 9 | X22: 8 | Y22: 7 | Z22: 6 | AA22: 5 | AB22: 4 | AC22: 3 | AD22: 2 | AE22: 1 | AF22: 2 | AG22: 3 | AH22: 4 | AI22: 5 | AJ22: 6 | AK22: 7 | AL22: 8 | AM22: 9 | AN22: SDN-3 MANDOMAI | AP22: SDN-3 ANJIR KALAMPAN | AQ22: 9 | AR22: 8 | AS22: 7 | AT22: 6 | AU22: 5 | AV22: 4 | AW22: 3 | AX22: 2 | AY22: 1 | AZ22: 2 | BA22: 3 | BB22: 4 | BC22: 5 | BD22: 6 | BE22: 7 | BF22: 8 | BG22: 9 | BH22: SDN-3 MANDOMAI
B23: SDN-3 ANJIR KALAMPAN | C23: 9 | D23: 8 | E23: 7 | F23: 6 | G23: 5 | H23: 4 | I23: 3 | J23: 2 | K23: 1 | L23: 2 | M23: 3 | N23: 4 | O23: 5 | P23: 6 | Q23: 7 | R23: 8 | S23: 9 | T23: SDN-4 MANDOMAI | V23: SDN-3 ANJIR KALAMPAN | W23: 9 | X23: 8 | Y23: 7 | Z23: 6 | AA23: 5 | AB23: 4 | AC23: 3 | AD23: 2 | AE23: 1 | AF23: 2 | AG23: 3 | AH23: 4 | AI23: 5 | AJ23: 6 | AK23: 7 | AL23: 8 | AM23: 9 | AN23: SDN-4 MANDOMAI | AP23: SDN-3 ANJIR KALAMPAN | AQ23: 9 | AR23: 8 | AS23: 7 | AT23: 6 | AU23: 5 | AV23: 4 | AW23: 3 | AX23: 2 | AY23: 1 | AZ23: 2 | BA23: 3 | BB23: 4 | BC23: 5 | BD23: 6 | BE23: 7 | BF23: 8 | BG23: 9 | BH23: SDN-4 MANDOMAI
B24: SDN-3 ANJIR KALAMPAN | C24: 9 | D24: 8 | E24: 7 | F24: 6 | G24: 5 | H24: 4 | I24: 3 | J24: 2 | K24: 1 | L24: 2 | M24: 3 | N24: 4 | O24: 5 | P24: 6 | Q24: 7 | R24: 8 | S24: 9 | T24: SDN-1 PANTAI | V24: SDN-3 ANJIR KALAMPAN | W24: 9 | X24: 8 | Y24: 7 | Z24: 6 | AA24: 5 | AB24: 4 | AC24: 3 | AD24: 2 | AE24: 1 | AF24: 2 | AG24: 3 | AH24: 4 | AI24: 5 | AJ24: 6 | AK24: 7 | AL24: 8 | AM24: 9 | AN24: SDN-1 PANTAI | AP24: SDN-3 ANJIR KALAMPAN | AQ24: 9 | AR24: 8 | AS24: 7 | AT24: 6 | AU24: 5 | AV24: 4 | AW24: 3 | AX24: 2 | AY24: 1 | AZ24: 2 | BA24: 3 | BB24: 4 | BC24: 5 | BD24: 6 | BE24: 7 | BF24: 8 | BG24: 9 | BH24: SDN-1 PANTAI
... B109: SDN-2 SEI KAYU | C109: 9 | D109: 8 | E109: 7 | F109: 6 | G109: 5 | H109: 4 | I109: 3 | J109: 2 | K109: 1 | L109: 2 | M109: 3 | N109: 4 | O109: 5 | P109: 6 | Q109: 7 | R109: 8 | S109: 9 | T109: SDN-1 SEI DUSUN | V109: SDN-2 SEI KAYU | W109: 9 | X109: 8 | Y109: 7 | Z109: 6 | AA109: 5 | AB109: 4 | AC109: 3 | AD109: 2 | AE109: 1 | AF109: 2 | AG109: 3 | AH109: 4 | AI109: 5 | AJ109: 6 | AK109: 7 | AL109: 8 | AM109: 9 | AN109: SDN-1 SEI DUSUN | AP109: SDN-2 SEI KAYU | AQ109: 9 | AR109: 8 | AS109: 7 | AT109: 6 | AU109: 5 | AV109: 4 | AW109: 3 | AX109: 2 | AY109: 1 | AZ109: 2 | BA109: 3 | BB109: 4 | BC109: 5 | BD109: 6 | BE109: 7 | BF109: 8 | BG109: 9 | BH109: SDN-1 SEI DUSUN

Sheet JUMLAH SISWA
B1: JUMLAH SISWA | V1: JUMLAH SISWA | AP1: JUMLAH SISWA
B2: PENGAWAS SEKOLAH DASAR KAPUAS BARAT (JHON) | V2: KEPALA BIDANG PENGAWASAN SEKOLAH DASAR DISDIK KAPUAS (JEFRI) | AP2: KOMISI IV DPRD KAB. KAPUAS
B3: SEKOLAH UTAMA | C3: KRITERIA NILAI | T3: SEKOLAH PEMBANDING | V3: SEKOLAH UTAMA | W3: KRITERIA NILAI | AN3: SEKOLAH PEMBANDING | AP3: SEKOLAH UTAMA | AQ3: KRITERIA NILAI | BH3: SEKOLAH PEMBANDING
C4: 9 | D4: 8 | E4: 7 | F4: 6 | G4: 5 | H4: 4 | I4: 3 | J4: 2 | K4: 1 | L4: 2 | M4: 3 | N4: 4 | O4: 5 | P4: 6 | Q4: 7 | R4: 8 | S4: 9 | W4: 9 | X4: 8 | Y4: 7 | Z4: 6 | AA4: 5 | AB4: 4 | AC4: 3 | AD4: 2 | AE4: 1 | AF4: 2 | AG4: 3 | AH4: 4 | AI4: 5 | AJ4: 6 | AK4: 7 | AL4: 8 | AM4: 9 | AQ4: 9 | AR4: 8 | AS4: 7 | AT4: 6 | AU4: 5 | AV4: 4 | AW4: 3 | AX4: 2 | AY4: 1 | AZ4: 2 | BA4: 3 | BB4: 4 | BC4: 5 | BD4: 6 | BE4: 7 | BF4: 8 | BG4: 9
B5: SDN-2 ANJIR KALAMPAN | C5: 9 | D5: 8 | E5: 7 | F5: 6 | G5: 5 | H5: 4 | I5: 3 | J5: 2 | K5: 1 | L5: 2 | M5: 3 | N5: 4 | O5: 5 | P5: 6 | Q5: 7 | R5: 8 | S5: 9 | T5: SDN-3 ANJIR KALAMPAN | V5: SDN-2 ANJIR KALAMPAN | W5: 9 | X5: 8 | Y5: 7 | Z5: 6 | AA5: 5 | AB5: 4 | AC5: 3 | AD5: 2 | AE5: 1 | AF5: 2 | AG5: 3 | AH5: 4 | AI5: 5 | AJ5: 6 | AK5: 7 | AL5: 8 | AM5: 9 | AN5: SDN-3 ANJIR KALAMPAN | AP5: SDN-2 ANJIR KALAMPAN | AQ5: 9 | AR5: 8 | AS5: 7 | AT5: 6 | AU5: 5 | AV5: 4 | AW5: 3 | AX5: 2 | AY5: 1 | AZ5: 2 | BA5: 3 | BB5: 4 | BC5: 5 | BD5: 6 | BE5: 7 | BF5: 8 | BG5: 9 | BH5: SDN-3 ANJIR KALAMPAN | BJ5: PANDUAN PENGISIAN | BN5: CONDONG KE A | BV5: NETRAL | BW5: CONDONG KE B
B6: SDN-2 ANJIR KALAMPAN | C6: 9 | D6: 8 | E6: 7 | F6: 6 | G6: 5 | H6: 4 | I6: 3 | J6: 2 | K6: 1 | L6: 2 | M6: 3 | N6: 4 | O6: 5 | P6: 6 | Q6: 7 | R6: 8 | S6: 9 | T6: SDN-1 SAKA MANGKAHAI | V6: SDN-2 ANJIR KALAMPAN | W6: 9 | X6: 8 | Y6: 7 | Z6: 6 | AA6: 5 | AB6: 4 | AC6: 3 | AD6: 2 | AE6: 1 | AF6: 2 | AG6: 3 | AH6: 4 | AI6: 5 | AJ6: 6 | AK6: 7 | AL6: 8 | AM6: 9 | AN6: SDN-1 SAKA MANGKAHAI | AP6: SDN-2 ANJIR KALAMPAN | AQ6: 9 | AR6: 8 | AS6: 7 | AT6: 6 | AU6: 5 | AV6: 4 | AW6: 3 | AX6: 2 | AY6: 1 | AZ6: 2 | BA6: 3 | BB6: 4 | BC6: 5 | BD6: 6 | BE6: 7 | BF6: 8 | BG6: 9 | BH6: SDN-1 SAKA MANGKAHAI | BJ6: TINGKAT KEPENTINGAN | BK6: DEFINISI | BM6: PILIHAN A | BN6: 9 | BO6: 8 | BP6: 7 | BQ6: 6 | BR6: 5 | BS6: 4 | BT6: 3 | BU6: 2 | BV6: 1 | BW6: 2 | BX6: 3 | BY6: 4 | BZ6: 5 | CA6: 6 | CB6: 7 | CC6: 8 | CD6: 9 | CE6: PILIHAN B
B7: SDN-2 ANJIR KALAMPAN | C7: 9 | D7: 8 | E7: 7 | F7: 6 | G7: 5 | H7: 4 | I7: 3 | J7: 2 | K7: 1 | L7: 2 | M7: 3 | N7: 4 | O7: 5 | P7: 6 | Q7: 7 | R7: 8 | S7: 9 | T7: SDN-2 SAKA MANGKAHAI | V7: SDN-2 ANJIR KALAMPAN | W7: 9 | X7: 8 | Y7: 7 | Z7: 6 | AA7: 5 | AB7: 4 | AC7: 3 | AD7: 2 | AE7: 1 | AF7: 2 | AG7: 3 | AH7: 4 | AI7: 5 | AJ7: 6 | AK7: 7 | AL7: 8 | AM7: 9 | AN7: SDN-2 SAKA MANGKAHAI | AP7: SDN-2 ANJIR KALAMPAN | AQ7: 9 | AR7: 8 | AS7: 7 | AT7: 6 | AU7: 5 | AV7: 4 | AW7: 3 | AX7: 2 | AY7: 1 | AZ7: 2 | BA7: 3 | BB7: 4 | BC7: 5 | BD7: 6 | BE7: 7 | BF7: 8 | BG7: 9 | BH7: SDN-2 SAKA MANGKAHAI | BJ7: 1 | BK7: KEDUA ELEMEN SAMA PENTING
B8: SDN-2 ANJIR KALAMPAN | C8: 9 | D8: 8 | E8: 7 | F8: 6 | G8: 5 | H8: 4 | I8: 3 | J8: 2 | K8: 1 | L8: 2 | M8: 3 | N8: 4 | O8: 5 | P8: 6 | Q8: 7 | R8: 8 | S8: 9 | T8: SDN-2 MANDOMAI | V8: SDN-2 ANJIR KALAMPAN | W8: 9 | X8: 8 | Y8: 7 | Z8: 6 | AA8: 5 | AB8: 4 | AC8: 3 | AD8: 2 | AE8: 1 | AF8: 2 | AG8: 3 | AH8: 4 | AI8: 5 | AJ8: 6 | AK8: 7 | AL8: 8 | AM8: 9 | AN8: SDN-2 MANDOMAI | AP8: SDN-2 ANJIR KALAMPAN | AQ8: 9 | AR8: 8 | AS8: 7 | AT8: 6 | AU8: 5 | AV8: 4 | AW8: 3 | AX8: 2 | AY8: 1 | AZ8: 2 | BA8: 3 | BB8: 4 | BC8: 5 | BD8: 6 | BE8: 7 | BF8: 8 | BG8: 9 | BH8: SDN-2 MANDOMAI | BJ8: 3 | BK8: ELEMEN YANG SATU SEDIKIT LEBIH PENTING DARI YANG LAIN
B9: SDN-2 ANJIR KALAMPAN | C9: 9 | D9: 8 | E9: 7 | F9: 6 | G9: 5 | H9: 4 | I9: 3 | J9: 2 | K9: 1 | L9: 2 | M9: 3 | N9: 4 | O9: 5 | P9: 6 | Q9: 7 | R9: 8 | S9: 9 | T9: SDN-3 MANDOMAI | V9: SDN-2 ANJIR KALAMPAN | W9: 9 | X9: 8 | Y9: 7 | Z9: 6 | AA9: 5 | AB9: 4 | AC9: 3 | AD9: 2 | AE9: 1 | AF9: 2 | AG9: 3 | AH9: 4 | AI9: 5 | AJ9: 6 | AK9: 7 | AL9: 8 | AM9: 9 | AN9: SDN-3 MANDOMAI | AP9: SDN-2 ANJIR KALAMPAN | AQ9: 9 | AR9: 8 | AS9: 7 | AT9: 6 | AU9: 5 | AV9: 4 | AW9: 3 | AX9: 2 | AY9: 1 | AZ9: 2 | BA9: 3 | BB9: 4 | BC9: 5 | BD9: 6 | BE9: 7 | BF9: 8 | BG9: 9 | BH9: SDN-3 MANDOMAI | BJ9: 5 | BK9: ELEMEN YANG SATU LEBIH PENTING DARI YANG LAIN
B10: SDN-2 ANJIR KALAMPAN | C10: 9 | D10: 8 | E10: 7 | F10: 6 | G10: 5 | H10: 4 | I10: 3 | J10: 2 | K10: 1 | L10: 2 | M10: 3 | N10: 4 | O10: 5 | P10: 6 | Q10: 7 | R10: 8 | S10: 9 | T10: SDN-4 MANDOMAI | V10: SDN-2 ANJIR KALAMPAN | W10: 9 | X10: 8 | Y10: 7 | Z10: 6 | AA10: 5 | AB10: 4 | AC10: 3 | AD10: 2 | AE10: 1 | AF10: 2 | AG10: 3 | AH10: 4 | AI10: 5 | AJ10: 6 | AK10: 7 | AL10: 8 | AM10: 9 | AN10: SDN-4 MANDOMAI | AP10: SDN-2 ANJIR KALAMPAN | AQ10: 9 | AR10: 8 | AS10: 7 | AT10: 6 | AU10: 5 | AV10: 4 | AW10: 3 | AX10: 2 | AY10: 1 | AZ10: 2 | BA10: 3 | BB10: 4 | BC10: 5 | BD10: 6 | BE10: 7 | BF10: 8 | BG10: 9 | BH10: SDN-4 MANDOMAI | BJ10: 7 | BK10: ELEMEN YANG SATU SANGAT PENTING DARI YANG LAIN
B11: SDN-2 ANJIR KALAMPAN | C11: 9 | D11: 8 | E11: 7 | F11: 6 | G11: 5 | H11: 4 | I11: 3 | J11: 2 | K11: 1 | L11: 2 | M11: 3 | N11: 4 | O11: 5 | P11: 6 | Q11: 7 | R11: 8 | S11: 9 | T11: SDN-1 PANTAI | V11: SDN-2 ANJIR KALAMPAN | W11: 9 | X11: 8 | Y11: 7 | Z11: 6 | AA11: 5 | AB11: 4 | AC11: 3 | AD11: 2 | AE11: 1 | AF11: 2 | AG11: 3 | AH11: 4 | AI11: 5 | AJ11: 6 | AK11: 7 | AL11: 8 | AM11: 9 | AN11: SDN-1 PANTAI | AP11: SDN-2 ANJIR KALAMPAN | AQ11: 9 | AR11: 8 | AS11: 7 | AT11: 6 | AU11: 5 | AV11: 4 | AW11: 3 | AX11: 2 | AY11: 1 | AZ11: 2 | BA11: 3 | BB11: 4 | BC11: 5 | BD11: 6 | BE11: 7 | BF11: 8 | BG11: 9 | BH11: SDN-1 PANTAI | BJ11: 9 | BK11: ELEMEN YANG SATU MUTLAK LEBIH PENTING DARI YANG LAIN
B12: SDN-2 ANJIR KALAMPAN | C12: 9 | D12: 8 | E12: 7 | F12: 6 | G12: 5 | H12: 4 | I12: 3 | J12: 2 | K12: 1 | L12: 2 | M12: 3 | N12: 4 | O12: 5 | P12: 6 | Q12: 7 | R12: 8 | S12: 9 | T12: SDN-2 PANTAI | V12: SDN-2 ANJIR KALAMPAN | W12: 9 | X12: 8 | Y12: 7 | Z12: 6 | AA12: 5 | AB12: 4 | AC12: 3 | AD12: 2 | AE12: 1 | AF12: 2 | AG12: 3 | AH12: 4 | AI12: 5 | AJ12: 6 | AK12: 7 | AL12: 8 | AM12: 9 | AN12: SDN-2 PANTAI | AP12: SDN-2 ANJIR KALAMPAN | AQ12: 9 | AR12: 8 | AS12: 7 | AT12: 6 | AU12: 5 | AV12: 4 | AW12: 3 | AX12: 2 | AY12: 1 | AZ12: 2 | BA12: 3 | BB12: 4 | BC12: 5 | BD12: 6 | BE12: 7 | BF12: 8 | BG12: 9 | BH12: SDN-2 PANTAI | BJ12: 2,4,6,8 | BK12: NILAI KOMPROMI (NILAI TENGAH ANTARA DUA PERBANDINGAN)
B13: SDN-2 ANJIR KALAMPAN | C13: 9 | D13: 8 | E13: 7 | F13: 6 | G13: 5 | H13: 4 | I13: 3 | J13: 2 | K13: 1 | L13: 2 | M13: 3 | N13: 4 | O13: 5 | P13: 6 | Q13: 7 | R13: 8 | S13: 9 | T13: SDN-1 BASUTA RAYA | V13: SDN-2 ANJIR KALAMPAN | W13: 9 | X13: 8 | Y13: 7 | Z13: 6 | AA13: 5 | AB13: 4 | AC13: 3 | AD13: 2 | AE13: 1 | AF13: 2 | AG13: 3 | AH13: 4 | AI13: 5 | AJ13: 6 | AK13: 7 | AL13: 8 | AM13: 9 | AN13: SDN-1 BASUTA RAYA | AP13: SDN-2 ANJIR KALAMPAN | AQ13: 9 | AR13: 8 | AS13: 7 | AT13: 6 | AU13: 5 | AV13: 4 | AW13: 3 | AX13: 2 | AY13: 1 | AZ13: 2 | BA13: 3 | BB13: 4 | BC13: 5 | BD13: 6 | BE13: 7 | BF13: 8 | BG13: 9 | BH13: SDN-1 BASUTA RAYA
B14: SDN-2 ANJIR KALAMPAN | C14: 9 | D14: 8 | E14: 7 | F14: 6 | G14: 5 | H14: 4 | I14: 3 | J14: 2 | K14: 1 | L14: 2 | M14: 3 | N14: 4 | O14: 5 | P14: 6 | Q14: 7 | R14: 8 | S14: 9 | T14: SDN-1 SEI PITUNG | V14: SDN-2 ANJIR KALAMPAN | W14: 9 | X14: 8 | Y14: 7 | Z14: 6 | AA14: 5 | AB14: 4 | AC14: 3 | AD14: 2 | AE14: 1 | AF14: 2 | AG14: 3 | AH14: 4 | AI14: 5 | AJ14: 6 | AK14: 7 | AL14: 8 | AM14: 9 | AN14: SDN-1 SEI PITUNG | AP14: SDN-2 ANJIR KALAMPAN | AQ14: 9 | AR14: 8 | AS14: 7 | AT14: 6 | AU14: 5 | AV14: 4 | AW14: 3 | AX14: 2 | AY14: 1 | AZ14: 2 | BA14: 3 | BB14: 4 | BC14: 5 | BD14: 6 | BE14: 7 | BF14: 8 | BG14: 9 | BH14: SDN-1 SEI PITUNG
B15: SDN-2 ANJIR KALAMPAN | C15: 9 | D15: 8 | E15: 7 | F15: 6 | G15: 5 | H15: 4 | I15: 3 | J15: 2 | K15: 1 | L15: 2 | M15: 3 | N15: 4 | O15: 5 | P15: 6 | Q15: 7 | R15: 8 | S15: 9 | T15: SDN-1 PENDA KATAPI | V15: SDN-2 ANJIR KALAMPAN | W15: 9 | X15: 8 | Y15: 7 | Z15: 6 | AA15: 5 | AB15: 4 | AC15: 3 | AD15: 2 | AE15: 1 | AF15: 2 | AG15: 3 | AH15: 4 | AI15: 5 | AJ15: 6 | AK15: 7 | AL15: 8 | AM15: 9 | AN15: SDN-1 PENDA KATAPI | AP15: SDN-2 ANJIR KALAMPAN | AQ15: 9 | AR15: 8 | AS15: 7 | AT15: 6 | AU15: 5 | AV15: 4 | AW15: 3 | AX15: 2 | AY15: 1 | AZ15: 2 | BA15: 3 | BB15: 4 | BC15: 5 | BD15: 6 | BE15: 7 | BF15: 8 | BG15: 9 | BH15: SDN-1 PENDA KATAPI
B16: SDN-2 ANJIR KALAMPAN | C16: 9 | D16: 8 | E16: 7 | F16: 6 | G16: 5 | H16: 4 | I16: 3 | J16: 2 | K16: 1 | L16: 2 | M16: 3 | N16: 4 | O16: 5 | P16: 6 | Q16: 7 | R16: 8 | S16: 9 | T16: SDN-1 SEI KAYU | V16: SDN-2 ANJIR KALAMPAN | W16: 9 | X16: 8 | Y16: 7 | Z16: 6 | AA16: 5 | AB16: 4 | AC16: 3 | AD16: 2 | AE16: 1 | AF16: 2 | AG16: 3 | AH16: 4 | AI16: 5 | AJ16: 6 | AK16: 7 | AL16: 8 | AM16: 9 | AN16: SDN-1 SEI KAYU | AP16: SDN-2 ANJIR KALAMPAN | AQ16: 9 | AR16: 8 | AS16: 7 | AT16: 6 | AU16: 5 | AV16: 4 | AW16: 3 | AX16: 2 | AY16: 1 | AZ16: 2 | BA16: 3 | BB16: 4 | BC16: 5 | BD16: 6 | BE16: 7 | BF16: 8 | BG16: 9 | BH16: SDN-1 SEI KAYU
B17: SDN-2 ANJIR KALAMPAN | C17: 9 | D17: 8 | E17: 7 | F17: 6 | G17: 5 | H17: 4 | I17: 3 | J17: 2 | K17: 1 | L17: 2 | M17: 3 | N17: 4 | O17: 5 | P17: 6 | Q17: 7 | R17: 8 | S17: 9 | T17: SDN-2 SEI KAYU | V17: SDN-2 ANJIR KALAMPAN | W17: 9 | X17: 8 | Y17: 7 | Z17: 6 | AA17: 5 | AB17: 4 | AC17: 3 | AD17: 2 | AE17: 1 | AF17: 2 | AG17: 3 | AH17: 4 | AI17: 5 | AJ17: 6 | AK17: 7 | AL17: 8 | AM17: 9 | AN17: SDN-2 SEI KAYU | AP17: SDN-2 ANJIR KALAMPAN | AQ17: 9 | AR17: 8 | AS17: 7 | AT17: 6 | AU17: 5 | AV17: 4 | AW17: 3 | AX17: 2 | AY17: 1 | AZ17: 2 | BA17: 3 | BB17: 4 | BC17: 5 | BD17: 6 | BE17: 7 | BF17: 8 | BG17: 9 | BH17: SDN-2 SEI KAYU
B18: SDN-2 ANJIR KALAMPAN | C18: 9 | D18: 8 | E18: 7 | F18: 6 | G18: 5 | H18: 4 | I18: 3 | J18: 2 | K18: 1 | L18: 2 | M18: 3 | N18: 4 | O18: 5 | P18: 6 | Q18: 7 | R18: 8 | S18: 9 | T18: SDN-1 SEI DUSUN | V18: SDN-2 ANJIR KALAMPAN | W18: 9 | X18: 8 | Y18: 7 | Z18: 6 | AA18: 5 | AB18: 4 | AC18: 3 | AD18: 2 | AE18: 1 | AF18: 2 | AG18: 3 | AH18: 4 | AI18: 5 | AJ18: 6 | AK18: 7 | AL18: 8 | AM18: 9 | AN18: SDN-1 SEI DUSUN | AP18: SDN-2 ANJIR KALAMPAN | AQ18: 9 | AR18: 8 | AS18: 7 | AT18: 6 | AU18: 5 | AV18: 4 | AW18: 3 | AX18: 2 | AY18: 1 | AZ18: 2 | BA18: 3 | BB18: 4 | BC18: 5 | BD18: 6 | BE18: 7 | BF18: 8 | BG18: 9 | BH18: SDN-1 SEI DUSUN
B19: SDN-3 ANJIR KALAMPAN | C19: 9 | D19: 8 | E19: 7 | F19: 6 | G19: 5 | H19: 4 | I19: 3 | J19: 2 | K19: 1 | L19: 2 | M19: 3 | N19: 4 | O19: 5 | P19: 6 | Q19: 7 | R19: 8 | S19: 9 | T19: SDN-1 SAKA MANGKAHAI | V19: SDN-3 ANJIR KALAMPAN | W19: 9 | X19: 8 | Y19: 7 | Z19: 6 | AA19: 5 | AB19: 4 | AC19: 3 | AD19: 2 | AE19: 1 | AF19: 2 | AG19: 3 | AH19: 4 | AI19: 5 | AJ19: 6 | AK19: 7 | AL19: 8 | AM19: 9 | AN19: SDN-1 SAKA MANGKAHAI | AP19: SDN-3 ANJIR KALAMPAN | AQ19: 9 | AR19: 8 | AS19: 7 | AT19: 6 | AU19: 5 | AV19: 4 | AW19: 3 | AX19: 2 | AY19: 1 | AZ19: 2 | BA19: 3 | BB19: 4 | BC19: 5 | BD19: 6 | BE19: 7 | BF19: 8 | BG19: 9 | BH19: SDN-1 SAKA MANGKAHAI
B20: SDN-3 ANJIR KALAMPAN | C20: 9 | D20: 8 | E20: 7 | F20: 6 | G20: 5 | H20: 4 | I20: 3 | J20: 2 | K20: 1 | L20: 2 | M20: 3 | N20: 4 | O20: 5 | P20: 6 | Q20: 7 | R20: 8 | S20: 9 | T20: SDN-2 SAKA MANGKAHAI | V20: SDN-3 ANJIR KALAMPAN | W20: 9 | X20: 8 | Y20: 7 | Z20: 6 | AA20: 5 | AB20: 4 | AC20: 3 | AD20: 2 | AE20: 1 | AF20: 2 | AG20: 3 | AH20: 4 | AI20: 5 | AJ20: 6 | AK20: 7 | AL20: 8 | AM20: 9 | AN20: SDN-2 SAKA MANGKAHAI | AP20: SDN-3 ANJIR KALAMPAN | AQ20: 9 | AR20: 8 | AS20: 7 | AT20: 6 | AU20: 5 | AV20: 4 | AW20: 3 | AX20: 2 | AY20: 1 | AZ20: 2 | BA20: 3 | BB20: 4 | BC20: 5 | BD20: 6 | BE20: 7 | BF20: 8 | BG20: 9 | BH20: SDN-2 SAKA MANGKAHAI
B21: SDN-3 ANJIR KALAMPAN | C21: 9 | D21: 8 | E21: 7 | F21: 6 | G21: 5 | H21: 4 | I21: 3 | J21: 2 | K21: 1 | L21: 2 | M21: 3 | N21: 4 | O21: 5 | P21: 6 | Q21: 7 | R21: 8 | S21: 9 | T21: SDN-2 MANDOMAI | V21: SDN-3 ANJIR KALAMPAN | W21: 9 | X21: 8 | Y21: 7 | Z21: 6 | AA21: 5 | AB21: 4 | AC21: 3 | AD21: 2 | AE21: 1 | AF21: 2 | AG21: 3 | AH21: 4 | AI21: 5 | AJ21: 6 | AK21: 7 | AL21: 8 | AM21: 9 | AN21: SDN-2 MANDOMAI | AP21: SDN-3 ANJIR KALAMPAN | AQ21: 9 | AR21: 8 | AS21: 7 | AT21: 6 | AU21: 5 | AV21: 4 | AW21: 3 | AX21: 2 | AY21: 1 | AZ21: 2 | BA21: 3 | BB21: 4 | BC21: 5 | BD21: 6 | BE21: 7 | BF21: 8 | BG21: 9 | BH21: SDN-2 MANDOMAI
B22: SDN-3 ANJIR KALAMPAN | C22: 9 | D22: 8 | E22: 7 | F22: 6 | G22: 5 | H22: 4 | I22: 3 | J22: 2 | K22: 1 | L22: 2 | M22: 3 | N22: 4 | O22: 5 | P22: 6 | Q22: 7 | R22: 8 | S22: 9 | T22: SDN-3 MANDOMAI | V22: SDN-3 ANJIR KALAMPAN | W22: 9 | X22: 8 | Y22: 7 | Z22: 6 | AA22: 5 | AB22: 4 | AC22: 3 | AD22: 2 | AE22: 1 | AF22: 2 | AG22: 3 | AH22: 4 | AI22: 5 | AJ22: 6 | AK22: 7 | AL22: 8 | AM22: 9 | AN22: SDN-3 MANDOMAI | AP22: SDN-3 ANJIR KALAMPAN | AQ22: 9 | AR22: 8 | AS22: 7 | AT22: 6 | AU22: 5 | AV22: 4 | AW22: 3 | AX22: 2 | AY22: 1 | AZ22: 2 | BA22: 3 | BB22: 4 | BC22: 5 | BD22: 6 | BE22: 7 | BF22: 8 | BG22: 9 | BH22: SDN-3 MANDOMAI
B23: SDN-3 ANJIR KALAMPAN | C23: 9 | D23: 8 | E23: 7 | F23: 6 | G23: 5 | H23: 4 | I23: 3 | J23: 2 | K23: 1 | L23: 2 | M23: 3 | N23: 4 | O23: 5 | P23: 6 | Q23: 7 | R23: 8 | S23: 9 | T23: SDN-4 MANDOMAI | V23: SDN-3 ANJIR KALAMPAN | W23: 9 | X23: 8 | Y23: 7 | Z23: 6 | AA23: 5 | AB23: 4 | AC23: 3 | AD23: 2 | AE23: 1 | AF23: 2 | AG23: 3 | AH23: 4 | AI23: 5 | AJ23: 6 | AK23: 7 | AL23: 8 | AM23: 9 | AN23: SDN-4 MANDOMAI | AP23: SDN-3 ANJIR KALAMPAN | AQ23: 9 | AR23: 8 | AS23: 7 | AT23: 6 | AU23: 5 | AV23: 4 | AW23: 3 | AX23: 2 | AY23: 1 | AZ23: 2 | BA23: 3 | BB23: 4 | BC23: 5 | BD23: 6 | BE23: 7 | BF23: 8 | BG23: 9 | BH23: SDN-4 MANDOMAI
B24: SDN-3 ANJIR KALAMPAN | C24: 9 | D24: 8 | E24: 7 | F24: 6 | G24: 5 | H24: 4 | I24: 3 | J24: 2 | K24: 1 | L24: 2 | M24: 3 | N24: 4 | O24: 5 | P24: 6 | Q24: 7 | R24: 8 | S24: 9 | T24: SDN-1 PANTAI | V24: SDN-3 ANJIR KALAMPAN | W24: 9 | X24: 8 | Y24: 7 | Z24: 6 | AA24: 5 | AB24: 4 | AC24: 3 | AD24: 2 | AE24: 1 | AF24: 2 | AG24: 3 | AH24: 4 | AI24: 5 | AJ24: 6 | AK24: 7 | AL24: 8 | AM24: 9 | AN24: SDN-1 PANTAI | AP24: SDN-3 ANJIR KALAMPAN | AQ24: 9 | AR24: 8 | AS24: 7 | AT24: 6 | AU24: 5 | AV24: 4 | AW24: 3 | AX24: 2 | AY24: 1 | AZ24: 2 | BA24: 3 | BB24: 4 | BC24: 5 | BD24: 6 | BE24: 7 | BF24: 8 | BG24: 9 | BH24: SDN-1 PANTAI
... B109: SDN-2 SEI KAYU | C109: 9 | D109: 8 | E109: 7 | F109: 6 | G109: 5 | H109: 4 | I109: 3 | J109: 2 | K109: 1 | L109: 2 | M109: 3 | N109: 4 | O109: 5 | P109: 6 | Q109: 7 | R109: 8 | S109: 9 | T109: SDN-1 SEI DUSUN | V109: SDN-2 SEI KAYU | W109: 9 | X109: 8 | Y109: 7 | Z109: 6 | AA109: 5 | AB109: 4 | AC109: 3 | AD109: 2 | AE109: 1 | AF109: 2 | AG109: 3 | AH109: 4 | AI109: 5 | AJ109: 6 | AK109: 7 | AL109: 8 | AM109: 9 | AN109: SDN-1 SEI DUSUN | AP109: SDN-2 SEI KAYU | AQ109: 9 | AR109: 8 | AS109: 7 | AT109: 6 | AU109: 5 | AV109: 4 | AW109: 3 | AX109: 2 | AY109: 1 | AZ109: 2 | BA109: 3 | BB109: 4 | BC109: 5 | BD109: 6 | BE109: 7 | BF109: 8 | BG109: 9 | BH109: SDN-1 SEI DUSUN

Sheet OLAH DATA KRITERIA
A2: LANGKAH 1 | B2: MENDEFINISIKAN TERLEBIH DAHULU KRITERIA-KRITERIA YANG AKAN DIJADIKAN SEBAGAI TOLAK UKUR PENYELESAIAN MASALAH DAN MENENTUKAN TINGKAT KEPENTINGAN | K2: LANGKAH 2 | L2: MENGHITUNG NILAI MATRIX PERBANDINGAN DARI MASING-MASING KRITERIA BERDASARKAN TABEL NILAI KEPENTINGAN | AF2: https://www.youtube.com/watch?v=Pzmwv92CQ0w | AH2: LANGKAH 3 | AI2: MENGHITUNG NILAI BOBOT KERITERIA (NORMALISASI)
B5: KRITERIA | F5: KODE | L5: PENGAWAS SEKOLAH DASAR KOORDINATOR WILAYAH KECAMATAN KAPUAS BARAT | AI5: PENGAWAS SEKOLAH DASAR KOORDINATOR WILAYAH KECAMATAN KAPUAS BARAT
B6: PERSENTASE KERUSAKAN GEDUNG | F6: C1 | L6: KRITERIA A | M6: SKALA PENILAIAN | AD6: KRITERIA B | AI6: KRITERIA | AJ6: PERSENTASE KERUSAKAN GEDUNG | AK6: LOKASI GEDUNG | AL6: USIA BANGUNAN | AM6: JUMLAH SISWA | AN6: RATA-RATA
B7: LOKASI GEDUNG | F7: C2 | M7: 9 | N7: 8 | O7: 7 | P7: 6 | Q7: 5 | R7: 4 | S7: 3 | T7: 2 | U7: 1 | V7: 2 | W7: 3 | X7: 4 | Y7: 5 | Z7: 6 | AA7: 7 | AB7: 8 | AC7: 9 | AI7: PERSENTASE KERUSAKAN GEDUNG
B8: USIA BANGUNAN | F8: C3 | L8: PERSENTASE KERUSAKAN GEDUNG | R8: 4 | AD8: LOKASI GEDUNG | AI8: LOKASI GEDUNG
B9: JUMLAH SISWA | F9: C4 | L9: PERSENTASE KERUSAKAN GEDUNG | P9: 6 | AD9: USIA BANGUNAN | AI9: USIA BANGUNAN
L10: PERSENTASE KERUSAKAN GEDUNG | P10: 6 | AD10: JUMLAH SISWA | AI10: JUMLAH SISWA
L11: LOKASI GEDUNG | O11: 8 | AD11: USIA BANGUNAN | AI11: TOTAL
L12: LOKASI GEDUNG | M12: 9 | AD12: JUMLAH SISWA
L13: USIA BANGUNAN | O13: 7 | AD13: JUMLAH SISWA | AI13: KEPALA BIDANG PENGAWASAN SEKOLAH DASAR DINAS PENDIDIKAN KABUPATEN KAPUAS
AI14: KRITERIA | AJ14: PERSENTASE KERUSAKAN GEDUNG | AK14: LOKASI GEDUNG | AL14: USIA BANGUNAN | AM14: JUMLAH SISWA | AN14: RATA-RATA
L15: KRITERIA | M15: PERSENTASE KERUSAKAN GEDUNG | AD15: LOKASI GEDUNG | AE15: USIA BANGUNAN | AF15: JUMLAH SISWA | AI15: PERSENTASE KERUSAKAN GEDUNG
L16: PERSENTASE KERUSAKAN GEDUNG | M16: 1 | AD16: 4 | AE16: 6 | AF16: 6 | AI16: LOKASI GEDUNG
L17: LOKASI GEDUNG | M17: =1/4 -> 0.25 | AD17: 1 | AE17: 8 | AF17: 9 | AI17: USIA BANGUNAN
L18: USIA BANGUNAN | M18: 0.16666667 | AD18: =1/8 -> 0.125 | AE18: 1 | AF18: 7 | AI18: JUMLAH SISWA
L19: JUMLAH SISWA | M19: =1/6 -> 0.16666667 | AD19: =1/9 -> 0.11111111 | AE19: =1/7 -> 0.14285714 | AF19: 1 | AI19: TOTAL
M20: =SUM(M16:AC19) -> 1.5833333 | AD20: =SUM(AD16:AD19) -> 5.2361111 | AE20: =SUM(AE16:AE19) -> 15.142857 | AF20: =SUM(AF16:AF19) -> 23
L22: KEPALA BIDANG PENGAWASAN SEKOLAH DASAR DINAS PENDIDIKAN KABUPATEN KAPUAS
L23: KRITERIA A | M23: SKALA PENILAIAN | AD23: KRITERIA B
M24: 9 | N24: 8 | O24: 7 | P24: 6 | Q24: 5 | R24: 4 | S24: 3 | T24: 2 | U24: 1 | V24: 2 | W24: 3 | X24: 4 | Y24: 5 | Z24: 6 | AA24: 7 | AB24: 8 | AC24: 9
L25: PERSENTASE KERUSAKAN GEDUNG | M25: 9 | AD25: LOKASI GEDUNG
L26: PERSENTASE KERUSAKAN GEDUNG | M26: 9 | AD26: USIA BANGUNAN
L27: PERSENTASE KERUSAKAN GEDUNG | M27: 9 | AD27: JUMLAH SISWA
L28: LOKASI GEDUNG | S28: 3 | AD28: USIA BANGUNAN
L29: LOKASI GEDUNG | Q29: 5 | AD29: JUMLAH SISWA
L30: USIA BANGUNAN | S30: 3 | AD30: JUMLAH SISWA
L32: KRITERIA | M32: PERSENTASE KERUSAKAN GEDUNG | AD32: LOKASI GEDUNG | AE32: USIA BANGUNAN | AF32: JUMLAH SISWA
L33: PERSENTASE KERUSAKAN GEDUNG | M33: 1 | AD33: 9 | AE33: 9 | AF33: 9
L34: LOKASI GEDUNG | M34: =1/9 -> 0.11111111 | AD34: 1 | AE34: 3 | AF34: 5
L35: USIA BANGUNAN | M35: =1/9 -> 0.11111111 | AD35: =1/3 -> 0.33333333 | AE35: 1 | AF35: 3
L36: JUMLAH SISWA | M36: =1/9 -> 0.11111111 | AD36: =1/5 -> 0.2 | AE36: =1/3 -> 0.33333333 | AF36: 1
L39: DPRD KOMISI IV KABUPATEN KAPUAS
L40: KRITERIA A | M40: SKALA PENILAIAN | AD40: KRITERIA B
M41: 9 | N41: 8 | O41: 7 | P41: 6 | Q41: 5 | R41: 4 | S41: 3 | T41: 2 | U41: 1 | V41: 2 | W41: 3 | X41: 4 | Y41: 5 | Z41: 6 | AA41: 7 | AB41: 8 | AC41: 9
L42: PERSENTASE KERUSAKAN GEDUNG | AD42: LOKASI GEDUNG
L43: PERSENTASE KERUSAKAN GEDUNG | AD43: USIA BANGUNAN
L44: PERSENTASE KERUSAKAN GEDUNG | AD44: JUMLAH SISWA
L45: LOKASI GEDUNG | AD45: USIA BANGUNAN
L46: LOKASI GEDUNG | AD46: JUMLAH SISWA
L47: USIA BANGUNAN | AD47: JUMLAH SISWA
L49: KRITERIA | M49: PERSENTASE KERUSAKAN GEDUNG | AD49: LOKASI GEDUNG | AE49: USIA BANGUNAN | AF49: JUMLAH SISWA
L50: PERSENTASE KERUSAKAN GEDUNG | M50: 1 | AD50: 1 | AE50: 1 | AF50: 1
L51: LOKASI GEDUNG | M51: 1 | AD51: 1 | AE51: 1 | AF51: 1
L52: USIA BANGUNAN | M52: 1 | AD52: 1 | AE52: 1 | AF52: 1
L53: JUMLAH SISWA | M53: 1 | AD53: 1 | AE53: 1 | AF53: 1

Sheet NORMALISASI % KERUSAKAN GEDUNG
B1: PERSENTASE KERUSAKAN GEDUNG
B2: PENGAWAS SEKOLAH DASAR KOORDINATOR WILAYAH KEC. KAPUAS BARAT
B3: SEKOLAH UTAMA | C3: KRITERIA NILAI | T3: SEKOLAH PEMBANDING
C4: 9 | D4: 8 | E4: 7 | F4: 6 | G4: 5 | H4: 4 | I4: 3 | J4: 2 | K4: 1 | L4: 2 | M4: 3 | N4: 4 | O4: 5 | P4: 6 | Q4: 7 | R4: 8 | S4: 9
B5: SDN-2 ANJIR KALAMPAN | C5: 9 | D5: 8 | E5: 7 | F5: 6 | G5: 5 | H5: 4 | I5: 3 | J5: 2 | K5: 1 | L5: 2 | M5: 3 | N5: 4 | O5: 5 | P5: 6 | Q5: 7 | R5: 8 | S5: 9 | T5: SDN-3 ANJIR KALAMPAN | V5: PERSENTASE KERUSAKAN GEDUNG | W5: SDN-2 ANJIR KALAMPAN | X5: SDN-3 ANJIR KALAMPAN | Y5: SDN-1 SAKA MANGKAHAI | Z5: SDN-2 SAKA MANGKAHAI | AA5: SDN-2 MANDOMAI | AB5: SDN-3 MANDOMAI | AC5: SDN-4 MANDOMAI | AD5: SDN-1 PANTAI | AE5: SDN-2 PANTAI | AF5: SDN-1 BASUTA RAYA | AG5: SDN-1 SEI PITUNG | AH5: SDN-1 PENDA KATAPI | AI5: SDN-1 SEI KAYU | AJ5: SDN-2 SEI KAYU | AK5: SDN-1 SEI DUSUN
B6: SDN-2 ANJIR KALAMPAN | C6: 9 | D6: 8 | E6: 7 | F6: 6 | G6: 5 | H6: 4 | I6: 3 | J6: 2 | K6: 1 | L6: 2 | M6: 3 | N6: 4 | O6: 5 | P6: 6 | Q6: 7 | R6: 8 | S6: 9 | T6: SDN-1 SAKA MANGKAHAI | V6: SDN-2 ANJIR KALAMPAN | W6: 1
B7: SDN-2 ANJIR KALAMPAN | C7: 9 | D7: 8 | E7: 7 | F7: 6 | G7: 5 | H7: 4 | I7: 3 | J7: 2 | K7: 1 | L7: 2 | M7: 3 | N7: 4 | O7: 5 | P7: 6 | Q7: 7 | R7: 8 | S7: 9 | T7: SDN-2 SAKA MANGKAHAI | V7: SDN-3 ANJIR KALAMPAN | X7: 1
B8: SDN-2 ANJIR KALAMPAN | C8: 9 | D8: 8 | E8: 7 | F8: 6 | G8: 5 | H8: 4 | I8: 3 | J8: 2 | K8: 1 | L8: 2 | M8: 3 | N8: 4 | O8: 5 | P8: 6 | Q8: 7 | R8: 8 | S8: 9 | T8: SDN-2 MANDOMAI | V8: SDN-1 SAKA MANGKAHAI | Y8: 1
B9: SDN-2 ANJIR KALAMPAN | C9: 9 | D9: 8 | E9: 7 | F9: 6 | G9: 5 | H9: 4 | I9: 3 | J9: 2 | K9: 1 | L9: 2 | M9: 3 | N9: 4 | O9: 5 | P9: 6 | Q9: 7 | R9: 8 | S9: 9 | T9: SDN-3 MANDOMAI | V9: SDN-2 SAKA MANGKAHAI | Z9: 1
B10: SDN-2 ANJIR KALAMPAN | C10: 9 | D10: 8 | E10: 7 | F10: 6 | G10: 5 | H10: 4 | I10: 3 | J10: 2 | K10: 1 | L10: 2 | M10: 3 | N10: 4 | O10: 5 | P10: 6 | Q10: 7 | R10: 8 | S10: 9 | T10: SDN-4 MANDOMAI | V10: SDN-2 MANDOMAI | AA10: 1
B11: SDN-2 ANJIR KALAMPAN | C11: 9 | D11: 8 | E11: 7 | F11: 6 | G11: 5 | H11: 4 | I11: 3 | J11: 2 | K11: 1 | L11: 2 | M11: 3 | N11: 4 | O11: 5 | P11: 6 | Q11: 7 | R11: 8 | S11: 9 | T11: SDN-1 PANTAI | V11: SDN-3 MANDOMAI | AB11: 1
B12: SDN-2 ANJIR KALAMPAN | C12: 9 | D12: 8 | E12: 7 | F12: 6 | G12: 5 | H12: 4 | I12: 3 | J12: 2 | K12: 1 | L12: 2 | M12: 3 | N12: 4 | O12: 5 | P12: 6 | Q12: 7 | R12: 8 | S12: 9 | T12: SDN-2 PANTAI | V12: SDN-4 MANDOMAI | AC12: 1
B13: SDN-2 ANJIR KALAMPAN | C13: 9 | D13: 8 | E13: 7 | F13: 6 | G13: 5 | H13: 4 | I13: 3 | J13: 2 | K13: 1 | L13: 2 | M13: 3 | N13: 4 | O13: 5 | P13: 6 | Q13: 7 | R13: 8 | S13: 9 | T13: SDN-1 BASUTA RAYA | V13: SDN-1 PANTAI | AD13: 1
B14: SDN-2 ANJIR KALAMPAN | C14: 9 | D14: 8 | E14: 7 | F14: 6 | G14: 5 | H14: 4 | I14: 3 | J14: 2 | K14: 1 | L14: 2 | M14: 3 | N14: 4 | O14: 5 | P14: 6 | Q14: 7 | R14: 8 | S14: 9 | T14: SDN-1 SEI PITUNG | V14: SDN-2 PANTAI | AE14: 1
B15: SDN-2 ANJIR KALAMPAN | C15: 9 | D15: 8 | E15: 7 | F15: 6 | G15: 5 | H15: 4 | I15: 3 | J15: 2 | K15: 1 | L15: 2 | M15: 3 | N15: 4 | O15: 5 | P15: 6 | Q15: 7 | R15: 8 | S15: 9 | T15: SDN-1 PENDA KATAPI | V15: SDN-1 BASUTA RAYA | AF15: 1
B16: SDN-2 ANJIR KALAMPAN | C16: 9 | D16: 8 | E16: 7 | F16: 6 | G16: 5 | H16: 4 | I16: 3 | J16: 2 | K16: 1 | L16: 2 | M16: 3 | N16: 4 | O16: 5 | P16: 6 | Q16: 7 | R16: 8 | S16: 9 | T16: SDN-1 SEI KAYU | V16: SDN-1 SEI PITUNG | AG16: 1
B17: SDN-2 ANJIR KALAMPAN | C17: 9 | D17: 8 | E17: 7 | F17: 6 | G17: 5 | H17: 4 | I17: 3 | J17: 2 | K17: 1 | L17: 2 | M17: 3 | N17: 4 | O17: 5 | P17: 6 | Q17: 7 | R17: 8 | S17: 9 | T17: SDN-2 SEI KAYU | V17: SDN-1 PENDA KATAPI | AH17: 1
B18: SDN-2 ANJIR KALAMPAN | C18: 9 | D18: 8 | E18: 7 | F18: 6 | G18: 5 | H18: 4 | I18: 3 | J18: 2 | K18: 1 | L18: 2 | M18: 3 | N18: 4 | O18: 5 | P18: 6 | Q18: 7 | R18: 8 | S18: 9 | T18: SDN-1 SEI DUSUN | V18: SDN-1 SEI KAYU | AI18: 1
B19: SDN-3 ANJIR KALAMPAN | C19: 9 | D19: 8 | E19: 7 | F19: 6 | G19: 5 | H19: 4 | I19: 3 | J19: 2 | K19: 1 | L19: 2 | M19: 3 | N19: 4 | O19: 5 | P19: 6 | Q19: 7 | R19: 8 | S19: 9 | T19: SDN-1 SAKA MANGKAHAI | V19: SDN-2 SEI KAYU | AJ19: 1
B20: SDN-3 ANJIR KALAMPAN | C20: 9 | D20: 8 | E20: 7 | F20: 6 | G20: 5 | H20: 4 | I20: 3 | J20: 2 | K20: 1 | L20: 2 | M20: 3 | N20: 4 | O20: 5 | P20: 6 | Q20: 7 | R20: 8 | S20: 9 | T20: SDN-2 SAKA MANGKAHAI | V20: SDN-1 SEI DUSUN | AK20: 1
B21: SDN-3 ANJIR KALAMPAN | C21: 9 | D21: 8 | E21: 7 | F21: 6 | G21: 5 | H21: 4 | I21: 3 | J21: 2 | K21: 1 | L21: 2 | M21: 3 | N21: 4 | O21: 5 | P21: 6 | Q21: 7 | R21: 8 | S21: 9 | T21: SDN-2 MANDOMAI
B22: SDN-3 ANJIR KALAMPAN | C22: 9 | D22: 8 | E22: 7 | F22: 6 | G22: 5 | H22: 4 | I22: 3 | J22: 2 | K22: 1 | L22: 2 | M22: 3 | N22: 4 | O22: 5 | P22: 6 | Q22: 7 | R22: 8 | S22: 9 | T22: SDN-3 MANDOMAI
B23: SDN-3 ANJIR KALAMPAN | C23: 9 | D23: 8 | E23: 7 | F23: 6 | G23: 5 | H23: 4 | I23: 3 | J23: 2 | K23: 1 | L23: 2 | M23: 3 | N23: 4 | O23: 5 | P23: 6 | Q23: 7 | R23: 8 | S23: 9 | T23: SDN-4 MANDOMAI
B24: SDN-3 ANJIR KALAMPAN | C24: 9 | D24: 8 | E24: 7 | F24: 6 | G24: 5 | H24: 4 | I24: 3 | J24: 2 | K24: 1 | L24: 2 | M24: 3 | N24: 4 | O24: 5 | P24: 6 | Q24: 7 | R24: 8 | S24: 9 | T24: SDN-1 PANTAI
B25: SDN-3 ANJIR KALAMPAN | C25: 9 | D25: 8 | E25: 7 | F25: 6 | G25: 5 | H25: 4 | I25: 3 | J25: 2 | K25: 1 | L25: 2 | M25: 3 | N25: 4 | O25: 5 | P25: 6 | Q25: 7 | R25: 8 | S25: 9 | T25: SDN-2 PANTAI
B26: SDN-3 ANJIR KALAMPAN | C26: 9 | D26: 8 | E26: 7 | F26: 6 | G26: 5 | H26: 4 | I26: 3 | J26: 2 | K26: 1 | L26: 2 | M26: 3 | N26: 4 | O26: 5 | P26: 6 | Q26: 7 | R26: 8 | S26: 9 | T26: SDN-1 BASUTA RAYA
B27: SDN-3 ANJIR KALAMPAN | C27: 9 | D27: 8 | E27: 7 | F27: 6 | G27: 5 | H27: 4 | I27: 3 | J27: 2 | K27: 1 | L27: 2 | M27: 3 | N27: 4 | O27: 5 | P27: 6 | Q27: 7 | R27: 8 | S27: 9 | T27: SDN-1 SEI PITUNG
B28: SDN-3 ANJIR KALAMPAN | C28: 9 | D28: 8 | E28: 7 | F28: 6 | G28: 5 | H28: 4 | I28: 3 | J28: 2 | K28: 1 | L28: 2 | M28: 3 | N28: 4 | O28: 5 | P28: 6 | Q28: 7 | R28: 8 | S28: 9 | T28: SDN-1 PENDA KATAPI
B29: SDN-3 ANJIR KALAMPAN | C29: 9 | D29: 8 | E29: 7 | F29: 6 | G29: 5 | H29: 4 | I29: 3 | J29: 2 | K29: 1 | L29: 2 | M29: 3 | N29: 4 | O29: 5 | P29: 6 | Q29: 7 | R29: 8 | S29: 9 | T29: SDN-1 SEI KAYU
B30: SDN-3 ANJIR KALAMPAN | C30: 9 | D30: 8 | E30: 7 | F30: 6 | G30: 5 | H30: 4 | I30: 3 | J30: 2 | K30: 1 | L30: 2 | M30: 3 | N30: 4 | O30: 5 | P30: 6 | Q30: 7 | R30: 8 | S30: 9 | T30: SDN-2 SEI KAYU
B31: SDN-3 ANJIR KALAMPAN | C31: 9 | D31: 8 | E31: 7 | F31: 6 | G31: 5 | H31: 4 | I31: 3 | J31: 2 | K31: 1 | L31: 2 | M31: 3 | N31: 4 | O31: 5 | P31: 6 | Q31: 7 | R31: 8 | S31: 9 | T31: SDN-1 SEI DUSUN
B32: SDN-1 SAKA MANGKAHAI | C32: 9 | D32: 8 | E32: 7 | F32: 6 | G32: 5 | H32: 4 | I32: 3 | J32: 2 | K32: 1 | L32: 2 | M32: 3 | N32: 4 | O32: 5 | P32: 6 | Q32: 7 | R32: 8 | S32: 9 | T32: SDN-2 SAKA MANGKAHAI
... B109: SDN-2 SEI KAYU | C109: 9 | D109: 8 | E109: 7 | F109: 6 | G109: 5 | H109: 4 | I109: 3 | J109: 2 | K109: 1 | L109: 2 | M109: 3 | N109: 4 | O109: 5 | P109: 6 | Q109: 7 | R109: 8 | S109: 9 | T109: SDN-1 SEI DUSUN
B111: PERSENTASE KERUSAKAN GEDUNG
B112: KEPALA BIDANG PENGAWASAN SEKOLAH DASAR DISDIK KAPUAS (JEFRI)
B113: SEKOLAH UTAMA | C113: KRITERIA NILAI | T113: SEKOLAH PEMBANDING
C114: 9 | D114: 8 | E114: 7 | F114: 6 | G114: 5 | H114: 4 | I114: 3 | J114: 2 | K114: 1 | L114: 2 | M114: 3 | N114: 4 | O114: 5 | P114: 6 | Q114: 7 | R114: 8 | S114: 9
B115: SDN-2 ANJIR KALAMPAN | C115: 9 | D115: 8 | E115: 7 | F115: 6 | G115: 5 | H115: 4 | I115: 3 | J115: 2 | K115: 1 | L115: 2 | M115: 3 | N115: 4 | O115: 5 | P115: 6 | Q115: 7 | R115: 8 | S115: 9 | T115: SDN-3 ANJIR KALAMPAN | V115: PERSENTASE KERUSAKAN GEDUNG | W115: SDN-2 ANJIR KALAMPAN | X115: SDN-3 ANJIR KALAMPAN | Y115: SDN-1 SAKA MANGKAHAI | Z115: SDN-2 SAKA MANGKAHAI | AA115: SDN-2 MANDOMAI | AB115: SDN-3 MANDOMAI | AC115: SDN-4 MANDOMAI | AD115: SDN-1 PANTAI | AE115: SDN-2 PANTAI | AF115: SDN-1 BASUTA RAYA | AG115: SDN-1 SEI PITUNG | AH115: SDN-1 PENDA KATAPI | AI115: SDN-1 SEI KAYU | AJ115: SDN-2 SEI KAYU | AK115: SDN-1 SEI DUSUN
B116: SDN-2 ANJIR KALAMPAN | C116: 9 | D116: 8 | E116: 7 | F116: 6 | G116: 5 | H116: 4 | I116: 3 | J116: 2 | K116: 1 | L116: 2 | M116: 3 | N116: 4 | O116: 5 | P116: 6 | Q116: 7 | R116: 8 | S116: 9 | T116: SDN-1 SAKA MANGKAHAI | V116: SDN-2 ANJIR KALAMPAN | W116: 1
B117: SDN-2 ANJIR KALAMPAN | C117: 9 | D117: 8 | E117: 7 | F117: 6 | G117: 5 | H117: 4 | I117: 3 | J117: 2 | K117: 1 | L117: 2 | M117: 3 | N117: 4 | O117: 5 | P117: 6 | Q117: 7 | R117: 8 | S117: 9 | T117: SDN-2 SAKA MANGKAHAI | V117: SDN-3 ANJIR KALAMPAN | X117: 1
B118: SDN-2 ANJIR KALAMPAN | C118: 9 | D118: 8 | E118: 7 | F118: 6 | G118: 5 | H118: 4 | I118: 3 | J118: 2 | K118: 1 | L118: 2 | M118: 3 | N118: 4 | O118: 5 | P118: 6 | Q118: 7 | R118: 8 | S118: 9 | T118: SDN-2 MANDOMAI | V118: SDN-1 SAKA MANGKAHAI | Y118: 1
B119: SDN-2 ANJIR KALAMPAN | C119: 9 | D119: 8 | E119: 7 | F119: 6 | G119: 5 | H119: 4 | I119: 3 | J119: 2 | K119: 1 | L119: 2 | M119: 3 | N119: 4 | O119: 5 | P119: 6 | Q119: 7 | R119: 8 | S119: 9 | T119: SDN-3 MANDOMAI | V119: SDN-2 SAKA MANGKAHAI | Z119: 1
B120: SDN-2 ANJIR KALAMPAN | C120: 9 | D120: 8 | E120: 7 | F120: 6 | G120: 5 | H120: 4 | I120: 3 | J120: 2 | K120: 1 | L120: 2 | M120: 3 | N120: 4 | O120: 5 | P120: 6 | Q120: 7 | R120: 8 | S120: 9 | T120: SDN-4 MANDOMAI | V120: SDN-2 MANDOMAI | AA120: 1
B121: SDN-2 ANJIR KALAMPAN | C121: 9 | D121: 8 | E121: 7 | F121: 6 | G121: 5 | H121: 4 | I121: 3 | J121: 2 | K121: 1 | L121: 2 | M121: 3 | N121: 4 | O121: 5 | P121: 6 | Q121: 7 | R121: 8 | S121: 9 | T121: SDN-1 PANTAI | V121: SDN-3 MANDOMAI | AB121: 1
B122: SDN-2 ANJIR KALAMPAN | C122: 9 | D122: 8 | E122: 7 | F122: 6 | G122: 5 | H122: 4 | I122: 3 | J122: 2 | K122: 1 | L122: 2 | M122: 3 | N122: 4 | O122: 5 | P122: 6 | Q122: 7 | R122: 8 | S122: 9 | T122: SDN-2 PANTAI | V122: SDN-4 MANDOMAI | AC122: 1
B123: SDN-2 ANJIR KALAMPAN | C123: 9 | D123: 8 | E123: 7 | F123: 6 | G123: 5 | H123: 4 | I123: 3 | J123: 2 | K123: 1 | L123: 2 | M123: 3 | N123: 4 | O123: 5 | P123: 6 | Q123: 7 | R123: 8 | S123: 9 | T123: SDN-1 BASUTA RAYA | V123: SDN-1 PANTAI | AD123: 1
B124: SDN-2 ANJIR KALAMPAN | C124: 9 | D124: 8 | E124: 7 | F124: 6 | G124: 5 | H124: 4 | I124: 3 | J124: 2 | K124: 1 | L124: 2 | M124: 3 | N124: 4 | O124: 5 | P124: 6 | Q124: 7 | R124: 8 | S124: 9 | T124: SDN-1 SEI PITUNG | V124: SDN-2 PANTAI | AE124: 1
B125: SDN-2 ANJIR KALAMPAN | C125: 9 | D125: 8 | E125: 7 | F125: 6 | G125: 5 | H125: 4 | I125: 3 | J125: 2 | K125: 1 | L125: 2 | M125: 3 | N125: 4 | O125: 5 | P125: 6 | Q125: 7 | R125: 8 | S125: 9 | T125: SDN-1 PENDA KATAPI | V125: SDN-1 BASUTA RAYA | AF125: 1
B126: SDN-2 ANJIR KALAMPAN | C126: 9 | D126: 8 | E126: 7 | F126: 6 | G126: 5 | H126: 4 | I126: 3 | J126: 2 | K126: 1 | L126: 2 | M126: 3 | N126: 4 | O126: 5 | P126: 6 | Q126: 7 | R126: 8 | S126: 9 | T126: SDN-1 SEI KAYU | V126: SDN-1 SEI PITUNG | AG126: 1
B127: SDN-2 ANJIR KALAMPAN | C127: 9 | D127: 8 | E127: 7 | F127: 6 | G127: 5 | H127: 4 | I127: 3 | J127: 2 | K127: 1 | L127: 2 | M127: 3 | N127: 4 | O127: 5 | P127: 6 | Q127: 7 | R127: 8 | S127: 9 | T127: SDN-2 SEI KAYU | V127: SDN-1 PENDA KATAPI | AH127: 1
B128: SDN-2 ANJIR KALAMPAN | C128: 9 | D128: 8 | E128: 7 | F128: 6 | G128: 5 | H128: 4 | I128: 3 | J128: 2 | K128: 1 | L128: 2 | M128: 3 | N128: 4 | O128: 5 | P128: 6 | Q128: 7 | R128: 8 | S128: 9 | T128: SDN-1 SEI DUSUN | V128: SDN-1 SEI KAYU | AI128: 1
B129: SDN-3 ANJIR KALAMPAN | C129: 9 | D129: 8 | E129: 7 | F129: 6 | G129: 5 | H129: 4 | I129: 3 | J129: 2 | K129: 1 | L129: 2 | M129: 3 | N129: 4 | O129: 5 | P129: 6 | Q129: 7 | R129: 8 | S129: 9 | T129: SDN-1 SAKA MANGKAHAI | V129: SDN-2 SEI KAYU | AJ129: 1
B130: SDN-3 ANJIR KALAMPAN | C130: 9 | D130: 8 | E130: 7 | F130: 6 | G130: 5 | H130: 4 | I130: 3 | J130: 2 | K130: 1 | L130: 2 | M130: 3 | N130: 4 | O130: 5 | P130: 6 | Q130: 7 | R130: 8 | S130: 9 | T130: SDN-2 SAKA MANGKAHAI | V130: SDN-1 SEI DUSUN | AK130: 1
B131: SDN-3 ANJIR KALAMPAN | C131: 9 | D131: 8 | E131: 7 | F131: 6 | G131: 5 | H131: 4 | I131: 3 | J131: 2 | K131: 1 | L131: 2 | M131: 3 | N131: 4 | O131: 5 | P131: 6 | Q131: 7 | R131: 8 | S131: 9 | T131: SDN-2 MANDOMAI
B132: SDN-3 ANJIR KALAMPAN | C132: 9 | D132: 8 | E132: 7 | F132: 6 | G132: 5 | H132: 4 | I132: 3 | J132: 2 | K132: 1 | L132: 2 | M132: 3 | N132: 4 | O132: 5 | P132: 6 | Q132: 7 | R132: 8 | S132: 9 | T132: SDN-3 MANDOMAI
B133: SDN-3 ANJIR KALAMPAN | C133: 9 | D133: 8 | E133: 7 | F133: 6 | G133: 5 | H133: 4 | I133: 3 | J133: 2 | K133: 1 | L133: 2 | M133: 3 | N133: 4 | O133: 5 | P133: 6 | Q133: 7 | R133: 8 | S133: 9 | T133: SDN-4 MANDOMAI
B134: SDN-3 ANJIR KALAMPAN | C134: 9 | D134: 8 | E134: 7 | F134: 6 | G134: 5 | H134: 4 | I134: 3 | J134: 2 | K134: 1 | L134: 2 | M134: 3 | N134: 4 | O134: 5 | P134: 6 | Q134: 7 | R134: 8 | S134: 9 | T134: SDN-1 PANTAI
B135: SDN-3 ANJIR KALAMPAN | C135: 9 | D135: 8 | E135: 7 | F135: 6 | G135: 5 | H135: 4 | I135: 3 | J135: 2 | K135: 1 | L135: 2 | M135: 3 | N135: 4 | O135: 5 | P135: 6 | Q135: 7 | R135: 8 | S135: 9 | T135: SDN-2 PANTAI
B136: SDN-3 ANJIR KALAMPAN | C136: 9 | D136: 8 | E136: 7 | F136: 6 | G136: 5 | H136: 4 | I136: 3 | J136: 2 | K136: 1 | L136: 2 | M136: 3 | N136: 4 | O136: 5 | P136: 6 | Q136: 7 | R136: 8 | S136: 9 | T136: SDN-1 BASUTA RAYA
B137: SDN-3 ANJIR KALAMPAN | C137: 9 | D137: 8 | E137: 7 | F137: 6 | G137: 5 | H137: 4 | I137: 3 | J137: 2 | K137: 1 | L137: 2 | M137: 3 | N137: 4 | O137: 5 | P137: 6 | Q137: 7 | R137: 8 | S137: 9 | T137: SDN-1 SEI PITUNG
B138: SDN-3 ANJIR KALAMPAN | C138: 9 | D138: 8 | E138: 7 | F138: 6 | G138: 5 | H138: 4 | I138: 3 | J138: 2 | K138: 1 | L138: 2 | M138: 3 | N138: 4 | O138: 5 | P138: 6 | Q138: 7 | R138: 8 | S138: 9 | T138: SDN-1 PENDA KATAPI
B139: SDN-3 ANJIR KALAMPAN | C139: 9 | D139: 8 | E139: 7 | F139: 6 | G139: 5 | H139: 4 | I139: 3 | J139: 2 | K139: 1 | L139: 2 | M139: 3 | N139: 4 | O139: 5 | P139: 6 | Q139: 7 | R139: 8 | S139: 9 | T139: SDN-1 SEI KAYU
B140: SDN-3 ANJIR KALAMPAN | C140: 9 | D140: 8 | E140: 7 | F140: 6 | G140: 5 | H140: 4 | I140: 3 | J140: 2 | K140: 1 | L140: 2 | M140: 3 | N140: 4 | O140: 5 | P140: 6 | Q140: 7 | R140: 8 | S140: 9 | T140: SDN-2 SEI KAYU
B141: SDN-3 ANJIR KALAMPAN | C141: 9 | D141: 8 | E141: 7 | F141: 6 | G141: 5 | H141: 4 | I141: 3 | J141: 2 | K141: 1 | L141: 2 | M141: 3 | N141: 4 | O141: 5 | P141: 6 | Q141: 7 | R141: 8 | S141: 9 | T141: SDN-1 SEI DUSUN
B142: SDN-1 SAKA MANGKAHAI | C142: 9 | D142: 8 | E142: 7 | F142: 6 | G142: 5 | H142: 4 | I142: 3 | J142: 2 | K142: 1 | L142: 2 | M142: 3 | N142: 4 | O142: 5 | P142: 6 | Q142: 7 | R142: 8 | S142: 9 | T142: SDN-2 SAKA MANGKAHAI
... B219: SDN-2 SEI KAYU | C219: 9 | D219: 8 | E219: 7 | F219: 6 | G219: 5 | H219: 4 | I219: 3 | J219: 2 | K219: 1 | L219: 2 | M219: 3 | N219: 4 | O219: 5 | P219: 6 | Q219: 7 | R219: 8 | S219: 9 | T219: SDN-1 SEI DUSUN
B221: PERSENTASE KERUSAKAN GEDUNG
B222: DPRD
B223: SEKOLAH UTAMA | C223: KRITERIA NILAI | T223: SEKOLAH PEMBANDING
C224: 9 | D224: 8 | E224: 7 | F224: 6 | G224: 5 | H224: 4 | I224: 3 | J224: 2 | K224: 1 | L224: 2 | M224: 3 | N224: 4 | O224: 5 | P224: 6 | Q224: 7 | R224: 8 | S224: 9
B225: SDN-2 ANJIR KALAMPAN | C225: 9 | D225: 8 | E225: 7 | F225: 6 | G225: 5 | H225: 4 | I225: 3 | J225: 2 | K225: 1 | L225: 2 | M225: 3 | N225: 4 | O225: 5 | P225: 6 | Q225: 7 | R225: 8 | S225: 9 | T225: SDN-3 ANJIR KALAMPAN | V225: PERSENTASE KERUSAKAN GEDUNG | W225: SDN-2 ANJIR KALAMPAN | X225: SDN-3 ANJIR KALAMPAN | Y225: SDN-1 SAKA MANGKAHAI | Z225: SDN-2 SAKA MANGKAHAI | AA225: SDN-2 MANDOMAI | AB225: SDN-3 MANDOMAI | AC225: SDN-4 MANDOMAI | AD225: SDN-1 PANTAI | AE225: SDN-2 PANTAI | AF225: SDN-1 BASUTA RAYA | AG225: SDN-1 SEI PITUNG | AH225: SDN-1 PENDA KATAPI | AI225: SDN-1 SEI KAYU | AJ225: SDN-2 SEI KAYU | AK225: SDN-1 SEI DUSUN
B226: SDN-2 ANJIR KALAMPAN | C226: 9 | D226: 8 | E226: 7 | F226: 6 | G226: 5 | H226: 4 | I226: 3 | J226: 2 | K226: 1 | L226: 2 | M226: 3 | N226: 4 | O226: 5 | P226: 6 | Q226: 7 | R226: 8 | S226: 9 | T226: SDN-1 SAKA MANGKAHAI | V226: SDN-2 ANJIR KALAMPAN | W226: 1
B227: SDN-2 ANJIR KALAMPAN | C227: 9 | D227: 8 | E227: 7 | F227: 6 | G227: 5 | H227: 4 | I227: 3 | J227: 2 | K227: 1 | L227: 2 | M227: 3 | N227: 4 | O227: 5 | P227: 6 | Q227: 7 | R227: 8 | S227: 9 | T227: SDN-2 SAKA MANGKAHAI | V227: SDN-3 ANJIR KALAMPAN | X227: 1
B228: SDN-2 ANJIR KALAMPAN | C228: 9 | D228: 8 | E228: 7 | F228: 6 | G228: 5 | H228: 4 | I228: 3 | J228: 2 | K228: 1 | L228: 2 | M228: 3 | N228: 4 | O228: 5 | P228: 6 | Q228: 7 | R228: 8 | S228: 9 | T228: SDN-2 MANDOMAI | V228: SDN-1 SAKA MANGKAHAI | Y228: 1
B229: SDN-2 ANJIR KALAMPAN | C229: 9 | D229: 8 | E229: 7 | F229: 6 | G229: 5 | H229: 4 | I229: 3 | J229: 2 | K229: 1 | L229: 2 | M229: 3 | N229: 4 | O229: 5 | P229: 6 | Q229: 7 | R229: 8 | S229: 9 | T229: SDN-3 MANDOMAI | V229: SDN-2 SAKA MANGKAHAI | Z229: 1
B230: SDN-2 ANJIR KALAMPAN | C230: 9 | D230: 8 | E230: 7 | F230: 6 | G230: 5 | H230: 4 | I230: 3 | J230: 2 | K230: 1 | L230: 2 | M230: 3 | N230: 4 | O230: 5 | P230: 6 | Q230: 7 | R230: 8 | S230: 9 | T230: SDN-4 MANDOMAI | V230: SDN-2 MANDOMAI | AA230: 1
B231: SDN-2 ANJIR KALAMPAN | C231: 9 | D231: 8 | E231: 7 | F231: 6 | G231: 5 | H231: 4 | I231: 3 | J231: 2 | K231: 1 | L231: 2 | M231: 3 | N231: 4 | O231: 5 | P231: 6 | Q231: 7 | R231: 8 | S231: 9 | T231: SDN-1 PANTAI | V231: SDN-3 MANDOMAI | AB231: 1
B232: SDN-2 ANJIR KALAMPAN | C232: 9 | D232: 8 | E232: 7 | F232: 6 | G232: 5 | H232: 4 | I232: 3 | J232: 2 | K232: 1 | L232: 2 | M232: 3 | N232: 4 | O232: 5 | P232: 6 | Q232: 7 | R232: 8 | S232: 9 | T232: SDN-2 PANTAI | V232: SDN-4 MANDOMAI | AC232: 1
B233: SDN-2 ANJIR KALAMPAN | C233: 9 | D233: 8 | E233: 7 | F233: 6 | G233: 5 | H233: 4 | I233: 3 | J233: 2 | K233: 1 | L233: 2 | M233: 3 | N233: 4 | O233: 5 | P233: 6 | Q233: 7 | R233: 8 | S233: 9 | T233: SDN-1 BASUTA RAYA | V233: SDN-1 PANTAI | AD233: 1
B234: SDN-2 ANJIR KALAMPAN | C234: 9 | D234: 8 | E234: 7 | F234: 6 | G234: 5 | H234: 4 | I234: 3 | J234: 2 | K234: 1 | L234: 2 | M234: 3 | N234: 4 | O234: 5 | P234: 6 | Q234: 7 | R234: 8 | S234: 9 | T234: SDN-1 SEI PITUNG | V234: SDN-2 PANTAI | AE234: 1
B235: SDN-2 ANJIR KALAMPAN | C235: 9 | D235: 8 | E235: 7 | F235: 6 | G235: 5 | H235: 4 | I235: 3 | J235: 2 | K235: 1 | L235: 2 | M235: 3 | N235: 4 | O235: 5 | P235: 6 | Q235: 7 | R235: 8 | S235: 9 | T235: SDN-1 PENDA KATAPI | V235: SDN-1 BASUTA RAYA | AF235: 1
B236: SDN-2 ANJIR KALAMPAN | C236: 9 | D236: 8 | E236: 7 | F236: 6 | G236: 5 | H236: 4 | I236: 3 | J236: 2 | K236: 1 | L236: 2 | M236: 3 | N236: 4 | O236: 5 | P236: 6 | Q236: 7 | R236: 8 | S236: 9 | T236: SDN-1 SEI KAYU | V236: SDN-1 SEI PITUNG | AG236: 1
B237: SDN-2 ANJIR KALAMPAN | C237: 9 | D237: 8 | E237: 7 | F237: 6 | G237: 5 | H237: 4 | I237: 3 | J237: 2 | K237: 1 | L237: 2 | M237: 3 | N237: 4 | O237: 5 | P237: 6 | Q237: 7 | R237: 8 | S237: 9 | T237: SDN-2 SEI KAYU | V237: SDN-1 PENDA KATAPI | AH237: 1
B238: SDN-2 ANJIR KALAMPAN | C238: 9 | D238: 8 | E238: 7 | F238: 6 | G238: 5 | H238: 4 | I238: 3 | J238: 2 | K238: 1 | L238: 2 | M238: 3 | N238: 4 | O238: 5 | P238: 6 | Q238: 7 | R238: 8 | S238: 9 | T238: SDN-1 SEI DUSUN | V238: SDN-1 SEI KAYU | AI238: 1
B239: SDN-3 ANJIR KALAMPAN | C239: 9 | D239: 8 | E239: 7 | F239: 6 | G239: 5 | H239: 4 | I239: 3 | J239: 2 | K239: 1 | L239: 2 | M239: 3 | N239: 4 | O239: 5 | P239: 6 | Q239: 7 | R239: 8 | S239: 9 | T239: SDN-1 SAKA MANGKAHAI | V239: SDN-2 SEI KAYU | AJ239: 1
B240: SDN-3 ANJIR KALAMPAN | C240: 9 | D240: 8 | E240: 7 | F240: 6 | G240: 5 | H240: 4 | I240: 3 | J240: 2 | K240: 1 | L240: 2 | M240: 3 | N240: 4 | O240: 5 | P240: 6 | Q240: 7 | R240: 8 | S240: 9 | T240: SDN-2 SAKA MANGKAHAI | V240: SDN-1 SEI DUSUN | AK240: 1
B241: SDN-3 ANJIR KALAMPAN | C241: 9 | D241: 8 | E241: 7 | F241: 6 | G241: 5 | H241: 4 | I241: 3 | J241: 2 | K241: 1 | L241: 2 | M241: 3 | N241: 4 | O241: 5 | P241: 6 | Q241: 7 | R241: 8 | S241: 9 | T241: SDN-2 MANDOMAI
B242: SDN-3 ANJIR KALAMPAN | C242: 9 | D242: 8 | E242: 7 | F242: 6 | G242: 5 | H242: 4 | I242: 3 | J242: 2 | K242: 1 | L242: 2 | M242: 3 | N242: 4 | O242: 5 | P242: 6 | Q242: 7 | R242: 8 | S242: 9 | T242: SDN-3 MANDOMAI
B243: SDN-3 ANJIR KALAMPAN | C243: 9 | D243: 8 | E243: 7 | F243: 6 | G243: 5 | H243: 4 | I243: 3 | J243: 2 | K243: 1 | L243: 2 | M243: 3 | N243: 4 | O243: 5 | P243: 6 | Q243: 7 | R243: 8 | S243: 9 | T243: SDN-4 MANDOMAI
B244: SDN-3 ANJIR KALAMPAN | C244: 9 | D244: 8 | E244: 7 | F244: 6 | G244: 5 | H244: 4 | I244: 3 | J244: 2 | K244: 1 | L244: 2 | M244: 3 | N244: 4 | O244: 5 | P244: 6 | Q244: 7 | R244: 8 | S244: 9 | T244: SDN-1 PANTAI
B245: SDN-3 ANJIR KALAMPAN | C245: 9 | D245: 8 | E245: 7 | F245: 6 | G245: 5 | H245: 4 | I245: 3 | J245: 2 | K245: 1 | L245: 2 | M245: 3 | N245: 4 | O245: 5 | P245: 6 | Q245: 7 | R245: 8 | S245: 9 | T245: SDN-2 PANTAI
B246: SDN-3 ANJIR KALAMPAN | C246: 9 | D246: 8 | E246: 7 | F246: 6 | G246: 5 | H246: 4 | I246: 3 | J246: 2 | K246: 1 | L246: 2 | M246: 3 | N246: 4 | O246: 5 | P246: 6 | Q246: 7 | R246: 8 | S246: 9 | T246: SDN-1 BASUTA RAYA
B247: SDN-3 ANJIR KALAMPAN | C247: 9 | D247: 8 | E247: 7 | F247: 6 | G247: 5 | H247: 4 | I247: 3 | J247: 2 | K247: 1 | L247: 2 | M247: 3 | N247: 4 | O247: 5 | P247: 6 | Q247: 7 | R247: 8 | S247: 9 | T247: SDN-1 SEI PITUNG
B248: SDN-3 ANJIR KALAMPAN | C248: 9 | D248: 8 | E248: 7 | F248: 6 | G248: 5 | H248: 4 | I248: 3 | J248: 2 | K248: 1 | L248: 2 | M248: 3 | N248: 4 | O248: 5 | P248: 6 | Q248: 7 | R248: 8 | S248: 9 | T248: SDN-1 PENDA KATAPI
B249: SDN-3 ANJIR KALAMPAN | C249: 9 | D249: 8 | E249: 7 | F249: 6 | G249: 5 | H249: 4 | I249: 3 | J249: 2 | K249: 1 | L249: 2 | M249: 3 | N249: 4 | O249: 5 | P249: 6 | Q249: 7 | R249: 8 | S249: 9 | T249: SDN-1 SEI KAYU
B250: SDN-3 ANJIR KALAMPAN | C250: 9 | D250: 8 | E250: 7 | F250: 6 | G250: 5 | H250: 4 | I250: 3 | J250: 2 | K250: 1 | L250: 2 | M250: 3 | N250: 4 | O250: 5 | P250: 6 | Q250: 7 | R250: 8 | S250: 9 | T250: SDN-2 SEI KAYU
B251: SDN-3 ANJIR KALAMPAN | C251: 9 | D251: 8 | E251: 7 | F251: 6 | G251: 5 | H251: 4 | I251: 3 | J251: 2 | K251: 1 | L251: 2 | M251: 3 | N251: 4 | O251: 5 | P251: 6 | Q251: 7 | R251: 8 | S251: 9 | T251: SDN-1 SEI DUSUN
B252: SDN-1 SAKA MANGKAHAI | C252: 9 | D252: 8 | E252: 7 | F252: 6 | G252: 5 | H252: 4 | I252: 3 | J252: 2 | K252: 1 | L252: 2 | M252: 3 | N252: 4 | O252: 5 | P252: 6 | Q252: 7 | R252: 8 | S252: 9 | T252: SDN-2 SAKA MANGKAHAI
... B329: SDN-2 SEI KAYU | C329: 9 | D329: 8 | E329: 7 | F329: 6 | G329: 5 | H329: 4 | I329: 3 | J329: 2 | K329: 1 | L329: 2 | M329: 3 | N329: 4 | O329: 5 | P329: 6 | Q329: 7 | R329: 8 | S329: 9 | T329: SDN-1 SEI DUSUN

Sheet NORMALISASI LOKASI GEDUNG
B1: LOKASI GEDUNG
B2: PENGAWAS SEKOLAH DASAR KAPUAS BARAT (JHON)
B3: SEKOLAH UTAMA | C3: KRITERIA NILAI | T3: SEKOLAH PEMBANDING
C4: 9 | D4: 8 | E4: 7 | F4: 6 | G4: 5 | H4: 4 | I4: 3 | J4: 2 | K4: 1 | L4: 2 | M4: 3 | N4: 4 | O4: 5 | P4: 6 | Q4: 7 | R4: 8 | S4: 9
B5: SDN-2 ANJIR KALAMPAN | C5: 9 | D5: 8 | E5: 7 | F5: 6 | G5: 5 | H5: 4 | I5: 3 | J5: 2 | K5: 1 | L5: 2 | M5: 3 | N5: 4 | O5: 5 | P5: 6 | Q5: 7 | R5: 8 | S5: 9 | T5: SDN-3 ANJIR KALAMPAN | V5: PERSENTASE KERUSAKAN GEDUNG | W5: SDN-2 ANJIR KALAMPAN | X5: SDN-3 ANJIR KALAMPAN | Y5: SDN-1 SAKA MANGKAHAI | Z5: SDN-2 SAKA MANGKAHAI | AA5: SDN-2 MANDOMAI | AB5: SDN-3 MANDOMAI | AC5: SDN-4 MANDOMAI | AD5: SDN-1 PANTAI | AE5: SDN-2 PANTAI | AF5: SDN-1 BASUTA RAYA | AG5: SDN-1 SEI PITUNG | AH5: SDN-1 PENDA KATAPI | AI5: SDN-1 SEI KAYU | AJ5: SDN-2 SEI KAYU | AK5: SDN-1 SEI DUSUN
B6: SDN-2 ANJIR KALAMPAN | C6: 9 | D6: 8 | E6: 7 | F6: 6 | G6: 5 | H6: 4 | I6: 3 | J6: 2 | K6: 1 | L6: 2 | M6: 3 | N6: 4 | O6: 5 | P6: 6 | Q6: 7 | R6: 8 | S6: 9 | T6: SDN-1 SAKA MANGKAHAI | V6: SDN-2 ANJIR KALAMPAN | W6: 1
B7: SDN-2 ANJIR KALAMPAN | C7: 9 | D7: 8 | E7: 7 | F7: 6 | G7: 5 | H7: 4 | I7: 3 | J7: 2 | K7: 1 | L7: 2 | M7: 3 | N7: 4 | O7: 5 | P7: 6 | Q7: 7 | R7: 8 | S7: 9 | T7: SDN-2 SAKA MANGKAHAI | V7: SDN-3 ANJIR KALAMPAN | X7: 1
B8: SDN-2 ANJIR KALAMPAN | C8: 9 | D8: 8 | E8: 7 | F8: 6 | G8: 5 | H8: 4 | I8: 3 | J8: 2 | K8: 1 | L8: 2 | M8: 3 | N8: 4 | O8: 5 | P8: 6 | Q8: 7 | R8: 8 | S8: 9 | T8: SDN-2 MANDOMAI | V8: SDN-1 SAKA MANGKAHAI | Y8: 1
B9: SDN-2 ANJIR KALAMPAN | C9: 9 | D9: 8 | E9: 7 | F9: 6 | G9: 5 | H9: 4 | I9: 3 | J9: 2 | K9: 1 | L9: 2 | M9: 3 | N9: 4 | O9: 5 | P9: 6 | Q9: 7 | R9: 8 | S9: 9 | T9: SDN-3 MANDOMAI | V9: SDN-2 SAKA MANGKAHAI | Z9: 1
B10: SDN-2 ANJIR KALAMPAN | C10: 9 | D10: 8 | E10: 7 | F10: 6 | G10: 5 | H10: 4 | I10: 3 | J10: 2 | K10: 1 | L10: 2 | M10: 3 | N10: 4 | O10: 5 | P10: 6 | Q10: 7 | R10: 8 | S10: 9 | T10: SDN-4 MANDOMAI | V10: SDN-2 MANDOMAI | AA10: 1
B11: SDN-2 ANJIR KALAMPAN | C11: 9 | D11: 8 | E11: 7 | F11: 6 | G11: 5 | H11: 4 | I11: 3 | J11: 2 | K11: 1 | L11: 2 | M11: 3 | N11: 4 | O11: 5 | P11: 6 | Q11: 7 | R11: 8 | S11: 9 | T11: SDN-1 PANTAI | V11: SDN-3 MANDOMAI | AB11: 1
B12: SDN-2 ANJIR KALAMPAN | C12: 9 | D12: 8 | E12: 7 | F12: 6 | G12: 5 | H12: 4 | I12: 3 | J12: 2 | K12: 1 | L12: 2 | M12: 3 | N12: 4 | O12: 5 | P12: 6 | Q12: 7 | R12: 8 | S12: 9 | T12: SDN-2 PANTAI | V12: SDN-4 MANDOMAI | AC12: 1
B13: SDN-2 ANJIR KALAMPAN | C13: 9 | D13: 8 | E13: 7 | F13: 6 | G13: 5 | H13: 4 | I13: 3 | J13: 2 | K13: 1 | L13: 2 | M13: 3 | N13: 4 | O13: 5 | P13: 6 | Q13: 7 | R13: 8 | S13: 9 | T13: SDN-1 BASUTA RAYA | V13: SDN-1 PANTAI | AD13: 1
B14: SDN-2 ANJIR KALAMPAN | C14: 9 | D14: 8 | E14: 7 | F14: 6 | G14: 5 | H14: 4 | I14: 3 | J14: 2 | K14: 1 | L14: 2 | M14: 3 | N14: 4 | O14: 5 | P14: 6 | Q14: 7 | R14: 8 | S14: 9 | T14: SDN-1 SEI PITUNG | V14: SDN-2 PANTAI | AE14: 1
B15: SDN-2 ANJIR KALAMPAN | C15: 9 | D15: 8 | E15: 7 | F15: 6 | G15: 5 | H15: 4 | I15: 3 | J15: 2 | K15: 1 | L15: 2 | M15: 3 | N15: 4 | O15: 5 | P15: 6 | Q15: 7 | R15: 8 | S15: 9 | T15: SDN-1 PENDA KATAPI | V15: SDN-1 BASUTA RAYA | AF15: 1
B16: SDN-2 ANJIR KALAMPAN | C16: 9 | D16: 8 | E16: 7 | F16: 6 | G16: 5 | H16: 4 | I16: 3 | J16: 2 | K16: 1 | L16: 2 | M16: 3 | N16: 4 | O16: 5 | P16: 6 | Q16: 7 | R16: 8 | S16: 9 | T16: SDN-1 SEI KAYU | V16: SDN-1 SEI PITUNG | AG16: 1
B17: SDN-2 ANJIR KALAMPAN | C17: 9 | D17: 8 | E17: 7 | F17: 6 | G17: 5 | H17: 4 | I17: 3 | J17: 2 | K17: 1 | L17: 2 | M17: 3 | N17: 4 | O17: 5 | P17: 6 | Q17: 7 | R17: 8 | S17: 9 | T17: SDN-2 SEI KAYU | V17: SDN-1 PENDA KATAPI | AH17: 1
B18: SDN-2 ANJIR KALAMPAN | C18: 9 | D18: 8 | E18: 7 | F18: 6 | G18: 5 | H18: 4 | I18: 3 | J18: 2 | K18: 1 | L18: 2 | M18: 3 | N18: 4 | O18: 5 | P18: 6 | Q18: 7 | R18: 8 | S18: 9 | T18: SDN-1 SEI DUSUN | V18: SDN-1 SEI KAYU | AI18: 1
B19: SDN-3 ANJIR KALAMPAN | C19: 9 | D19: 8 | E19: 7 | F19: 6 | G19: 5 | H19: 4 | I19: 3 | J19: 2 | K19: 1 | L19: 2 | M19: 3 | N19: 4 | O19: 5 | P19: 6 | Q19: 7 | R19: 8 | S19: 9 | T19: SDN-1 SAKA MANGKAHAI | V19: SDN-2 SEI KAYU | AJ19: 1
B20: SDN-3 ANJIR KALAMPAN | C20: 9 | D20: 8 | E20: 7 | F20: 6 | G20: 5 | H20: 4 | I20: 3 | J20: 2 | K20: 1 | L20: 2 | M20: 3 | N20: 4 | O20: 5 | P20: 6 | Q20: 7 | R20: 8 | S20: 9 | T20: SDN-2 SAKA MANGKAHAI | V20: SDN-1 SEI DUSUN | AK20: 1
B21: SDN-3 ANJIR KALAMPAN | C21: 9 | D21: 8 | E21: 7 | F21: 6 | G21: 5 | H21: 4 | I21: 3 | J21: 2 | K21: 1 | L21: 2 | M21: 3 | N21: 4 | O21: 5 | P21: 6 | Q21: 7 | R21: 8 | S21: 9 | T21: SDN-2 MANDOMAI
B22: SDN-3 ANJIR KALAMPAN | C22: 9 | D22: 8 | E22: 7 | F22: 6 | G22: 5 | H22: 4 | I22: 3 | J22: 2 | K22: 1 | L22: 2 | M22: 3 | N22: 4 | O22: 5 | P22: 6 | Q22: 7 | R22: 8 | S22: 9 | T22: SDN-3 MANDOMAI
B23: SDN-3 ANJIR KALAMPAN | C23: 9 | D23: 8 | E23: 7 | F23: 6 | G23: 5 | H23: 4 | I23: 3 | J23: 2 | K23: 1 | L23: 2 | M23: 3 | N23: 4 | O23: 5 | P23: 6 | Q23: 7 | R23: 8 | S23: 9 | T23: SDN-4 MANDOMAI
B24: SDN-3 ANJIR KALAMPAN | C24: 9 | D24: 8 | E24: 7 | F24: 6 | G24: 5 | H24: 4 | I24: 3 | J24: 2 | K24: 1 | L24: 2 | M24: 3 | N24: 4 | O24: 5 | P24: 6 | Q24: 7 | R24: 8 | S24: 9 | T24: SDN-1 PANTAI
B25: SDN-3 ANJIR KALAMPAN | C25: 9 | D25: 8 | E25: 7 | F25: 6 | G25: 5 | H25: 4 | I25: 3 | J25: 2 | K25: 1 | L25: 2 | M25: 3 | N25: 4 | O25: 5 | P25: 6 | Q25: 7 | R25: 8 | S25: 9 | T25: SDN-2 PANTAI
B26: SDN-3 ANJIR KALAMPAN | C26: 9 | D26: 8 | E26: 7 | F26: 6 | G26: 5 | H26: 4 | I26: 3 | J26: 2 | K26: 1 | L26: 2 | M26: 3 | N26: 4 | O26: 5 | P26: 6 | Q26: 7 | R26: 8 | S26: 9 | T26: SDN-1 BASUTA RAYA
B27: SDN-3 ANJIR KALAMPAN | C27: 9 | D27: 8 | E27: 7 | F27: 6 | G27: 5 | H27: 4 | I27: 3 | J27: 2 | K27: 1 | L27: 2 | M27: 3 | N27: 4 | O27: 5 | P27: 6 | Q27: 7 | R27: 8 | S27: 9 | T27: SDN-1 SEI PITUNG
B28: SDN-3 ANJIR KALAMPAN | C28: 9 | D28: 8 | E28: 7 | F28: 6 | G28: 5 | H28: 4 | I28: 3 | J28: 2 | K28: 1 | L28: 2 | M28: 3 | N28: 4 | O28: 5 | P28: 6 | Q28: 7 | R28: 8 | S28: 9 | T28: SDN-1 PENDA KATAPI
B29: SDN-3 ANJIR KALAMPAN | C29: 9 | D29: 8 | E29: 7 | F29: 6 | G29: 5 | H29: 4 | I29: 3 | J29: 2 | K29: 1 | L29: 2 | M29: 3 | N29: 4 | O29: 5 | P29: 6 | Q29: 7 | R29: 8 | S29: 9 | T29: SDN-1 SEI KAYU
B30: SDN-3 ANJIR KALAMPAN | C30: 9 | D30: 8 | E30: 7 | F30: 6 | G30: 5 | H30: 4 | I30: 3 | J30: 2 | K30: 1 | L30: 2 | M30: 3 | N30: 4 | O30: 5 | P30: 6 | Q30: 7 | R30: 8 | S30: 9 | T30: SDN-2 SEI KAYU
B31: SDN-3 ANJIR KALAMPAN | C31: 9 | D31: 8 | E31: 7 | F31: 6 | G31: 5 | H31: 4 | I31: 3 | J31: 2 | K31: 1 | L31: 2 | M31: 3 | N31: 4 | O31: 5 | P31: 6 | Q31: 7 | R31: 8 | S31: 9 | T31: SDN-1 SEI DUSUN
B32: SDN-1 SAKA MANGKAHAI | C32: 9 | D32: 8 | E32: 7 | F32: 6 | G32: 5 | H32: 4 | I32: 3 | J32: 2 | K32: 1 | L32: 2 | M32: 3 | N32: 4 | O32: 5 | P32: 6 | Q32: 7 | R32: 8 | S32: 9 | T32: SDN-2 SAKA MANGKAHAI
... B109: SDN-2 SEI KAYU | C109: 9 | D109: 8 | E109: 7 | F109: 6 | G109: 5 | H109: 4 | I109: 3 | J109: 2 | K109: 1 | L109: 2 | M109: 3 | N109: 4 | O109: 5 | P109: 6 | Q109: 7 | R109: 8 | S109: 9 | T109: SDN-1 SEI DUSUN
B111: LOKASI GEDUNG
B112: KEPALA BIDANG PENGAWASAN SEKOLAH DASAR DISDIK KAPUAS (JEFRI)
B113: SEKOLAH UTAMA | C113: KRITERIA NILAI | T113: SEKOLAH PEMBANDING
C114: 9 | D114: 8 | E114: 7 | F114: 6 | G114: 5 | H114: 4 | I114: 3 | J114: 2 | K114: 1 | L114: 2 | M114: 3 | N114: 4 | O114: 5 | P114: 6 | Q114: 7 | R114: 8 | S114: 9
B115: SDN-2 ANJIR KALAMPAN | C115: 9 | D115: 8 | E115: 7 | F115: 6 | G115: 5 | H115: 4 | I115: 3 | J115: 2 | K115: 1 | L115: 2 | M115: 3 | N115: 4 | O115: 5 | P115: 6 | Q115: 7 | R115: 8 | S115: 9 | T115: SDN-3 ANJIR KALAMPAN | V115: PERSENTASE KERUSAKAN GEDUNG | W115: SDN-2 ANJIR KALAMPAN | X115: SDN-3 ANJIR KALAMPAN | Y115: SDN-1 SAKA MANGKAHAI | Z115: SDN-2 SAKA MANGKAHAI | AA115: SDN-2 MANDOMAI | AB115: SDN-3 MANDOMAI | AC115: SDN-4 MANDOMAI | AD115: SDN-1 PANTAI | AE115: SDN-2 PANTAI | AF115: SDN-1 BASUTA RAYA | AG115: SDN-1 SEI PITUNG | AH115: SDN-1 PENDA KATAPI | AI115: SDN-1 SEI KAYU | AJ115: SDN-2 SEI KAYU | AK115: SDN-1 SEI DUSUN
B116: SDN-2 ANJIR KALAMPAN | C116: 9 | D116: 8 | E116: 7 | F116: 6 | G116: 5 | H116: 4 | I116: 3 | J116: 2 | K116: 1 | L116: 2 | M116: 3 | N116: 4 | O116: 5 | P116: 6 | Q116: 7 | R116: 8 | S116: 9 | T116: SDN-1 SAKA MANGKAHAI | V116: SDN-2 ANJIR KALAMPAN | W116: 1
B117: SDN-2 ANJIR KALAMPAN | C117: 9 | D117: 8 | E117: 7 | F117: 6 | G117: 5 | H117: 4 | I117: 3 | J117: 2 | K117: 1 | L117: 2 | M117: 3 | N117: 4 | O117: 5 | P117: 6 | Q117: 7 | R117: 8 | S117: 9 | T117: SDN-2 SAKA MANGKAHAI | V117: SDN-3 ANJIR KALAMPAN | X117: 1
B118: SDN-2 ANJIR KALAMPAN | C118: 9 | D118: 8 | E118: 7 | F118: 6 | G118: 5 | H118: 4 | I118: 3 | J118: 2 | K118: 1 | L118: 2 | M118: 3 | N118: 4 | O118: 5 | P118: 6 | Q118: 7 | R118: 8 | S118: 9 | T118: SDN-2 MANDOMAI | V118: SDN-1 SAKA MANGKAHAI | Y118: 1
B119: SDN-2 ANJIR KALAMPAN | C119: 9 | D119: 8 | E119: 7 | F119: 6 | G119: 5 | H119: 4 | I119: 3 | J119: 2 | K119: 1 | L119: 2 | M119: 3 | N119: 4 | O119: 5 | P119: 6 | Q119: 7 | R119: 8 | S119: 9 | T119: SDN-3 MANDOMAI | V119: SDN-2 SAKA MANGKAHAI | Z119: 1
B120: SDN-2 ANJIR KALAMPAN | C120: 9 | D120: 8 | E120: 7 | F120: 6 | G120: 5 | H120: 4 | I120: 3 | J120: 2 | K120: 1 | L120: 2 | M120: 3 | N120: 4 | O120: 5 | P120: 6 | Q120: 7 | R120: 8 | S120: 9 | T120: SDN-4 MANDOMAI | V120: SDN-2 MANDOMAI | AA120: 1
B121: SDN-2 ANJIR KALAMPAN | C121: 9 | D121: 8 | E121: 7 | F121: 6 | G121: 5 | H121: 4 | I121: 3 | J121: 2 | K121: 1 | L121: 2 | M121: 3 | N121: 4 | O121: 5 | P121: 6 | Q121: 7 | R121: 8 | S121: 9 | T121: SDN-1 PANTAI | V121: SDN-3 MANDOMAI | AB121: 1
B122: SDN-2 ANJIR KALAMPAN | C122: 9 | D122: 8 | E122: 7 | F122: 6 | G122: 5 | H122: 4 | I122: 3 | J122: 2 | K122: 1 | L122: 2 | M122: 3 | N122: 4 | O122: 5 | P122: 6 | Q122: 7 | R122: 8 | S122: 9 | T122: SDN-2 PANTAI | V122: SDN-4 MANDOMAI | AC122: 1
B123: SDN-2 ANJIR KALAMPAN | C123: 9 | D123: 8 | E123: 7 | F123: 6 | G123: 5 | H123: 4 | I123: 3 | J123: 2 | K123: 1 | L123: 2 | M123: 3 | N123: 4 | O123: 5 | P123: 6 | Q123: 7 | R123: 8 | S123: 9 | T123: SDN-1 BASUTA RAYA | V123: SDN-1 PANTAI | AD123: 1
B124: SDN-2 ANJIR KALAMPAN | C124: 9 | D124: 8 | E124: 7 | F124: 6 | G124: 5 | H124: 4 | I124: 3 | J124: 2 | K124: 1 | L124: 2 | M124: 3 | N124: 4 | O124: 5 | P124: 6 | Q124: 7 | R124: 8 | S124: 9 | T124: SDN-1 SEI PITUNG | V124: SDN-2 PANTAI | AE124: 1
B125: SDN-2 ANJIR KALAMPAN | C125: 9 | D125: 8 | E125: 7 | F125: 6 | G125: 5 | H125: 4 | I125: 3 | J125: 2 | K125: 1 | L125: 2 | M125: 3 | N125: 4 | O125: 5 | P125: 6 | Q125: 7 | R125: 8 | S125: 9 | T125: SDN-1 PENDA KATAPI | V125: SDN-1 BASUTA RAYA | AF125: 1
B126: SDN-2 ANJIR KALAMPAN | C126: 9 | D126: 8 | E126: 7 | F126: 6 | G126: 5 | H126: 4 | I126: 3 | J126: 2 | K126: 1 | L126: 2 | M126: 3 | N126: 4 | O126: 5 | P126: 6 | Q126: 7 | R126: 8 | S126: 9 | T126: SDN-1 SEI KAYU | V126: SDN-1 SEI PITUNG | AG126: 1
B127: SDN-2 ANJIR KALAMPAN | C127: 9 | D127: 8 | E127: 7 | F127: 6 | G127: 5 | H127: 4 | I127: 3 | J127: 2 | K127: 1 | L127: 2 | M127: 3 | N127: 4 | O127: 5 | P127: 6 | Q127: 7 | R127: 8 | S127: 9 | T127: SDN-2 SEI KAYU | V127: SDN-1 PENDA KATAPI | AH127: 1
B128: SDN-2 ANJIR KALAMPAN | C128: 9 | D128: 8 | E128: 7 | F128: 6 | G128: 5 | H128: 4 | I128: 3 | J128: 2 | K128: 1 | L128: 2 | M128: 3 | N128: 4 | O128: 5 | P128: 6 | Q128: 7 | R128: 8 | S128: 9 | T128: SDN-1 SEI DUSUN | V128: SDN-1 SEI KAYU | AI128: 1
B129: SDN-3 ANJIR KALAMPAN | C129: 9 | D129: 8 | E129: 7 | F129: 6 | G129: 5 | H129: 4 | I129: 3 | J129: 2 | K129: 1 | L129: 2 | M129: 3 | N129: 4 | O129: 5 | P129: 6 | Q129: 7 | R129: 8 | S129: 9 | T129: SDN-1 SAKA MANGKAHAI | V129: SDN-2 SEI KAYU | AJ129: 1
B130: SDN-3 ANJIR KALAMPAN | C130: 9 | D130: 8 | E130: 7 | F130: 6 | G130: 5 | H130: 4 | I130: 3 | J130: 2 | K130: 1 | L130: 2 | M130: 3 | N130: 4 | O130: 5 | P130: 6 | Q130: 7 | R130: 8 | S130: 9 | T130: SDN-2 SAKA MANGKAHAI | V130: SDN-1 SEI DUSUN | AK130: 1
B131: SDN-3 ANJIR KALAMPAN | C131: 9 | D131: 8 | E131: 7 | F131: 6 | G131: 5 | H131: 4 | I131: 3 | J131: 2 | K131: 1 | L131: 2 | M131: 3 | N131: 4 | O131: 5 | P131: 6 | Q131: 7 | R131: 8 | S131: 9 | T131: SDN-2 MANDOMAI
B132: SDN-3 ANJIR KALAMPAN | C132: 9 | D132: 8 | E132: 7 | F132: 6 | G132: 5 | H132: 4 | I132: 3 | J132: 2 | K132: 1 | L132: 2 | M132: 3 | N132: 4 | O132: 5 | P132: 6 | Q132: 7 | R132: 8 | S132: 9 | T132: SDN-3 MANDOMAI
B133: SDN-3 ANJIR KALAMPAN | C133: 9 | D133: 8 | E133: 7 | F133: 6 | G133: 5 | H133: 4 | I133: 3 | J133: 2 | K133: 1 | L133: 2 | M133: 3 | N133: 4 | O133: 5 | P133: 6 | Q133: 7 | R133: 8 | S133: 9 | T133: SDN-4 MANDOMAI
B134: SDN-3 ANJIR KALAMPAN | C134: 9 | D134: 8 | E134: 7 | F134: 6 | G134: 5 | H134: 4 | I134: 3 | J134: 2 | K134: 1 | L134: 2 | M134: 3 | N134: 4 | O134: 5 | P134: 6 | Q134: 7 | R134: 8 | S134: 9 | T134: SDN-1 PANTAI
B135: SDN-3 ANJIR KALAMPAN | C135: 9 | D135: 8 | E135: 7 | F135: 6 | G135: 5 | H135: 4 | I135: 3 | J135: 2 | K135: 1 | L135: 2 | M135: 3 | N135: 4 | O135: 5 | P135: 6 | Q135: 7 | R135: 8 | S135: 9 | T135: SDN-2 PANTAI
B136: SDN-3 ANJIR KALAMPAN | C136: 9 | D136: 8 | E136: 7 | F136: 6 | G136: 5 | H136: 4 | I136: 3 | J136: 2 | K136: 1 | L136: 2 | M136: 3 | N136: 4 | O136: 5 | P136: 6 | Q136: 7 | R136: 8 | S136: 9 | T136: SDN-1 BASUTA RAYA
B137: SDN-3 ANJIR KALAMPAN | C137: 9 | D137: 8 | E137: 7 | F137: 6 | G137: 5 | H137: 4 | I137: 3 | J137: 2 | K137: 1 | L137: 2 | M137: 3 | N137: 4 | O137: 5 | P137: 6 | Q137: 7 | R137: 8 | S137: 9 | T137: SDN-1 SEI PITUNG
B138: SDN-3 ANJIR KALAMPAN | C138: 9 | D138: 8 | E138: 7 | F138: 6 | G138: 5 | H138: 4 | I138: 3 | J138: 2 | K138: 1 | L138: 2 | M138: 3 | N138: 4 | O138: 5 | P138: 6 | Q138: 7 | R138: 8 | S138: 9 | T138: SDN-1 PENDA KATAPI
B139: SDN-3 ANJIR KALAMPAN | C139: 9 | D139: 8 | E139: 7 | F139: 6 | G139: 5 | H139: 4 | I139: 3 | J139: 2 | K139: 1 | L139: 2 | M139: 3 | N139: 4 | O139: 5 | P139: 6 | Q139: 7 | R139: 8 | S139: 9 | T139: SDN-1 SEI KAYU
B140: SDN-3 ANJIR KALAMPAN | C140: 9 | D140: 8 | E140: 7 | F140: 6 | G140: 5 | H140: 4 | I140: 3 | J140: 2 | K140: 1 | L140: 2 | M140: 3 | N140: 4 | O140: 5 | P140: 6 | Q140: 7 | R140: 8 | S140: 9 | T140: SDN-2 SEI KAYU
B141: SDN-3 ANJIR KALAMPAN | C141: 9 | D141: 8 | E141: 7 | F141: 6 | G141: 5 | H141: 4 | I141: 3 | J141: 2 | K141: 1 | L141: 2 | M141: 3 | N141: 4 | O141: 5 | P141: 6 | Q141: 7 | R141: 8 | S141: 9 | T141: SDN-1 SEI DUSUN
B142: SDN-1 SAKA MANGKAHAI | C142: 9 | D142: 8 | E142: 7 | F142: 6 | G142: 5 | H142: 4 | I142: 3 | J142: 2 | K142: 1 | L142: 2 | M142: 3 | N142: 4 | O142: 5 | P142: 6 | Q142: 7 | R142: 8 | S142: 9 | T142: SDN-2 SAKA MANGKAHAI
... B219: SDN-2 SEI KAYU | C219: 9 | D219: 8 | E219: 7 | F219: 6 | G219: 5 | H219: 4 | I219: 3 | J219: 2 | K219: 1 | L219: 2 | M219: 3 | N219: 4 | O219: 5 | P219: 6 | Q219: 7 | R219: 8 | S219: 9 | T219: SDN-1 SEI DUSUN
B221: LOKASI GEDUNG
B222: DPRD
B223: SEKOLAH UTAMA | C223: KRITERIA NILAI | T223: SEKOLAH PEMBANDING
C224: 9 | D224: 8 | E224: 7 | F224: 6 | G224: 5 | H224: 4 | I224: 3 | J224: 2 | K224: 1 | L224: 2 | M224: 3 | N224: 4 | O224: 5 | P224: 6 | Q224: 7 | R224: 8 | S224: 9
B225: SDN-2 ANJIR KALAMPAN | C225: 9 | D225: 8 | E225: 7 | F225: 6 | G225: 5 | H225: 4 | I225: 3 | J225: 2 | K225: 1 | L225: 2 | M225: 3 | N225: 4 | O225: 5 | P225: 6 | Q225: 7 | R225: 8 | S225: 9 | T225: SDN-3 ANJIR KALAMPAN | V225: PERSENTASE KERUSAKAN GEDUNG | W225: SDN-2 ANJIR KALAMPAN | X225: SDN-3 ANJIR KALAMPAN | Y225: SDN-1 SAKA MANGKAHAI | Z225: SDN-2 SAKA MANGKAHAI | AA225: SDN-2 MANDOMAI | AB225: SDN-3 MANDOMAI | AC225: SDN-4 MANDOMAI | AD225: SDN-1 PANTAI | AE225: SDN-2 PANTAI | AF225: SDN-1 BASUTA RAYA | AG225: SDN-1 SEI PITUNG | AH225: SDN-1 PENDA KATAPI | AI225: SDN-1 SEI KAYU | AJ225: SDN-2 SEI KAYU | AK225: SDN-1 SEI DUSUN
B226: SDN-2 ANJIR KALAMPAN | C226: 9 | D226: 8 | E226: 7 | F226: 6 | G226: 5 | H226: 4 | I226: 3 | J226: 2 | K226: 1 | L226: 2 | M226: 3 | N226: 4 | O226: 5 | P226: 6 | Q226: 7 | R226: 8 | S226: 9 | T226: SDN-1 SAKA MANGKAHAI | V226: SDN-2 ANJIR KALAMPAN | W226: 1
B227: SDN-2 ANJIR KALAMPAN | C227: 9 | D227: 8 | E227: 7 | F227: 6 | G227: 5 | H227: 4 | I227: 3 | J227: 2 | K227: 1 | L227: 2 | M227: 3 | N227: 4 | O227: 5 | P227: 6 | Q227: 7 | R227: 8 | S227: 9 | T227: SDN-2 SAKA MANGKAHAI | V227: SDN-3 ANJIR KALAMPAN | X227: 1
B228: SDN-2 ANJIR KALAMPAN | C228: 9 | D228: 8 | E228: 7 | F228: 6 | G228: 5 | H228: 4 | I228: 3 | J228: 2 | K228: 1 | L228: 2 | M228: 3 | N228: 4 | O228: 5 | P228: 6 | Q228: 7 | R228: 8 | S228: 9 | T228: SDN-2 MANDOMAI | V228: SDN-1 SAKA MANGKAHAI | Y228: 1
B229: SDN-2 ANJIR KALAMPAN | C229: 9 | D229: 8 | E229: 7 | F229: 6 | G229: 5 | H229: 4 | I229: 3 | J229: 2 | K229: 1 | L229: 2 | M229: 3 | N229: 4 | O229: 5 | P229: 6 | Q229: 7 | R229: 8 | S229: 9 | T229: SDN-3 MANDOMAI | V229: SDN-2 SAKA MANGKAHAI | Z229: 1
B230: SDN-2 ANJIR KALAMPAN | C230: 9 | D230: 8 | E230: 7 | F230: 6 | G230: 5 | H230: 4 | I230: 3 | J230: 2 | K230: 1 | L230: 2 | M230: 3 | N230: 4 | O230: 5 | P230: 6 | Q230: 7 | R230: 8 | S230: 9 | T230: SDN-4 MANDOMAI | V230: SDN-2 MANDOMAI | AA230: 1
B231: SDN-2 ANJIR KALAMPAN | C231: 9 | D231: 8 | E231: 7 | F231: 6 | G231: 5 | H231: 4 | I231: 3 | J231: 2 | K231: 1 | L231: 2 | M231: 3 | N231: 4 | O231: 5 | P231: 6 | Q231: 7 | R231: 8 | S231: 9 | T231: SDN-1 PANTAI | V231: SDN-3 MANDOMAI | AB231: 1
B232: SDN-2 ANJIR KALAMPAN | C232: 9 | D232: 8 | E232: 7 | F232: 6 | G232: 5 | H232: 4 | I232: 3 | J232: 2 | K232: 1 | L232: 2 | M232: 3 | N232: 4 | O232: 5 | P232: 6 | Q232: 7 | R232: 8 | S232: 9 | T232: SDN-2 PANTAI | V232: SDN-4 MANDOMAI | AC232: 1
B233: SDN-2 ANJIR KALAMPAN | C233: 9 | D233: 8 | E233: 7 | F233: 6 | G233: 5 | H233: 4 | I233: 3 | J233: 2 | K233: 1 | L233: 2 | M233: 3 | N233: 4 | O233: 5 | P233: 6 | Q233: 7 | R233: 8 | S233: 9 | T233: SDN-1 BASUTA RAYA | V233: SDN-1 PANTAI | AD233: 1
B234: SDN-2 ANJIR KALAMPAN | C234: 9 | D234: 8 | E234: 7 | F234: 6 | G234: 5 | H234: 4 | I234: 3 | J234: 2 | K234: 1 | L234: 2 | M234: 3 | N234: 4 | O234: 5 | P234: 6 | Q234: 7 | R234: 8 | S234: 9 | T234: SDN-1 SEI PITUNG | V234: SDN-2 PANTAI | AE234: 1
B235: SDN-2 ANJIR KALAMPAN | C235: 9 | D235: 8 | E235: 7 | F235: 6 | G235: 5 | H235: 4 | I235: 3 | J235: 2 | K235: 1 | L235: 2 | M235: 3 | N235: 4 | O235: 5 | P235: 6 | Q235: 7 | R235: 8 | S235: 9 | T235: SDN-1 PENDA KATAPI | V235: SDN-1 BASUTA RAYA | AF235: 1
B236: SDN-2 ANJIR KALAMPAN | C236: 9 | D236: 8 | E236: 7 | F236: 6 | G236: 5 | H236: 4 | I236: 3 | J236: 2 | K236: 1 | L236: 2 | M236: 3 | N236: 4 | O236: 5 | P236: 6 | Q236: 7 | R236: 8 | S236: 9 | T236: SDN-1 SEI KAYU | V236: SDN-1 SEI PITUNG | AG236: 1
B237: SDN-2 ANJIR KALAMPAN | C237: 9 | D237: 8 | E237: 7 | F237: 6 | G237: 5 | H237: 4 | I237: 3 | J237: 2 | K237: 1 | L237: 2 | M237: 3 | N237: 4 | O237: 5 | P237: 6 | Q237: 7 | R237: 8 | S237: 9 | T237: SDN-2 SEI KAYU | V237: SDN-1 PENDA KATAPI | AH237: 1
B238: SDN-2 ANJIR KALAMPAN | C238: 9 | D238: 8 | E238: 7 | F238: 6 | G238: 5 | H238: 4 | I238: 3 | J238: 2 | K238: 1 | L238: 2 | M238: 3 | N238: 4 | O238: 5 | P238: 6 | Q238: 7 | R238: 8 | S238: 9 | T238: SDN-1 SEI DUSUN | V238: SDN-1 SEI KAYU | AI238: 1
B239: SDN-3 ANJIR KALAMPAN | C239: 9 | D239: 8 | E239: 7 | F239: 6 | G239: 5 | H239: 4 | I239: 3 | J239: 2 | K239: 1 | L239: 2 | M239: 3 | N239: 4 | O239: 5 | P239: 6 | Q239: 7 | R239: 8 | S239: 9 | T239: SDN-1 SAKA MANGKAHAI | V239: SDN-2 SEI KAYU | AJ239: 1
B240: SDN-3 ANJIR KALAMPAN | C240: 9 | D240: 8 | E240: 7 | F240: 6 | G240: 5 | H240: 4 | I240: 3 | J240: 2 | K240: 1 | L240: 2 | M240: 3 | N240: 4 | O240: 5 | P240: 6 | Q240: 7 | R240: 8 | S240: 9 | T240: SDN-2 SAKA MANGKAHAI | V240: SDN-1 SEI DUSUN | AK240: 1
B241: SDN-3 ANJIR KALAMPAN | C241: 9 | D241: 8 | E241: 7 | F241: 6 | G241: 5 | H241: 4 | I241: 3 | J241: 2 | K241: 1 | L241: 2 | M241: 3 | N241: 4 | O241: 5 | P241: 6 | Q241: 7 | R241: 8 | S241: 9 | T241: SDN-2 MANDOMAI
B242: SDN-3 ANJIR KALAMPAN | C242: 9 | D242: 8 | E242: 7 | F242: 6 | G242: 5 | H242: 4 | I242: 3 | J242: 2 | K242: 1 | L242: 2 | M242: 3 | N242: 4 | O242: 5 | P242: 6 | Q242: 7 | R242: 8 | S242: 9 | T242: SDN-3 MANDOMAI
B243: SDN-3 ANJIR KALAMPAN | C243: 9 | D243: 8 | E243: 7 | F243: 6 | G243: 5 | H243: 4 | I243: 3 | J243: 2 | K243: 1 | L243: 2 | M243: 3 | N243: 4 | O243: 5 | P243: 6 | Q243: 7 | R243: 8 | S243: 9 | T243: SDN-4 MANDOMAI
B244: SDN-3 ANJIR KALAMPAN | C244: 9 | D244: 8 | E244: 7 | F244: 6 | G244: 5 | H244: 4 | I244: 3 | J244: 2 | K244: 1 | L244: 2 | M244: 3 | N244: 4 | O244: 5 | P244: 6 | Q244: 7 | R244: 8 | S244: 9 | T244: SDN-1 PANTAI
B245: SDN-3 ANJIR KALAMPAN | C245: 9 | D245: 8 | E245: 7 | F245: 6 | G245: 5 | H245: 4 | I245: 3 | J245: 2 | K245: 1 | L245: 2 | M245: 3 | N245: 4 | O245: 5 | P245: 6 | Q245: 7 | R245: 8 | S245: 9 | T245: SDN-2 PANTAI
B246: SDN-3 ANJIR KALAMPAN | C246: 9 | D246: 8 | E246: 7 | F246: 6 | G246: 5 | H246: 4 | I246: 3 | J246: 2 | K246: 1 | L246: 2 | M246: 3 | N246: 4 | O246: 5 | P246: 6 | Q246: 7 | R246: 8 | S246: 9 | T246: SDN-1 BASUTA RAYA
B247: SDN-3 ANJIR KALAMPAN | C247: 9 | D247: 8 | E247: 7 | F247: 6 | G247: 5 | H247: 4 | I247: 3 | J247: 2 | K247: 1 | L247: 2 | M247: 3 | N247: 4 | O247: 5 | P247: 6 | Q247: 7 | R247: 8 | S247: 9 | T247: SDN-1 SEI PITUNG
B248: SDN-3 ANJIR KALAMPAN | C248: 9 | D248: 8 | E248: 7 | F248: 6 | G248: 5 | H248: 4 | I248: 3 | J248: 2 | K248: 1 | L248: 2 | M248: 3 | N248: 4 | O248: 5 | P248: 6 | Q248: 7 | R248: 8 | S248: 9 | T248: SDN-1 PENDA KATAPI
B249: SDN-3 ANJIR KALAMPAN | C249: 9 | D249: 8 | E249: 7 | F249: 6 | G249: 5 | H249: 4 | I249: 3 | J249: 2 | K249: 1 | L249: 2 | M249: 3 | N249: 4 | O249: 5 | P249: 6 | Q249: 7 | R249: 8 | S249: 9 | T249: SDN-1 SEI KAYU
B250: SDN-3 ANJIR KALAMPAN | C250: 9 | D250: 8 | E250: 7 | F250: 6 | G250: 5 | H250: 4 | I250: 3 | J250: 2 | K250: 1 | L250: 2 | M250: 3 | N250: 4 | O250: 5 | P250: 6 | Q250: 7 | R250: 8 | S250: 9 | T250: SDN-2 SEI KAYU
B251: SDN-3 ANJIR KALAMPAN | C251: 9 | D251: 8 | E251: 7 | F251: 6 | G251: 5 | H251: 4 | I251: 3 | J251: 2 | K251: 1 | L251: 2 | M251: 3 | N251: 4 | O251: 5 | P251: 6 | Q251: 7 | R251: 8 | S251: 9 | T251: SDN-1 SEI DUSUN
B252: SDN-1 SAKA MANGKAHAI | C252: 9 | D252: 8 | E252: 7 | F252: 6 | G252: 5 | H252: 4 | I252: 3 | J252: 2 | K252: 1 | L252: 2 | M252: 3 | N252: 4 | O252: 5 | P252: 6 | Q252: 7 | R252: 8 | S252: 9 | T252: SDN-2 SAKA MANGKAHAI
... B329: SDN-2 SEI KAYU | C329: 9 | D329: 8 | E329: 7 | F329: 6 | G329: 5 | H329: 4 | I329: 3 | J329: 2 | K329: 1 | L329: 2 | M329: 3 | N329: 4 | O329: 5 | P329: 6 | Q329: 7 | R329: 8 | S329: 9 | T329: SDN-1 SEI DUSUN

Sheet NORMALISASI USIA BANGUNAN
B1: USIA BANGUNAN
B2: PENGAWAS SEKOLAH DASAR KAPUAS BARAT (JHON)
B3: SEKOLAH UTAMA | C3: KRITERIA NILAI | T3: SEKOLAH PEMBANDING
C4: 9 | D4: 8 | E4: 7 | F4: 6 | G4: 5 | H4: 4 | I4: 3 | J4: 2 | K4: 1 | L4: 2 | M4: 3 | N4: 4 | O4: 5 | P4: 6 | Q4: 7 | R4: 8 | S4: 9
B5: SDN-2 ANJIR KALAMPAN | C5: 9 | D5: 8 | E5: 7 | F5: 6 | G5: 5 | H5: 4 | I5: 3 | J5: 2 | K5: 1 | L5: 2 | M5: 3 | N5: 4 | O5: 5 | P5: 6 | Q5: 7 | R5: 8 | S5: 9 | T5: SDN-3 ANJIR KALAMPAN | V5: PERSENTASE KERUSAKAN GEDUNG | W5: SDN-2 ANJIR KALAMPAN | X5: SDN-3 ANJIR KALAMPAN | Y5: SDN-1 SAKA MANGKAHAI | Z5: SDN-2 SAKA MANGKAHAI | AA5: SDN-2 MANDOMAI | AB5: SDN-3 MANDOMAI | AC5: SDN-4 MANDOMAI | AD5: SDN-1 PANTAI | AE5: SDN-2 PANTAI | AF5: SDN-1 BASUTA RAYA | AG5: SDN-1 SEI PITUNG | AH5: SDN-1 PENDA KATAPI | AI5: SDN-1 SEI KAYU | AJ5: SDN-2 SEI KAYU | AK5: SDN-1 SEI DUSUN
B6: SDN-2 ANJIR KALAMPAN | C6: 9 | D6: 8 | E6: 7 | F6: 6 | G6: 5 | H6: 4 | I6: 3 | J6: 2 | K6: 1 | L6: 2 | M6: 3 | N6: 4 | O6: 5 | P6: 6 | Q6: 7 | R6: 8 | S6: 9 | T6: SDN-1 SAKA MANGKAHAI | V6: SDN-2 ANJIR KALAMPAN | W6: 1
B7: SDN-2 ANJIR KALAMPAN | C7: 9 | D7: 8 | E7: 7 | F7: 6 | G7: 5 | H7: 4 | I7: 3 | J7: 2 | K7: 1 | L7: 2 | M7: 3 | N7: 4 | O7: 5 | P7: 6 | Q7: 7 | R7: 8 | S7: 9 | T7: SDN-2 SAKA MANGKAHAI | V7: SDN-3 ANJIR KALAMPAN | X7: 1
B8: SDN-2 ANJIR KALAMPAN | C8: 9 | D8: 8 | E8: 7 | F8: 6 | G8: 5 | H8: 4 | I8: 3 | J8: 2 | K8: 1 | L8: 2 | M8: 3 | N8: 4 | O8: 5 | P8: 6 | Q8: 7 | R8: 8 | S8: 9 | T8: SDN-2 MANDOMAI | V8: SDN-1 SAKA MANGKAHAI | Y8: 1
B9: SDN-2 ANJIR KALAMPAN | C9: 9 | D9: 8 | E9: 7 | F9: 6 | G9: 5 | H9: 4 | I9: 3 | J9: 2 | K9: 1 | L9: 2 | M9: 3 | N9: 4 | O9: 5 | P9: 6 | Q9: 7 | R9: 8 | S9: 9 | T9: SDN-3 MANDOMAI | V9: SDN-2 SAKA MANGKAHAI | Z9: 1
B10: SDN-2 ANJIR KALAMPAN | C10: 9 | D10: 8 | E10: 7 | F10: 6 | G10: 5 | H10: 4 | I10: 3 | J10: 2 | K10: 1 | L10: 2 | M10: 3 | N10: 4 | O10: 5 | P10: 6 | Q10: 7 | R10: 8 | S10: 9 | T10: SDN-4 MANDOMAI | V10: SDN-2 MANDOMAI | AA10: 1
B11: SDN-2 ANJIR KALAMPAN | C11: 9 | D11: 8 | E11: 7 | F11: 6 | G11: 5 | H11: 4 | I11: 3 | J11: 2 | K11: 1 | L11: 2 | M11: 3 | N11: 4 | O11: 5 | P11: 6 | Q11: 7 | R11: 8 | S11: 9 | T11: SDN-1 PANTAI | V11: SDN-3 MANDOMAI | AB11: 1
B12: SDN-2 ANJIR KALAMPAN | C12: 9 | D12: 8 | E12: 7 | F12: 6 | G12: 5 | H12: 4 | I12: 3 | J12: 2 | K12: 1 | L12: 2 | M12: 3 | N12: 4 | O12: 5 | P12: 6 | Q12: 7 | R12: 8 | S12: 9 | T12: SDN-2 PANTAI | V12: SDN-4 MANDOMAI | AC12: 1
B13: SDN-2 ANJIR KALAMPAN | C13: 9 | D13: 8 | E13: 7 | F13: 6 | G13: 5 | H13: 4 | I13: 3 | J13: 2 | K13: 1 | L13: 2 | M13: 3 | N13: 4 | O13: 5 | P13: 6 | Q13: 7 | R13: 8 | S13: 9 | T13: SDN-1 BASUTA RAYA | V13: SDN-1 PANTAI | AD13: 1
B14: SDN-2 ANJIR KALAMPAN | C14: 9 | D14: 8 | E14: 7 | F14: 6 | G14: 5 | H14: 4 | I14: 3 | J14: 2 | K14: 1 | L14: 2 | M14: 3 | N14: 4 | O14: 5 | P14: 6 | Q14: 7 | R14: 8 | S14: 9 | T14: SDN-1 SEI PITUNG | V14: SDN-2 PANTAI | AE14: 1
B15: SDN-2 ANJIR KALAMPAN | C15: 9 | D15: 8 | E15: 7 | F15: 6 | G15: 5 | H15: 4 | I15: 3 | J15: 2 | K15: 1 | L15: 2 | M15: 3 | N15: 4 | O15: 5 | P15: 6 | Q15: 7 | R15: 8 | S15: 9 | T15: SDN-1 PENDA KATAPI | V15: SDN-1 BASUTA RAYA | AF15: 1
B16: SDN-2 ANJIR KALAMPAN | C16: 9 | D16: 8 | E16: 7 | F16: 6 | G16: 5 | H16: 4 | I16: 3 | J16: 2 | K16: 1 | L16: 2 | M16: 3 | N16: 4 | O16: 5 | P16: 6 | Q16: 7 | R16: 8 | S16: 9 | T16: SDN-1 SEI KAYU | V16: SDN-1 SEI PITUNG | AG16: 1
B17: SDN-2 ANJIR KALAMPAN | C17: 9 | D17: 8 | E17: 7 | F17: 6 | G17: 5 | H17: 4 | I17: 3 | J17: 2 | K17: 1 | L17: 2 | M17: 3 | N17: 4 | O17: 5 | P17: 6 | Q17: 7 | R17: 8 | S17: 9 | T17: SDN-2 SEI KAYU | V17: SDN-1 PENDA KATAPI | AH17: 1
B18: SDN-2 ANJIR KALAMPAN | C18: 9 | D18: 8 | E18: 7 | F18: 6 | G18: 5 | H18: 4 | I18: 3 | J18: 2 | K18: 1 | L18: 2 | M18: 3 | N18: 4 | O18: 5 | P18: 6 | Q18: 7 | R18: 8 | S18: 9 | T18: SDN-1 SEI DUSUN | V18: SDN-1 SEI KAYU | AI18: 1
B19: SDN-3 ANJIR KALAMPAN | C19: 9 | D19: 8 | E19: 7 | F19: 6 | G19: 5 | H19: 4 | I19: 3 | J19: 2 | K19: 1 | L19: 2 | M19: 3 | N19: 4 | O19: 5 | P19: 6 | Q19: 7 | R19: 8 | S19: 9 | T19: SDN-1 SAKA MANGKAHAI | V19: SDN-2 SEI KAYU | AJ19: 1
B20: SDN-3 ANJIR KALAMPAN | C20: 9 | D20: 8 | E20: 7 | F20: 6 | G20: 5 | H20: 4 | I20: 3 | J20: 2 | K20: 1 | L20: 2 | M20: 3 | N20: 4 | O20: 5 | P20: 6 | Q20: 7 | R20: 8 | S20: 9 | T20: SDN-2 SAKA MANGKAHAI | V20: SDN-1 SEI DUSUN | AK20: 1
B21: SDN-3 ANJIR KALAMPAN | C21: 9 | D21: 8 | E21: 7 | F21: 6 | G21: 5 | H21: 4 | I21: 3 | J21: 2 | K21: 1 | L21: 2 | M21: 3 | N21: 4 | O21: 5 | P21: 6 | Q21: 7 | R21: 8 | S21: 9 | T21: SDN-2 MANDOMAI
B22: SDN-3 ANJIR KALAMPAN | C22: 9 | D22: 8 | E22: 7 | F22: 6 | G22: 5 | H22: 4 | I22: 3 | J22: 2 | K22: 1 | L22: 2 | M22: 3 | N22: 4 | O22: 5 | P22: 6 | Q22: 7 | R22: 8 | S22: 9 | T22: SDN-3 MANDOMAI
B23: SDN-3 ANJIR KALAMPAN | C23: 9 | D23: 8 | E23: 7 | F23: 6 | G23: 5 | H23: 4 | I23: 3 | J23: 2 | K23: 1 | L23: 2 | M23: 3 | N23: 4 | O23: 5 | P23: 6 | Q23: 7 | R23: 8 | S23: 9 | T23: SDN-4 MANDOMAI
B24: SDN-3 ANJIR KALAMPAN | C24: 9 | D24: 8 | E24: 7 | F24: 6 | G24: 5 | H24: 4 | I24: 3 | J24: 2 | K24: 1 | L24: 2 | M24: 3 | N24: 4 | O24: 5 | P24: 6 | Q24: 7 | R24: 8 | S24: 9 | T24: SDN-1 PANTAI
B25: SDN-3 ANJIR KALAMPAN | C25: 9 | D25: 8 | E25: 7 | F25: 6 | G25: 5 | H25: 4 | I25: 3 | J25: 2 | K25: 1 | L25: 2 | M25: 3 | N25: 4 | O25: 5 | P25: 6 | Q25: 7 | R25: 8 | S25: 9 | T25: SDN-2 PANTAI
B26: SDN-3 ANJIR KALAMPAN | C26: 9 | D26: 8 | E26: 7 | F26: 6 | G26: 5 | H26: 4 | I26: 3 | J26: 2 | K26: 1 | L26: 2 | M26: 3 | N26: 4 | O26: 5 | P26: 6 | Q26: 7 | R26: 8 | S26: 9 | T26: SDN-1 BASUTA RAYA
B27: SDN-3 ANJIR KALAMPAN | C27: 9 | D27: 8 | E27: 7 | F27: 6 | G27: 5 | H27: 4 | I27: 3 | J27: 2 | K27: 1 | L27: 2 | M27: 3 | N27: 4 | O27: 5 | P27: 6 | Q27: 7 | R27: 8 | S27: 9 | T27: SDN-1 SEI PITUNG
B28: SDN-3 ANJIR KALAMPAN | C28: 9 | D28: 8 | E28: 7 | F28: 6 | G28: 5 | H28: 4 | I28: 3 | J28: 2 | K28: 1 | L28: 2 | M28: 3 | N28: 4 | O28: 5 | P28: 6 | Q28: 7 | R28: 8 | S28: 9 | T28: SDN-1 PENDA KATAPI
B29: SDN-3 ANJIR KALAMPAN | C29: 9 | D29: 8 | E29: 7 | F29: 6 | G29: 5 | H29: 4 | I29: 3 | J29: 2 | K29: 1 | L29: 2 | M29: 3 | N29: 4 | O29: 5 | P29: 6 | Q29: 7 | R29: 8 | S29: 9 | T29: SDN-1 SEI KAYU
B30: SDN-3 ANJIR KALAMPAN | C30: 9 | D30: 8 | E30: 7 | F30: 6 | G30: 5 | H30: 4 | I30: 3 | J30: 2 | K30: 1 | L30: 2 | M30: 3 | N30: 4 | O30: 5 | P30: 6 | Q30: 7 | R30: 8 | S30: 9 | T30: SDN-2 SEI KAYU
B31: SDN-3 ANJIR KALAMPAN | C31: 9 | D31: 8 | E31: 7 | F31: 6 | G31: 5 | H31: 4 | I31: 3 | J31: 2 | K31: 1 | L31: 2 | M31: 3 | N31: 4 | O31: 5 | P31: 6 | Q31: 7 | R31: 8 | S31: 9 | T31: SDN-1 SEI DUSUN
B32: SDN-1 SAKA MANGKAHAI | C32: 9 | D32: 8 | E32: 7 | F32: 6 | G32: 5 | H32: 4 | I32: 3 | J32: 2 | K32: 1 | L32: 2 | M32: 3 | N32: 4 | O32: 5 | P32: 6 | Q32: 7 | R32: 8 | S32: 9 | T32: SDN-2 SAKA MANGKAHAI
... B109: SDN-2 SEI KAYU | C109: 9 | D109: 8 | E109: 7 | F109: 6 | G109: 5 | H109: 4 | I109: 3 | J109: 2 | K109: 1 | L109: 2 | M109: 3 | N109: 4 | O109: 5 | P109: 6 | Q109: 7 | R109: 8 | S109: 9 | T109: SDN-1 SEI DUSUN
B111: USIA BANGUNAN
B112: KEPALA BIDANG PENGAWASAN SEKOLAH DASAR DISDIK KAPUAS (JEFRI)
B113: SEKOLAH UTAMA | C113: KRITERIA NILAI | T113: SEKOLAH PEMBANDING
C114: 9 | D114: 8 | E114: 7 | F114: 6 | G114: 5 | H114: 4 | I114: 3 | J114: 2 | K114: 1 | L114: 2 | M114: 3 | N114: 4 | O114: 5 | P114: 6 | Q114: 7 | R114: 8 | S114: 9
B115: SDN-2 ANJIR KALAMPAN | C115: 9 | D115: 8 | E115: 7 | F115: 6 | G115: 5 | H115: 4 | I115: 3 | J115: 2 | K115: 1 | L115: 2 | M115: 3 | N115: 4 | O115: 5 | P115: 6 | Q115: 7 | R115: 8 | S115: 9 | T115: SDN-3 ANJIR KALAMPAN | V115: PERSENTASE KERUSAKAN GEDUNG | W115: SDN-2 ANJIR KALAMPAN | X115: SDN-3 ANJIR KALAMPAN | Y115: SDN-1 SAKA MANGKAHAI | Z115: SDN-2 SAKA MANGKAHAI | AA115: SDN-2 MANDOMAI | AB115: SDN-3 MANDOMAI | AC115: SDN-4 MANDOMAI | AD115: SDN-1 PANTAI | AE115: SDN-2 PANTAI | AF115: SDN-1 BASUTA RAYA | AG115: SDN-1 SEI PITUNG | AH115: SDN-1 PENDA KATAPI | AI115: SDN-1 SEI KAYU | AJ115: SDN-2 SEI KAYU | AK115: SDN-1 SEI DUSUN
B116: SDN-2 ANJIR KALAMPAN | C116: 9 | D116: 8 | E116: 7 | F116: 6 | G116: 5 | H116: 4 | I116: 3 | J116: 2 | K116: 1 | L116: 2 | M116: 3 | N116: 4 | O116: 5 | P116: 6 | Q116: 7 | R116: 8 | S116: 9 | T116: SDN-1 SAKA MANGKAHAI | V116: SDN-2 ANJIR KALAMPAN | W116: 1
B117: SDN-2 ANJIR KALAMPAN | C117: 9 | D117: 8 | E117: 7 | F117: 6 | G117: 5 | H117: 4 | I117: 3 | J117: 2 | K117: 1 | L117: 2 | M117: 3 | N117: 4 | O117: 5 | P117: 6 | Q117: 7 | R117: 8 | S117: 9 | T117: SDN-2 SAKA MANGKAHAI | V117: SDN-3 ANJIR KALAMPAN | X117: 1
B118: SDN-2 ANJIR KALAMPAN | C118: 9 | D118: 8 | E118: 7 | F118: 6 | G118: 5 | H118: 4 | I118: 3 | J118: 2 | K118: 1 | L118: 2 | M118: 3 | N118: 4 | O118: 5 | P118: 6 | Q118: 7 | R118: 8 | S118: 9 | T118: SDN-2 MANDOMAI | V118: SDN-1 SAKA MANGKAHAI | Y118: 1
B119: SDN-2 ANJIR KALAMPAN | C119: 9 | D119: 8 | E119: 7 | F119: 6 | G119: 5 | H119: 4 | I119: 3 | J119: 2 | K119: 1 | L119: 2 | M119: 3 | N119: 4 | O119: 5 | P119: 6 | Q119: 7 | R119: 8 | S119: 9 | T119: SDN-3 MANDOMAI | V119: SDN-2 SAKA MANGKAHAI | Z119: 1
B120: SDN-2 ANJIR KALAMPAN | C120: 9 | D120: 8 | E120: 7 | F120: 6 | G120: 5 | H120: 4 | I120: 3 | J120: 2 | K120: 1 | L120: 2 | M120: 3 | N120: 4 | O120: 5 | P120: 6 | Q120: 7 | R120: 8 | S120: 9 | T120: SDN-4 MANDOMAI | V120: SDN-2 MANDOMAI | AA120: 1
B121: SDN-2 ANJIR KALAMPAN | C121: 9 | D121: 8 | E121: 7 | F121: 6 | G121: 5 | H121: 4 | I121: 3 | J121: 2 | K121: 1 | L121: 2 | M121: 3 | N121: 4 | O121: 5 | P121: 6 | Q121: 7 | R121: 8 | S121: 9 | T121: SDN-1 PANTAI | V121: SDN-3 MANDOMAI | AB121: 1
B122: SDN-2 ANJIR KALAMPAN | C122: 9 | D122: 8 | E122: 7 | F122: 6 | G122: 5 | H122: 4 | I122: 3 | J122: 2 | K122: 1 | L122: 2 | M122: 3 | N122: 4 | O122: 5 | P122: 6 | Q122: 7 | R122: 8 | S122: 9 | T122: SDN-2 PANTAI | V122: SDN-4 MANDOMAI | AC122: 1
B123: SDN-2 ANJIR KALAMPAN | C123: 9 | D123: 8 | E123: 7 | F123: 6 | G123: 5 | H123: 4 | I123: 3 | J123: 2 | K123: 1 | L123: 2 | M123: 3 | N123: 4 | O123: 5 | P123: 6 | Q123: 7 | R123: 8 | S123: 9 | T123: SDN-1 BASUTA RAYA | V123: SDN-1 PANTAI | AD123: 1
B124: SDN-2 ANJIR KALAMPAN | C124: 9 | D124: 8 | E124: 7 | F124: 6 | G124: 5 | H124: 4 | I124: 3 | J124: 2 | K124: 1 | L124: 2 | M124: 3 | N124: 4 | O124: 5 | P124: 6 | Q124: 7 | R124: 8 | S124: 9 | T124: SDN-1 SEI PITUNG | V124: SDN-2 PANTAI | AE124: 1
B125: SDN-2 ANJIR KALAMPAN | C125: 9 | D125: 8 | E125: 7 | F125: 6 | G125: 5 | H125: 4 | I125: 3 | J125: 2 | K125: 1 | L125: 2 | M125: 3 | N125: 4 | O125: 5 | P125: 6 | Q125: 7 | R125: 8 | S125: 9 | T125: SDN-1 PENDA KATAPI | V125: SDN-1 BASUTA RAYA | AF125: 1
B126: SDN-2 ANJIR KALAMPAN | C126: 9 | D126: 8 | E126: 7 | F126: 6 | G126: 5 | H126: 4 | I126: 3 | J126: 2 | K126: 1 | L126: 2 | M126: 3 | N126: 4 | O126: 5 | P126: 6 | Q126: 7 | R126: 8 | S126: 9 | T126: SDN-1 SEI KAYU | V126: SDN-1 SEI PITUNG | AG126: 1
B127: SDN-2 ANJIR KALAMPAN | C127: 9 | D127: 8 | E127: 7 | F127: 6 | G127: 5 | H127: 4 | I127: 3 | J127: 2 | K127: 1 | L127: 2 | M127: 3 | N127: 4 | O127: 5 | P127: 6 | Q127: 7 | R127: 8 | S127: 9 | T127: SDN-2 SEI KAYU | V127: SDN-1 PENDA KATAPI | AH127: 1
B128: SDN-2 ANJIR KALAMPAN | C128: 9 | D128: 8 | E128: 7 | F128: 6 | G128: 5 | H128: 4 | I128: 3 | J128: 2 | K128: 1 | L128: 2 | M128: 3 | N128: 4 | O128: 5 | P128: 6 | Q128: 7 | R128: 8 | S128: 9 | T128: SDN-1 SEI DUSUN | V128: SDN-1 SEI KAYU | AI128: 1
B129: SDN-3 ANJIR KALAMPAN | C129: 9 | D129: 8 | E129: 7 | F129: 6 | G129: 5 | H129: 4 | I129: 3 | J129: 2 | K129: 1 | L129: 2 | M129: 3 | N129: 4 | O129: 5 | P129: 6 | Q129: 7 | R129: 8 | S129: 9 | T129: SDN-1 SAKA MANGKAHAI | V129: SDN-2 SEI KAYU | AJ129: 1
B130: SDN-3 ANJIR KALAMPAN | C130: 9 | D130: 8 | E130: 7 | F130: 6 | G130: 5 | H130: 4 | I130: 3 | J130: 2 | K130: 1 | L130: 2 | M130: 3 | N130: 4 | O130: 5 | P130: 6 | Q130: 7 | R130: 8 | S130: 9 | T130: SDN-2 SAKA MANGKAHAI | V130: SDN-1 SEI DUSUN | AK130: 1
B131: SDN-3 ANJIR KALAMPAN | C131: 9 | D131: 8 | E131: 7 | F131: 6 | G131: 5 | H131: 4 | I131: 3 | J131: 2 | K131: 1 | L131: 2 | M131: 3 | N131: 4 | O131: 5 | P131: 6 | Q131: 7 | R131: 8 | S131: 9 | T131: SDN-2 MANDOMAI
B132: SDN-3 ANJIR KALAMPAN | C132: 9 | D132: 8 | E132: 7 | F132: 6 | G132: 5 | H132: 4 | I132: 3 | J132: 2 | K132: 1 | L132: 2 | M132: 3 | N132: 4 | O132: 5 | P132: 6 | Q132: 7 | R132: 8 | S132: 9 | T132: SDN-3 MANDOMAI
B133: SDN-3 ANJIR KALAMPAN | C133: 9 | D133: 8 | E133: 7 | F133: 6 | G133: 5 | H133: 4 | I133: 3 | J133: 2 | K133: 1 | L133: 2 | M133: 3 | N133: 4 | O133: 5 | P133: 6 | Q133: 7 | R133: 8 | S133: 9 | T133: SDN-4 MANDOMAI
B134: SDN-3 ANJIR KALAMPAN | C134: 9 | D134: 8 | E134: 7 | F134: 6 | G134: 5 | H134: 4 | I134: 3 | J134: 2 | K134: 1 | L134: 2 | M134: 3 | N134: 4 | O134: 5 | P134: 6 | Q134: 7 | R134: 8 | S134: 9 | T134: SDN-1 PANTAI
B135: SDN-3 ANJIR KALAMPAN | C135: 9 | D135: 8 | E135: 7 | F135: 6 | G135: 5 | H135: 4 | I135: 3 | J135: 2 | K135: 1 | L135: 2 | M135: 3 | N135: 4 | O135: 5 | P135: 6 | Q135: 7 | R135: 8 | S135: 9 | T135: SDN-2 PANTAI
B136: SDN-3 ANJIR KALAMPAN | C136: 9 | D136: 8 | E136: 7 | F136: 6 | G136: 5 | H136: 4 | I136: 3 | J136: 2 | K136: 1 | L136: 2 | M136: 3 | N136: 4 | O136: 5 | P136: 6 | Q136: 7 | R136: 8 | S136: 9 | T136: SDN-1 BASUTA RAYA
B137: SDN-3 ANJIR KALAMPAN | C137: 9 | D137: 8 | E137: 7 | F137: 6 | G137: 5 | H137: 4 | I137: 3 | J137: 2 | K137: 1 | L137: 2 | M137: 3 | N137: 4 | O137: 5 | P137: 6 | Q137: 7 | R137: 8 | S137: 9 | T137: SDN-1 SEI PITUNG
B138: SDN-3 ANJIR KALAMPAN | C138: 9 | D138: 8 | E138: 7 | F138: 6 | G138: 5 | H138: 4 | I138: 3 | J138: 2 | K138: 1 | L138: 2 | M138: 3 | N138: 4 | O138: 5 | P138: 6 | Q138: 7 | R138: 8 | S138: 9 | T138: SDN-1 PENDA KATAPI
B139: SDN-3 ANJIR KALAMPAN | C139: 9 | D139: 8 | E139: 7 | F139: 6 | G139: 5 | H139: 4 | I139: 3 | J139: 2 | K139: 1 | L139: 2 | M139: 3 | N139: 4 | O139: 5 | P139: 6 | Q139: 7 | R139: 8 | S139: 9 | T139: SDN-1 SEI KAYU
B140: SDN-3 ANJIR KALAMPAN | C140: 9 | D140: 8 | E140: 7 | F140: 6 | G140: 5 | H140: 4 | I140: 3 | J140: 2 | K140: 1 | L140: 2 | M140: 3 | N140: 4 | O140: 5 | P140: 6 | Q140: 7 | R140: 8 | S140: 9 | T140: SDN-2 SEI KAYU
B141: SDN-3 ANJIR KALAMPAN | C141: 9 | D141: 8 | E141: 7 | F141: 6 | G141: 5 | H141: 4 | I141: 3 | J141: 2 | K141: 1 | L141: 2 | M141: 3 | N141: 4 | O141: 5 | P141: 6 | Q141: 7 | R141: 8 | S141: 9 | T141: SDN-1 SEI DUSUN
B142: SDN-1 SAKA MANGKAHAI | C142: 9 | D142: 8 | E142: 7 | F142: 6 | G142: 5 | H142: 4 | I142: 3 | J142: 2 | K142: 1 | L142: 2 | M142: 3 | N142: 4 | O142: 5 | P142: 6 | Q142: 7 | R142: 8 | S142: 9 | T142: SDN-2 SAKA MANGKAHAI
... B219: SDN-2 SEI KAYU | C219: 9 | D219: 8 | E219: 7 | F219: 6 | G219: 5 | H219: 4 | I219: 3 | J219: 2 | K219: 1 | L219: 2 | M219: 3 | N219: 4 | O219: 5 | P219: 6 | Q219: 7 | R219: 8 | S219: 9 | T219: SDN-1 SEI DUSUN
B221: USIA BANGUNAN
B222: DPRD
B223: SEKOLAH UTAMA | C223: KRITERIA NILAI | T223: SEKOLAH PEMBANDING
C224: 9 | D224: 8 | E224: 7 | F224: 6 | G224: 5 | H224: 4 | I224: 3 | J224: 2 | K224: 1 | L224: 2 | M224: 3 | N224: 4 | O224: 5 | P224: 6 | Q224: 7 | R224: 8 | S224: 9
B225: SDN-2 ANJIR KALAMPAN | C225: 9 | D225: 8 | E225: 7 | F225: 6 | G225: 5 | H225: 4 | I225: 3 | J225: 2 | K225: 1 | L225: 2 | M225: 3 | N225: 4 | O225: 5 | P225: 6 | Q225: 7 | R225: 8 | S225: 9 | T225: SDN-3 ANJIR KALAMPAN | V225: PERSENTASE KERUSAKAN GEDUNG | W225: SDN-2 ANJIR KALAMPAN | X225: SDN-3 ANJIR KALAMPAN | Y225: SDN-1 SAKA MANGKAHAI | Z225: SDN-2 SAKA MANGKAHAI | AA225: SDN-2 MANDOMAI | AB225: SDN-3 MANDOMAI | AC225: SDN-4 MANDOMAI | AD225: SDN-1 PANTAI | AE225: SDN-2 PANTAI | AF225: SDN-1 BASUTA RAYA | AG225: SDN-1 SEI PITUNG | AH225: SDN-1 PENDA KATAPI | AI225: SDN-1 SEI KAYU | AJ225: SDN-2 SEI KAYU | AK225: SDN-1 SEI DUSUN
B226: SDN-2 ANJIR KALAMPAN | C226: 9 | D226: 8 | E226: 7 | F226: 6 | G226: 5 | H226: 4 | I226: 3 | J226: 2 | K226: 1 | L226: 2 | M226: 3 | N226: 4 | O226: 5 | P226: 6 | Q226: 7 | R226: 8 | S226: 9 | T226: SDN-1 SAKA MANGKAHAI | V226: SDN-2 ANJIR KALAMPAN | W226: 1
B227: SDN-2 ANJIR KALAMPAN | C227: 9 | D227: 8 | E227: 7 | F227: 6 | G227: 5 | H227: 4 | I227: 3 | J227: 2 | K227: 1 | L227: 2 | M227: 3 | N227: 4 | O227: 5 | P227: 6 | Q227: 7 | R227: 8 | S227: 9 | T227: SDN-2 SAKA MANGKAHAI | V227: SDN-3 ANJIR KALAMPAN | X227: 1
B228: SDN-2 ANJIR KALAMPAN | C228: 9 | D228: 8 | E228: 7 | F228: 6 | G228: 5 | H228: 4 | I228: 3 | J228: 2 | K228: 1 | L228: 2 | M228: 3 | N228: 4 | O228: 5 | P228: 6 | Q228: 7 | R228: 8 | S228: 9 | T228: SDN-2 MANDOMAI | V228: SDN-1 SAKA MANGKAHAI | Y228: 1
B229: SDN-2 ANJIR KALAMPAN | C229: 9 | D229: 8 | E229: 7 | F229: 6 | G229: 5 | H229: 4 | I229: 3 | J229: 2 | K229: 1 | L229: 2 | M229: 3 | N229: 4 | O229: 5 | P229: 6 | Q229: 7 | R229: 8 | S229: 9 | T229: SDN-3 MANDOMAI | V229: SDN-2 SAKA MANGKAHAI | Z229: 1
B230: SDN-2 ANJIR KALAMPAN | C230: 9 | D230: 8 | E230: 7 | F230: 6 | G230: 5 | H230: 4 | I230: 3 | J230: 2 | K230: 1 | L230: 2 | M230: 3 | N230: 4 | O230: 5 | P230: 6 | Q230: 7 | R230: 8 | S230: 9 | T230: SDN-4 MANDOMAI | V230: SDN-2 MANDOMAI | AA230: 1
B231: SDN-2 ANJIR KALAMPAN | C231: 9 | D231: 8 | E231: 7 | F231: 6 | G231: 5 | H231: 4 | I231: 3 | J231: 2 | K231: 1 | L231: 2 | M231: 3 | N231: 4 | O231: 5 | P231: 6 | Q231: 7 | R231: 8 | S231: 9 | T231: SDN-1 PANTAI | V231: SDN-3 MANDOMAI | AB231: 1
B232: SDN-2 ANJIR KALAMPAN | C232: 9 | D232: 8 | E232: 7 | F232: 6 | G232: 5 | H232: 4 | I232: 3 | J232: 2 | K232: 1 | L232: 2 | M232: 3 | N232: 4 | O232: 5 | P232: 6 | Q232: 7 | R232: 8 | S232: 9 | T232: SDN-2 PANTAI | V232: SDN-4 MANDOMAI | AC232: 1
B233: SDN-2 ANJIR KALAMPAN | C233: 9 | D233: 8 | E233: 7 | F233: 6 | G233: 5 | H233: 4 | I233: 3 | J233: 2 | K233: 1 | L233: 2 | M233: 3 | N233: 4 | O233: 5 | P233: 6 | Q233: 7 | R233: 8 | S233: 9 | T233: SDN-1 BASUTA RAYA | V233: SDN-1 PANTAI | AD233: 1
B234: SDN-2 ANJIR KALAMPAN | C234: 9 | D234: 8 | E234: 7 | F234: 6 | G234: 5 | H234: 4 | I234: 3 | J234: 2 | K234: 1 | L234: 2 | M234: 3 | N234: 4 | O234: 5 | P234: 6 | Q234: 7 | R234: 8 | S234: 9 | T234: SDN-1 SEI PITUNG | V234: SDN-2 PANTAI | AE234: 1
B235: SDN-2 ANJIR KALAMPAN | C235: 9 | D235: 8 | E235: 7 | F235: 6 | G235: 5 | H235: 4 | I235: 3 | J235: 2 | K235: 1 | L235: 2 | M235: 3 | N235: 4 | O235: 5 | P235: 6 | Q235: 7 | R235: 8 | S235: 9 | T235: SDN-1 PENDA KATAPI | V235: SDN-1 BASUTA RAYA | AF235: 1
B236: SDN-2 ANJIR KALAMPAN | C236: 9 | D236: 8 | E236: 7 | F236: 6 | G236: 5 | H236: 4 | I236: 3 | J236: 2 | K236: 1 | L236: 2 | M236: 3 | N236: 4 | O236: 5 | P236: 6 | Q236: 7 | R236: 8 | S236: 9 | T236: SDN-1 SEI KAYU | V236: SDN-1 SEI PITUNG | AG236: 1
B237: SDN-2 ANJIR KALAMPAN | C237: 9 | D237: 8 | E237: 7 | F237: 6 | G237: 5 | H237: 4 | I237: 3 | J237: 2 | K237: 1 | L237: 2 | M237: 3 | N237: 4 | O237: 5 | P237: 6 | Q237: 7 | R237: 8 | S237: 9 | T237: SDN-2 SEI KAYU | V237: SDN-1 PENDA KATAPI | AH237: 1
B238: SDN-2 ANJIR KALAMPAN | C238: 9 | D238: 8 | E238: 7 | F238: 6 | G238: 5 | H238: 4 | I238: 3 | J238: 2 | K238: 1 | L238: 2 | M238: 3 | N238: 4 | O238: 5 | P238: 6 | Q238: 7 | R238: 8 | S238: 9 | T238: SDN-1 SEI DUSUN | V238: SDN-1 SEI KAYU | AI238: 1
B239: SDN-3 ANJIR KALAMPAN | C239: 9 | D239: 8 | E239: 7 | F239: 6 | G239: 5 | H239: 4 | I239: 3 | J239: 2 | K239: 1 | L239: 2 | M239: 3 | N239: 4 | O239: 5 | P239: 6 | Q239: 7 | R239: 8 | S239: 9 | T239: SDN-1 SAKA MANGKAHAI | V239: SDN-2 SEI KAYU | AJ239: 1
B240: SDN-3 ANJIR KALAMPAN | C240: 9 | D240: 8 | E240: 7 | F240: 6 | G240: 5 | H240: 4 | I240: 3 | J240: 2 | K240: 1 | L240: 2 | M240: 3 | N240: 4 | O240: 5 | P240: 6 | Q240: 7 | R240: 8 | S240: 9 | T240: SDN-2 SAKA MANGKAHAI | V240: SDN-1 SEI DUSUN | AK240: 1
B241: SDN-3 ANJIR KALAMPAN | C241: 9 | D241: 8 | E241: 7 | F241: 6 | G241: 5 | H241: 4 | I241: 3 | J241: 2 | K241: 1 | L241: 2 | M241: 3 | N241: 4 | O241: 5 | P241: 6 | Q241: 7 | R241: 8 | S241: 9 | T241: SDN-2 MANDOMAI
B242: SDN-3 ANJIR KALAMPAN | C242: 9 | D242: 8 | E242: 7 | F242: 6 | G242: 5 | H242: 4 | I242: 3 | J242: 2 | K242: 1 | L242: 2 | M242: 3 | N242: 4 | O242: 5 | P242: 6 | Q242: 7 | R242: 8 | S242: 9 | T242: SDN-3 MANDOMAI
B243: SDN-3 ANJIR KALAMPAN | C243: 9 | D243: 8 | E243: 7 | F243: 6 | G243: 5 | H243: 4 | I243: 3 | J243: 2 | K243: 1 | L243: 2 | M243: 3 | N243: 4 | O243: 5 | P243: 6 | Q243: 7 | R243: 8 | S243: 9 | T243: SDN-4 MANDOMAI
B244: SDN-3 ANJIR KALAMPAN | C244: 9 | D244: 8 | E244: 7 | F244: 6 | G244: 5 | H244: 4 | I244: 3 | J244: 2 | K244: 1 | L244: 2 | M244: 3 | N244: 4 | O244: 5 | P244: 6 | Q244: 7 | R244: 8 | S244: 9 | T244: SDN-1 PANTAI
B245: SDN-3 ANJIR KALAMPAN | C245: 9 | D245: 8 | E245: 7 | F245: 6 | G245: 5 | H245: 4 | I245: 3 | J245: 2 | K245: 1 | L245: 2 | M245: 3 | N245: 4 | O245: 5 | P245: 6 | Q245: 7 | R245: 8 | S245: 9 | T245: SDN-2 PANTAI
B246: SDN-3 ANJIR KALAMPAN | C246: 9 | D246: 8 | E246: 7 | F246: 6 | G246: 5 | H246: 4 | I246: 3 | J246: 2 | K246: 1 | L246: 2 | M246: 3 | N246: 4 | O246: 5 | P246: 6 | Q246: 7 | R246: 8 | S246: 9 | T246: SDN-1 BASUTA RAYA
B247: SDN-3 ANJIR KALAMPAN | C247: 9 | D247: 8 | E247: 7 | F247: 6 | G247: 5 | H247: 4 | I247: 3 | J247: 2 | K247: 1 | L247: 2 | M247: 3 | N247: 4 | O247: 5 | P247: 6 | Q247: 7 | R247: 8 | S247: 9 | T247: SDN-1 SEI PITUNG
B248: SDN-3 ANJIR KALAMPAN | C248: 9 | D248: 8 | E248: 7 | F248: 6 | G248: 5 | H248: 4 | I248: 3 | J248: 2 | K248: 1 | L248: 2 | M248: 3 | N248: 4 | O248: 5 | P248: 6 | Q248: 7 | R248: 8 | S248: 9 | T248: SDN-1 PENDA KATAPI
B249: SDN-3 ANJIR KALAMPAN | C249: 9 | D249: 8 | E249: 7 | F249: 6 | G249: 5 | H249: 4 | I249: 3 | J249: 2 | K249: 1 | L249: 2 | M249: 3 | N249: 4 | O249: 5 | P249: 6 | Q249: 7 | R249: 8 | S249: 9 | T249: SDN-1 SEI KAYU
B250: SDN-3 ANJIR KALAMPAN | C250: 9 | D250: 8 | E250: 7 | F250: 6 | G250: 5 | H250: 4 | I250: 3 | J250: 2 | K250: 1 | L250: 2 | M250: 3 | N250: 4 | O250: 5 | P250: 6 | Q250: 7 | R250: 8 | S250: 9 | T250: SDN-2 SEI KAYU
B251: SDN-3 ANJIR KALAMPAN | C251: 9 | D251: 8 | E251: 7 | F251: 6 | G251: 5 | H251: 4 | I251: 3 | J251: 2 | K251: 1 | L251: 2 | M251: 3 | N251: 4 | O251: 5 | P251: 6 | Q251: 7 | R251: 8 | S251: 9 | T251: SDN-1 SEI DUSUN
B252: SDN-1 SAKA MANGKAHAI | C252: 9 | D252: 8 | E252: 7 | F252: 6 | G252: 5 | H252: 4 | I252: 3 | J252: 2 | K252: 1 | L252: 2 | M252: 3 | N252: 4 | O252: 5 | P252: 6 | Q252: 7 | R252: 8 | S252: 9 | T252: SDN-2 SAKA MANGKAHAI
... B329: SDN-2 SEI KAYU | C329: 9 | D329: 8 | E329: 7 | F329: 6 | G329: 5 | H329: 4 | I329: 3 | J329: 2 | K329: 1 | L329: 2 | M329: 3 | N329: 4 | O329: 5 | P329: 6 | Q329: 7 | R329: 8 | S329: 9 | T329: SDN-1 SEI DUSUN

Sheet NORMALISASI JUMLAH SISWA
B1: USIA BANGUNAN
B2: PENGAWAS SEKOLAH DASAR KAPUAS BARAT (JHON)
B3: SEKOLAH UTAMA | C3: KRITERIA NILAI | T3: SEKOLAH PEMBANDING
C4: 9 | D4: 8 | E4: 7 | F4: 6 | G4: 5 | H4: 4 | I4: 3 | J4: 2 | K4: 1 | L4: 2 | M4: 3 | N4: 4 | O4: 5 | P4: 6 | Q4: 7 | R4: 8 | S4: 9
B5: SDN-2 ANJIR KALAMPAN | C5: 9 | D5: 8 | E5: 7 | F5: 6 | G5: 5 | H5: 4 | I5: 3 | J5: 2 | K5: 1 | L5: 2 | M5: 3 | N5: 4 | O5: 5 | P5: 6 | Q5: 7 | R5: 8 | S5: 9 | T5: SDN-3 ANJIR KALAMPAN | V5: PERSENTASE KERUSAKAN GEDUNG | W5: SDN-2 ANJIR KALAMPAN | X5: SDN-3 ANJIR KALAMPAN | Y5: SDN-1 SAKA MANGKAHAI | Z5: SDN-2 SAKA MANGKAHAI | AA5: SDN-2 MANDOMAI | AB5: SDN-3 MANDOMAI | AC5: SDN-4 MANDOMAI | AD5: SDN-1 PANTAI | AE5: SDN-2 PANTAI | AF5: SDN-1 BASUTA RAYA | AG5: SDN-1 SEI PITUNG | AH5: SDN-1 PENDA KATAPI | AI5: SDN-1 SEI KAYU | AJ5: SDN-2 SEI KAYU | AK5: SDN-1 SEI DUSUN
B6: SDN-2 ANJIR KALAMPAN | C6: 9 | D6: 8 | E6: 7 | F6: 6 | G6: 5 | H6: 4 | I6: 3 | J6: 2 | K6: 1 | L6: 2 | M6: 3 | N6: 4 | O6: 5 | P6: 6 | Q6: 7 | R6: 8 | S6: 9 | T6: SDN-1 SAKA MANGKAHAI | V6: SDN-2 ANJIR KALAMPAN | W6: 1
B7: SDN-2 ANJIR KALAMPAN | C7: 9 | D7: 8 | E7: 7 | F7: 6 | G7: 5 | H7: 4 | I7: 3 | J7: 2 | K7: 1 | L7: 2 | M7: 3 | N7: 4 | O7: 5 | P7: 6 | Q7: 7 | R7: 8 | S7: 9 | T7: SDN-2 SAKA MANGKAHAI | V7: SDN-3 ANJIR KALAMPAN | X7: 1
B8: SDN-2 ANJIR KALAMPAN | C8: 9 | D8: 8 | E8: 7 | F8: 6 | G8: 5 | H8: 4 | I8: 3 | J8: 2 | K8: 1 | L8: 2 | M8: 3 | N8: 4 | O8: 5 | P8: 6 | Q8: 7 | R8: 8 | S8: 9 | T8: SDN-2 MANDOMAI | V8: SDN-1 SAKA MANGKAHAI | Y8: 1
B9: SDN-2 ANJIR KALAMPAN | C9: 9 | D9: 8 | E9: 7 | F9: 6 | G9: 5 | H9: 4 | I9: 3 | J9: 2 | K9: 1 | L9: 2 | M9: 3 | N9: 4 | O9: 5 | P9: 6 | Q9: 7 | R9: 8 | S9: 9 | T9: SDN-3 MANDOMAI | V9: SDN-2 SAKA MANGKAHAI | Z9: 1
B10: SDN-2 ANJIR KALAMPAN | C10: 9 | D10: 8 | E10: 7 | F10: 6 | G10: 5 | H10: 4 | I10: 3 | J10: 2 | K10: 1 | L10: 2 | M10: 3 | N10: 4 | O10: 5 | P10: 6 | Q10: 7 | R10: 8 | S10: 9 | T10: SDN-4 MANDOMAI | V10: SDN-2 MANDOMAI | AA10: 1
B11: SDN-2 ANJIR KALAMPAN | C11: 9 | D11: 8 | E11: 7 | F11: 6 | G11: 5 | H11: 4 | I11: 3 | J11: 2 | K11: 1 | L11: 2 | M11: 3 | N11: 4 | O11: 5 | P11: 6 | Q11: 7 | R11: 8 | S11: 9 | T11: SDN-1 PANTAI | V11: SDN-3 MANDOMAI | AB11: 1
B12: SDN-2 ANJIR KALAMPAN | C12: 9 | D12: 8 | E12: 7 | F12: 6 | G12: 5 | H12: 4 | I12: 3 | J12: 2 | K12: 1 | L12: 2 | M12: 3 | N12: 4 | O12: 5 | P12: 6 | Q12: 7 | R12: 8 | S12: 9 | T12: SDN-2 PANTAI | V12: SDN-4 MANDOMAI | AC12: 1
B13: SDN-2 ANJIR KALAMPAN | C13: 9 | D13: 8 | E13: 7 | F13: 6 | G13: 5 | H13: 4 | I13: 3 | J13: 2 | K13: 1 | L13: 2 | M13: 3 | N13: 4 | O13: 5 | P13: 6 | Q13: 7 | R13: 8 | S13: 9 | T13: SDN-1 BASUTA RAYA | V13: SDN-1 PANTAI | AD13: 1
B14: SDN-2 ANJIR KALAMPAN | C14: 9 | D14: 8 | E14: 7 | F14: 6 | G14: 5 | H14: 4 | I14: 3 | J14: 2 | K14: 1 | L14: 2 | M14: 3 | N14: 4 | O14: 5 | P14: 6 | Q14: 7 | R14: 8 | S14: 9 | T14: SDN-1 SEI PITUNG | V14: SDN-2 PANTAI | AE14: 1
B15: SDN-2 ANJIR KALAMPAN | C15: 9 | D15: 8 | E15: 7 | F15: 6 | G15: 5 | H15: 4 | I15: 3 | J15: 2 | K15: 1 | L15: 2 | M15: 3 | N15: 4 | O15: 5 | P15: 6 | Q15: 7 | R15: 8 | S15: 9 | T15: SDN-1 PENDA KATAPI | V15: SDN-1 BASUTA RAYA | AF15: 1
B16: SDN-2 ANJIR KALAMPAN | C16: 9 | D16: 8 | E16: 7 | F16: 6 | G16: 5 | H16: 4 | I16: 3 | J16: 2 | K16: 1 | L16: 2 | M16: 3 | N16: 4 | O16: 5 | P16: 6 | Q16: 7 | R16: 8 | S16: 9 | T16: SDN-1 SEI KAYU | V16: SDN-1 SEI PITUNG | AG16: 1
B17: SDN-2 ANJIR KALAMPAN | C17: 9 | D17: 8 | E17: 7 | F17: 6 | G17: 5 | H17: 4 | I17: 3 | J17: 2 | K17: 1 | L17: 2 | M17: 3 | N17: 4 | O17: 5 | P17: 6 | Q17: 7 | R17: 8 | S17: 9 | T17: SDN-2 SEI KAYU | V17: SDN-1 PENDA KATAPI | AH17: 1
B18: SDN-2 ANJIR KALAMPAN | C18: 9 | D18: 8 | E18: 7 | F18: 6 | G18: 5 | H18: 4 | I18: 3 | J18: 2 | K18: 1 | L18: 2 | M18: 3 | N18: 4 | O18: 5 | P18: 6 | Q18: 7 | R18: 8 | S18: 9 | T18: SDN-1 SEI DUSUN | V18: SDN-1 SEI KAYU | AI18: 1
B19: SDN-3 ANJIR KALAMPAN | C19: 9 | D19: 8 | E19: 7 | F19: 6 | G19: 5 | H19: 4 | I19: 3 | J19: 2 | K19: 1 | L19: 2 | M19: 3 | N19: 4 | O19: 5 | P19: 6 | Q19: 7 | R19: 8 | S19: 9 | T19: SDN-1 SAKA MANGKAHAI | V19: SDN-2 SEI KAYU | AJ19: 1
B20: SDN-3 ANJIR KALAMPAN | C20: 9 | D20: 8 | E20: 7 | F20: 6 | G20: 5 | H20: 4 | I20: 3 | J20: 2 | K20: 1 | L20: 2 | M20: 3 | N20: 4 | O20: 5 | P20: 6 | Q20: 7 | R20: 8 | S20: 9 | T20: SDN-2 SAKA MANGKAHAI | V20: SDN-1 SEI DUSUN | AK20: 1
B21: SDN-3 ANJIR KALAMPAN | C21: 9 | D21: 8 | E21: 7 | F21: 6 | G21: 5 | H21: 4 | I21: 3 | J21: 2 | K21: 1 | L21: 2 | M21: 3 | N21: 4 | O21: 5 | P21: 6 | Q21: 7 | R21: 8 | S21: 9 | T21: SDN-2 MANDOMAI
B22: SDN-3 ANJIR KALAMPAN | C22: 9 | D22: 8 | E22: 7 | F22: 6 | G22: 5 | H22: 4 | I22: 3 | J22: 2 | K22: 1 | L22: 2 | M22: 3 | N22: 4 | O22: 5 | P22: 6 | Q22: 7 | R22: 8 | S22: 9 | T22: SDN-3 MANDOMAI
B23: SDN-3 ANJIR KALAMPAN | C23: 9 | D23: 8 | E23: 7 | F23: 6 | G23: 5 | H23: 4 | I23: 3 | J23: 2 | K23: 1 | L23: 2 | M23: 3 | N23: 4 | O23: 5 | P23: 6 | Q23: 7 | R23: 8 | S23: 9 | T23: SDN-4 MANDOMAI
B24: SDN-3 ANJIR KALAMPAN | C24: 9 | D24: 8 | E24: 7 | F24: 6 | G24: 5 | H24: 4 | I24: 3 | J24: 2 | K24: 1 | L24: 2 | M24: 3 | N24: 4 | O24: 5 | P24: 6 | Q24: 7 | R24: 8 | S24: 9 | T24: SDN-1 PANTAI
B25: SDN-3 ANJIR KALAMPAN | C25: 9 | D25: 8 | E25: 7 | F25: 6 | G25: 5 | H25: 4 | I25: 3 | J25: 2 | K25: 1 | L25: 2 | M25: 3 | N25: 4 | O25: 5 | P25: 6 | Q25: 7 | R25: 8 | S25: 9 | T25: SDN-2 PANTAI
B26: SDN-3 ANJIR KALAMPAN | C26: 9 | D26: 8 | E26: 7 | F26: 6 | G26: 5 | H26: 4 | I26: 3 | J26: 2 | K26: 1 | L26: 2 | M26: 3 | N26: 4 | O26: 5 | P26: 6 | Q26: 7 | R26: 8 | S26: 9 | T26: SDN-1 BASUTA RAYA
B27: SDN-3 ANJIR KALAMPAN | C27: 9 | D27: 8 | E27: 7 | F27: 6 | G27: 5 | H27: 4 | I27: 3 | J27: 2 | K27: 1 | L27: 2 | M27: 3 | N27: 4 | O27: 5 | P27: 6 | Q27: 7 | R27: 8 | S27: 9 | T27: SDN-1 SEI PITUNG
B28: SDN-3 ANJIR KALAMPAN | C28: 9 | D28: 8 | E28: 7 | F28: 6 | G28: 5 | H28: 4 | I28: 3 | J28: 2 | K28: 1 | L28: 2 | M28: 3 | N28: 4 | O28: 5 | P28: 6 | Q28: 7 | R28: 8 | S28: 9 | T28: SDN-1 PENDA KATAPI
B29: SDN-3 ANJIR KALAMPAN | C29: 9 | D29: 8 | E29: 7 | F29: 6 | G29: 5 | H29: 4 | I29: 3 | J29: 2 | K29: 1 | L29: 2 | M29: 3 | N29: 4 | O29: 5 | P29: 6 | Q29: 7 | R29: 8 | S29: 9 | T29: SDN-1 SEI KAYU
B30: SDN-3 ANJIR KALAMPAN | C30: 9 | D30: 8 | E30: 7 | F30: 6 | G30: 5 | H30: 4 | I30: 3 | J30: 2 | K30: 1 | L30: 2 | M30: 3 | N30: 4 | O30: 5 | P30: 6 | Q30: 7 | R30: 8 | S30: 9 | T30: SDN-2 SEI KAYU
B31: SDN-3 ANJIR KALAMPAN | C31: 9 | D31: 8 | E31: 7 | F31: 6 | G31: 5 | H31: 4 | I31: 3 | J31: 2 | K31: 1 | L31: 2 | M31: 3 | N31: 4 | O31: 5 | P31: 6 | Q31: 7 | R31: 8 | S31: 9 | T31: SDN-1 SEI DUSUN
B32: SDN-1 SAKA MANGKAHAI | C32: 9 | D32: 8 | E32: 7 | F32: 6 | G32: 5 | H32: 4 | I32: 3 | J32: 2 | K32: 1 | L32: 2 | M32: 3 | N32: 4 | O32: 5 | P32: 6 | Q32: 7 | R32: 8 | S32: 9 | T32: SDN-2 SAKA MANGKAHAI
... B109: SDN-2 SEI KAYU | C109: 9 | D109: 8 | E109: 7 | F109: 6 | G109: 5 | H109: 4 | I109: 3 | J109: 2 | K109: 1 | L109: 2 | M109: 3 | N109: 4 | O109: 5 | P109: 6 | Q109: 7 | R109: 8 | S109: 9 | T109: SDN-1 SEI DUSUN
B111: USIA BANGUNAN
B112: KEPALA BIDANG PENGAWASAN SEKOLAH DASAR DISDIK KAPUAS (JEFRI)
B113: SEKOLAH UTAMA | C113: KRITERIA NILAI | T113: SEKOLAH PEMBANDING
C114: 9 | D114: 8 | E114: 7 | F114: 6 | G114: 5 | H114: 4 | I114: 3 | J114: 2 | K114: 1 | L114: 2 | M114: 3 | N114: 4 | O114: 5 | P114: 6 | Q114: 7 | R114: 8 | S114: 9
B115: SDN-2 ANJIR KALAMPAN | C115: 9 | D115: 8 | E115: 7 | F115: 6 | G115: 5 | H115: 4 | I115: 3 | J115: 2 | K115: 1 | L115: 2 | M115: 3 | N115: 4 | O115: 5 | P115: 6 | Q115: 7 | R115: 8 | S115: 9 | T115: SDN-3 ANJIR KALAMPAN | V115: PERSENTASE KERUSAKAN GEDUNG | W115: SDN-2 ANJIR KALAMPAN | X115: SDN-3 ANJIR KALAMPAN | Y115: SDN-1 SAKA MANGKAHAI | Z115: SDN-2 SAKA MANGKAHAI | AA115: SDN-2 MANDOMAI | AB115: SDN-3 MANDOMAI | AC115: SDN-4 MANDOMAI | AD115: SDN-1 PANTAI | AE115: SDN-2 PANTAI | AF115: SDN-1 BASUTA RAYA | AG115: SDN-1 SEI PITUNG | AH115: SDN-1 PENDA KATAPI | AI115: SDN-1 SEI KAYU | AJ115: SDN-2 SEI KAYU | AK115: SDN-1 SEI DUSUN
B116: SDN-2 ANJIR KALAMPAN | C116: 9 | D116: 8 | E116: 7 | F116: 6 | G116: 5 | H116: 4 | I116: 3 | J116: 2 | K116: 1 | L116: 2 | M116: 3 | N116: 4 | O116: 5 | P116: 6 | Q116: 7 | R116: 8 | S116: 9 | T116: SDN-1 SAKA MANGKAHAI | V116: SDN-2 ANJIR KALAMPAN | W116: 1
B117: SDN-2 ANJIR KALAMPAN | C117: 9 | D117: 8 | E117: 7 | F117: 6 | G117: 5 | H117: 4 | I117: 3 | J117: 2 | K117: 1 | L117: 2 | M117: 3 | N117: 4 | O117: 5 | P117: 6 | Q117: 7 | R117: 8 | S117: 9 | T117: SDN-2 SAKA MANGKAHAI | V117: SDN-3 ANJIR KALAMPAN | X117: 1
B118: SDN-2 ANJIR KALAMPAN | C118: 9 | D118: 8 | E118: 7 | F118: 6 | G118: 5 | H118: 4 | I118: 3 | J118: 2 | K118: 1 | L118: 2 | M118: 3 | N118: 4 | O118: 5 | P118: 6 | Q118: 7 | R118: 8 | S118: 9 | T118: SDN-2 MANDOMAI | V118: SDN-1 SAKA MANGKAHAI | Y118: 1
B119: SDN-2 ANJIR KALAMPAN | C119: 9 | D119: 8 | E119: 7 | F119: 6 | G119: 5 | H119: 4 | I119: 3 | J119: 2 | K119: 1 | L119: 2 | M119: 3 | N119: 4 | O119: 5 | P119: 6 | Q119: 7 | R119: 8 | S119: 9 | T119: SDN-3 MANDOMAI | V119: SDN-2 SAKA MANGKAHAI | Z119: 1
B120: SDN-2 ANJIR KALAMPAN | C120: 9 | D120: 8 | E120: 7 | F120: 6 | G120: 5 | H120: 4 | I120: 3 | J120: 2 | K120: 1 | L120: 2 | M120: 3 | N120: 4 | O120: 5 | P120: 6 | Q120: 7 | R120: 8 | S120: 9 | T120: SDN-4 MANDOMAI | V120: SDN-2 MANDOMAI | AA120: 1
B121: SDN-2 ANJIR KALAMPAN | C121: 9 | D121: 8 | E121: 7 | F121: 6 | G121: 5 | H121: 4 | I121: 3 | J121: 2 | K121: 1 | L121: 2 | M121: 3 | N121: 4 | O121: 5 | P121: 6 | Q121: 7 | R121: 8 | S121: 9 | T121: SDN-1 PANTAI | V121: SDN-3 MANDOMAI | AB121: 1
B122: SDN-2 ANJIR KALAMPAN | C122: 9 | D122: 8 | E122: 7 | F122: 6 | G122: 5 | H122: 4 | I122: 3 | J122: 2 | K122: 1 | L122: 2 | M122: 3 | N122: 4 | O122: 5 | P122: 6 | Q122: 7 | R122: 8 | S122: 9 | T122: SDN-2 PANTAI | V122: SDN-4 MANDOMAI | AC122: 1
B123: SDN-2 ANJIR KALAMPAN | C123: 9 | D123: 8 | E123: 7 | F123: 6 | G123: 5 | H123: 4 | I123: 3 | J123: 2 | K123: 1 | L123: 2 | M123: 3 | N123: 4 | O123: 5 | P123: 6 | Q123: 7 | R123: 8 | S123: 9 | T123: SDN-1 BASUTA RAYA | V123: SDN-1 PANTAI | AD123: 1
B124: SDN-2 ANJIR KALAMPAN | C124: 9 | D124: 8 | E124: 7 | F124: 6 | G124: 5 | H124: 4 | I124: 3 | J124: 2 | K124: 1 | L124: 2 | M124: 3 | N124: 4 | O124: 5 | P124: 6 | Q124: 7 | R124: 8 | S124: 9 | T124: SDN-1 SEI PITUNG | V124: SDN-2 PANTAI | AE124: 1
B125: SDN-2 ANJIR KALAMPAN | C125: 9 | D125: 8 | E125: 7 | F125: 6 | G125: 5 | H125: 4 | I125: 3 | J125: 2 | K125: 1 | L125: 2 | M125: 3 | N125: 4 | O125: 5 | P125: 6 | Q125: 7 | R125: 8 | S125: 9 | T125: SDN-1 PENDA KATAPI | V125: SDN-1 BASUTA RAYA | AF125: 1
B126: SDN-2 ANJIR KALAMPAN | C126: 9 | D126: 8 | E126: 7 | F126: 6 | G126: 5 | H126: 4 | I126: 3 | J126: 2 | K126: 1 | L126: 2 | M126: 3 | N126: 4 | O126: 5 | P126: 6 | Q126: 7 | R126: 8 | S126: 9 | T126: SDN-1 SEI KAYU | V126: SDN-1 SEI PITUNG | AG126: 1
B127: SDN-2 ANJIR KALAMPAN | C127: 9 | D127: 8 | E127: 7 | F127: 6 | G127: 5 | H127: 4 | I127: 3 | J127: 2 | K127: 1 | L127: 2 | M127: 3 | N127: 4 | O127: 5 | P127: 6 | Q127: 7 | R127: 8 | S127: 9 | T127: SDN-2 SEI KAYU | V127: SDN-1 PENDA KATAPI | AH127: 1
B128: SDN-2 ANJIR KALAMPAN | C128: 9 | D128: 8 | E128: 7 | F128: 6 | G128: 5 | H128: 4 | I128: 3 | J128: 2 | K128: 1 | L128: 2 | M128: 3 | N128: 4 | O128: 5 | P128: 6 | Q128: 7 | R128: 8 | S128: 9 | T128: SDN-1 SEI DUSUN | V128: SDN-1 SEI KAYU | AI128: 1
B129: SDN-3 ANJIR KALAMPAN | C129: 9 | D129: 8 | E129: 7 | F129: 6 | G129: 5 | H129: 4 | I129: 3 | J129: 2 | K129: 1 | L129: 2 | M129: 3 | N129: 4 | O129: 5 | P129: 6 | Q129: 7 | R129: 8 | S129: 9 | T129: SDN-1 SAKA MANGKAHAI | V129: SDN-2 SEI KAYU | AJ129: 1
B130: SDN-3 ANJIR KALAMPAN | C130: 9 | D130: 8 | E130: 7 | F130: 6 | G130: 5 | H130: 4 | I130: 3 | J130: 2 | K130: 1 | L130: 2 | M130: 3 | N130: 4 | O130: 5 | P130: 6 | Q130: 7 | R130: 8 | S130: 9 | T130: SDN-2 SAKA MANGKAHAI | V130: SDN-1 SEI DUSUN | AK130: 1
B131: SDN-3 ANJIR KALAMPAN | C131: 9 | D131: 8 | E131: 7 | F131: 6 | G131: 5 | H131: 4 | I131: 3 | J131: 2 | K131: 1 | L131: 2 | M131: 3 | N131: 4 | O131: 5 | P131: 6 | Q131: 7 | R131: 8 | S131: 9 | T131: SDN-2 MANDOMAI
B132: SDN-3 ANJIR KALAMPAN | C132: 9 | D132: 8 | E132: 7 | F132: 6 | G132: 5 | H132: 4 | I132: 3 | J132: 2 | K132: 1 | L132: 2 | M132: 3 | N132: 4 | O132: 5 | P132: 6 | Q132: 7 | R132: 8 | S132: 9 | T132: SDN-3 MANDOMAI
B133: SDN-3 ANJIR KALAMPAN | C133: 9 | D133: 8 | E133: 7 | F133: 6 | G133: 5 | H133: 4 | I133: 3 | J133: 2 | K133: 1 | L133: 2 | M133: 3 | N133: 4 | O133: 5 | P133: 6 | Q133: 7 | R133: 8 | S133: 9 | T133: SDN-4 MANDOMAI
B134: SDN-3 ANJIR KALAMPAN | C134: 9 | D134: 8 | E134: 7 | F134: 6 | G134: 5 | H134: 4 | I134: 3 | J134: 2 | K134: 1 | L134: 2 | M134: 3 | N134: 4 | O134: 5 | P134: 6 | Q134: 7 | R134: 8 | S134: 9 | T134: SDN-1 PANTAI
B135: SDN-3 ANJIR KALAMPAN | C135: 9 | D135: 8 | E135: 7 | F135: 6 | G135: 5 | H135: 4 | I135: 3 | J135: 2 | K135: 1 | L135: 2 | M135: 3 | N135: 4 | O135: 5 | P135: 6 | Q135: 7 | R135: 8 | S135: 9 | T135: SDN-2 PANTAI
B136: SDN-3 ANJIR KALAMPAN | C136: 9 | D136: 8 | E136: 7 | F136: 6 | G136: 5 | H136: 4 | I136: 3 | J136: 2 | K136: 1 | L136: 2 | M136: 3 | N136: 4 | O136: 5 | P136: 6 | Q136: 7 | R136: 8 | S136: 9 | T136: SDN-1 BASUTA RAYA
B137: SDN-3 ANJIR KALAMPAN | C137: 9 | D137: 8 | E137: 7 | F137: 6 | G137: 5 | H137: 4 | I137: 3 | J137: 2 | K137: 1 | L137: 2 | M137: 3 | N137: 4 | O137: 5 | P137: 6 | Q137: 7 | R137: 8 | S137: 9 | T137: SDN-1 SEI PITUNG
B138: SDN-3 ANJIR KALAMPAN | C138: 9 | D138: 8 | E138: 7 | F138: 6 | G138: 5 | H138: 4 | I138: 3 | J138: 2 | K138: 1 | L138: 2 | M138: 3 | N138: 4 | O138: 5 | P138: 6 | Q138: 7 | R138: 8 | S138: 9 | T138: SDN-1 PENDA KATAPI
B139: SDN-3 ANJIR KALAMPAN | C139: 9 | D139: 8 | E139: 7 | F139: 6 | G139: 5 | H139: 4 | I139: 3 | J139: 2 | K139: 1 | L139: 2 | M139: 3 | N139: 4 | O139: 5 | P139: 6 | Q139: 7 | R139: 8 | S139: 9 | T139: SDN-1 SEI KAYU
B140: SDN-3 ANJIR KALAMPAN | C140: 9 | D140: 8 | E140: 7 | F140: 6 | G140: 5 | H140: 4 | I140: 3 | J140: 2 | K140: 1 | L140: 2 | M140: 3 | N140: 4 | O140: 5 | P140: 6 | Q140: 7 | R140: 8 | S140: 9 | T140: SDN-2 SEI KAYU
B141: SDN-3 ANJIR KALAMPAN | C141: 9 | D141: 8 | E141: 7 | F141: 6 | G141: 5 | H141: 4 | I141: 3 | J141: 2 | K141: 1 | L141: 2 | M141: 3 | N141: 4 | O141: 5 | P141: 6 | Q141: 7 | R141: 8 | S141: 9 | T141: SDN-1 SEI DUSUN
B142: SDN-1 SAKA MANGKAHAI | C142: 9 | D142: 8 | E142: 7 | F142: 6 | G142: 5 | H142: 4 | I142: 3 | J142: 2 | K142: 1 | L142: 2 | M142: 3 | N142: 4 | O142: 5 | P142: 6 | Q142: 7 | R142: 8 | S142: 9 | T142: SDN-2 SAKA MANGKAHAI
... B219: SDN-2 SEI KAYU | C219: 9 | D219: 8 | E219: 7 | F219: 6 | G219: 5 | H219: 4 | I219: 3 | J219: 2 | K219: 1 | L219: 2 | M219: 3 | N219: 4 | O219: 5 | P219: 6 | Q219: 7 | R219: 8 | S219: 9 | T219: SDN-1 SEI DUSUN
B221: USIA BANGUNAN
B222: DPRD
B223: SEKOLAH UTAMA | C223: KRITERIA NILAI | T223: SEKOLAH PEMBANDING
C224: 9 | D224: 8 | E224: 7 | F224: 6 | G224: 5 | H224: 4 | I224: 3 | J224: 2 | K224: 1 | L224: 2 | M224: 3 | N224: 4 | O224: 5 | P224: 6 | Q224: 7 | R224: 8 | S224: 9
B225: SDN-2 ANJIR KALAMPAN | C225: 9 | D225: 8 | E225: 7 | F225: 6 | G225: 5 | H225: 4 | I225: 3 | J225: 2 | K225: 1 | L225: 2 | M225: 3 | N225: 4 | O225: 5 | P225: 6 | Q225: 7 | R225: 8 | S225: 9 | T225: SDN-3 ANJIR KALAMPAN | V225: PERSENTASE KERUSAKAN GEDUNG | W225: SDN-2 ANJIR KALAMPAN | X225: SDN-3 ANJIR KALAMPAN | Y225: SDN-1 SAKA MANGKAHAI | Z225: SDN-2 SAKA MANGKAHAI | AA225: SDN-2 MANDOMAI | AB225: SDN-3 MANDOMAI | AC225: SDN-4 MANDOMAI | AD225: SDN-1 PANTAI | AE225: SDN-2 PANTAI | AF225: SDN-1 BASUTA RAYA | AG225: SDN-1 SEI PITUNG | AH225: SDN-1 PENDA KATAPI | AI225: SDN-1 SEI KAYU | AJ225: SDN-2 SEI KAYU | AK225: SDN-1 SEI DUSUN
B226: SDN-2 ANJIR KALAMPAN | C226: 9 | D226: 8 | E226: 7 | F226: 6 | G226: 5 | H226: 4 | I226: 3 | J226: 2 | K226: 1 | L226: 2 | M226: 3 | N226: 4 | O226: 5 | P226: 6 | Q226: 7 | R226: 8 | S226: 9 | T226: SDN-1 SAKA MANGKAHAI | V226: SDN-2 ANJIR KALAMPAN | W226: 1
B227: SDN-2 ANJIR KALAMPAN | C227: 9 | D227: 8 | E227: 7 | F227: 6 | G227: 5 | H227: 4 | I227: 3 | J227: 2 | K227: 1 | L227: 2 | M227: 3 | N227: 4 | O227: 5 | P227: 6 | Q227: 7 | R227: 8 | S227: 9 | T227: SDN-2 SAKA MANGKAHAI | V227: SDN-3 ANJIR KALAMPAN | X227: 1
B228: SDN-2 ANJIR KALAMPAN | C228: 9 | D228: 8 | E228: 7 | F228: 6 | G228: 5 | H228: 4 | I228: 3 | J228: 2 | K228: 1 | L228: 2 | M228: 3 | N228: 4 | O228: 5 | P228: 6 | Q228: 7 | R228: 8 | S228: 9 | T228: SDN-2 MANDOMAI | V228: SDN-1 SAKA MANGKAHAI | Y228: 1
B229: SDN-2 ANJIR KALAMPAN | C229: 9 | D229: 8 | E229: 7 | F229: 6 | G229: 5 | H229: 4 | I229: 3 | J229: 2 | K229: 1 | L229: 2 | M229: 3 | N229: 4 | O229: 5 | P229: 6 | Q229: 7 | R229: 8 | S229: 9 | T229: SDN-3 MANDOMAI | V229: SDN-2 SAKA MANGKAHAI | Z229: 1
B230: SDN-2 ANJIR KALAMPAN | C230: 9 | D230: 8 | E230: 7 | F230: 6 | G230: 5 | H230: 4 | I230: 3 | J230: 2 | K230: 1 | L230: 2 | M230: 3 | N230: 4 | O230: 5 | P230: 6 | Q230: 7 | R230: 8 | S230: 9 | T230: SDN-4 MANDOMAI | V230: SDN-2 MANDOMAI | AA230: 1
B231: SDN-2 ANJIR KALAMPAN | C231: 9 | D231: 8 | E231: 7 | F231: 6 | G231: 5 | H231: 4 | I231: 3 | J231: 2 | K231: 1 | L231: 2 | M231: 3 | N231: 4 | O231: 5 | P231: 6 | Q231: 7 | R231: 8 | S231: 9 | T231: SDN-1 PANTAI | V231: SDN-3 MANDOMAI | AB231: 1
B232: SDN-2 ANJIR KALAMPAN | C232: 9 | D232: 8 | E232: 7 | F232: 6 | G232: 5 | H232: 4 | I232: 3 | J232: 2 | K232: 1 | L232: 2 | M232: 3 | N232: 4 | O232: 5 | P232: 6 | Q232: 7 | R232: 8 | S232: 9 | T232: SDN-2 PANTAI | V232: SDN-4 MANDOMAI | AC232: 1
B233: SDN-2 ANJIR KALAMPAN | C233: 9 | D233: 8 | E233: 7 | F233: 6 | G233: 5 | H233: 4 | I233: 3 | J233: 2 | K233: 1 | L233: 2 | M233: 3 | N233: 4 | O233: 5 | P233: 6 | Q233: 7 | R233: 8 | S233: 9 | T233: SDN-1 BASUTA RAYA | V233: SDN-1 PANTAI | AD233: 1
B234: SDN-2 ANJIR KALAMPAN | C234: 9 | D234: 8 | E234: 7 | F234: 6 | G234: 5 | H234: 4 | I234: 3 | J234: 2 | K234: 1 | L234: 2 | M234: 3 | N234: 4 | O234: 5 | P234: 6 | Q234: 7 | R234: 8 | S234: 9 | T234: SDN-1 SEI PITUNG | V234: SDN-2 PANTAI | AE234: 1
B235: SDN-2 ANJIR KALAMPAN | C235: 9 | D235: 8 | E235: 7 | F235: 6 | G235: 5 | H235: 4 | I235: 3 | J235: 2 | K235: 1 | L235: 2 | M235: 3 | N235: 4 | O235: 5 | P235: 6 | Q235: 7 | R235: 8 | S235: 9 | T235: SDN-1 PENDA KATAPI | V235: SDN-1 BASUTA RAYA | AF235: 1
B236: SDN-2 ANJIR KALAMPAN | C236: 9 | D236: 8 | E236: 7 | F236: 6 | G236: 5 | H236: 4 | I236: 3 | J236: 2 | K236: 1 | L236: 2 | M236: 3 | N236: 4 | O236: 5 | P236: 6 | Q236: 7 | R236: 8 | S236: 9 | T236: SDN-1 SEI KAYU | V236: SDN-1 SEI PITUNG | AG236: 1
B237: SDN-2 ANJIR KALAMPAN | C237: 9 | D237: 8 | E237: 7 | F237: 6 | G237: 5 | H237: 4 | I237: 3 | J237: 2 | K237: 1 | L237: 2 | M237: 3 | N237: 4 | O237: 5 | P237: 6 | Q237: 7 | R237: 8 | S237: 9 | T237: SDN-2 SEI KAYU | V237: SDN-1 PENDA KATAPI | AH237: 1
B238: SDN-2 ANJIR KALAMPAN | C238: 9 | D238: 8 | E238: 7 | F238: 6 | G238: 5 | H238: 4 | I238: 3 | J238: 2 | K238: 1 | L238: 2 | M238: 3 | N238: 4 | O238: 5 | P238: 6 | Q238: 7 | R238: 8 | S238: 9 | T238: SDN-1 SEI DUSUN | V238: SDN-1 SEI KAYU | AI238: 1
B239: SDN-3 ANJIR KALAMPAN | C239: 9 | D239: 8 | E239: 7 | F239: 6 | G239: 5 | H239: 4 | I239: 3 | J239: 2 | K239: 1 | L239: 2 | M239: 3 | N239: 4 | O239: 5 | P239: 6 | Q239: 7 | R239: 8 | S239: 9 | T239: SDN-1 SAKA MANGKAHAI | V239: SDN-2 SEI KAYU | AJ239: 1
B240: SDN-3 ANJIR KALAMPAN | C240: 9 | D240: 8 | E240: 7 | F240: 6 | G240: 5 | H240: 4 | I240: 3 | J240: 2 | K240: 1 | L240: 2 | M240: 3 | N240: 4 | O240: 5 | P240: 6 | Q240: 7 | R240: 8 | S240: 9 | T240: SDN-2 SAKA MANGKAHAI | V240: SDN-1 SEI DUSUN | AK240: 1
B241: SDN-3 ANJIR KALAMPAN | C241: 9 | D241: 8 | E241: 7 | F241: 6 | G241: 5 | H241: 4 | I241: 3 | J241: 2 | K241: 1 | L241: 2 | M241: 3 | N241: 4 | O241: 5 | P241: 6 | Q241: 7 | R241: 8 | S241: 9 | T241: SDN-2 MANDOMAI
B242: SDN-3 ANJIR KALAMPAN | C242: 9 | D242: 8 | E242: 7 | F242: 6 | G242: 5 | H242: 4 | I242: 3 | J242: 2 | K242: 1 | L242: 2 | M242: 3 | N242: 4 | O242: 5 | P242: 6 | Q242: 7 | R242: 8 | S242: 9 | T242: SDN-3 MANDOMAI
B243: SDN-3 ANJIR KALAMPAN | C243: 9 | D243: 8 | E243: 7 | F243: 6 | G243: 5 | H243: 4 | I243: 3 | J243: 2 | K243: 1 | L243: 2 | M243: 3 | N243: 4 | O243: 5 | P243: 6 | Q243: 7 | R243: 8 | S243: 9 | T243: SDN-4 MANDOMAI
B244: SDN-3 ANJIR KALAMPAN | C244: 9 | D244: 8 | E244: 7 | F244: 6 | G244: 5 | H244: 4 | I244: 3 | J244: 2 | K244: 1 | L244: 2 | M244: 3 | N244: 4 | O244: 5 | P244: 6 | Q244: 7 | R244: 8 | S244: 9 | T244: SDN-1 PANTAI
B245: SDN-3 ANJIR KALAMPAN | C245: 9 | D245: 8 | E245: 7 | F245: 6 | G245: 5 | H245: 4 | I245: 3 | J245: 2 | K245: 1 | L245: 2 | M245: 3 | N245: 4 | O245: 5 | P245: 6 | Q245: 7 | R245: 8 | S245: 9 | T245: SDN-2 PANTAI
B246: SDN-3 ANJIR KALAMPAN | C246: 9 | D246: 8 | E246: 7 | F246: 6 | G246: 5 | H246: 4 | I246: 3 | J246: 2 | K246: 1 | L246: 2 | M246: 3 | N246: 4 | O246: 5 | P246: 6 | Q246: 7 | R246: 8 | S246: 9 | T246: SDN-1 BASUTA RAYA
B247: SDN-3 ANJIR KALAMPAN | C247: 9 | D247: 8 | E247: 7 | F247: 6 | G247: 5 | H247: 4 | I247: 3 | J247: 2 | K247: 1 | L247: 2 | M247: 3 | N247: 4 | O247: 5 | P247: 6 | Q247: 7 | R247: 8 | S247: 9 | T247: SDN-1 SEI PITUNG
B248: SDN-3 ANJIR KALAMPAN | C248: 9 | D248: 8 | E248: 7 | F248: 6 | G248: 5 | H248: 4 | I248: 3 | J248: 2 | K248: 1 | L248: 2 | M248: 3 | N248: 4 | O248: 5 | P248: 6 | Q248: 7 | R248: 8 | S248: 9 | T248: SDN-1 PENDA KATAPI
B249: SDN-3 ANJIR KALAMPAN | C249: 9 | D249: 8 | E249: 7 | F249: 6 | G249: 5 | H249: 4 | I249: 3 | J249: 2 | K249: 1 | L249: 2 | M249: 3 | N249: 4 | O249: 5 | P249: 6 | Q249: 7 | R249: 8 | S249: 9 | T249: SDN-1 SEI KAYU
B250: SDN-3 ANJIR KALAMPAN | C250: 9 | D250: 8 | E250: 7 | F250: 6 | G250: 5 | H250: 4 | I250: 3 | J250: 2 | K250: 1 | L250: 2 | M250: 3 | N250: 4 | O250: 5 | P250: 6 | Q250: 7 | R250: 8 | S250: 9 | T250: SDN-2 SEI KAYU
B251: SDN-3 ANJIR KALAMPAN | C251: 9 | D251: 8 | E251: 7 | F251: 6 | G251: 5 | H251: 4 | I251: 3 | J251: 2 | K251: 1 | L251: 2 | M251: 3 | N251: 4 | O251: 5 | P251: 6 | Q251: 7 | R251: 8 | S251: 9 | T251: SDN-1 SEI DUSUN
B252: SDN-1 SAKA MANGKAHAI | C252: 9 | D252: 8 | E252: 7 | F252: 6 | G252: 5 | H252: 4 | I252: 3 | J252: 2 | K252: 1 | L252: 2 | M252: 3 | N252: 4 | O252: 5 | P252: 6 | Q252: 7 | R252: 8 | S252: 9 | T252: SDN-2 SAKA MANGKAHAI
... B329: SDN-2 SEI KAYU | C329: 9 | D329: 8 | E329: 7 | F329: 6 | G329: 5 | H329: 4 | I329: 3 | J329: 2 | K329: 1 | L329: 2 | M329: 3 | N329: 4 | O329: 5 | P329: 6 | Q329: 7 | R329: 8 | S329: 9 | T329: SDN-1 SEI DUSUN
